variable_id,variable,field,split,group,n,seen_in_train
1,Subject expression / pro-drop,marker_family,train,agreement_recoverable_zero_subject,133,True
1,Subject expression / pro-drop,marker_family,train,overt_lexical_np_subject,133,True
1,Subject expression / pro-drop,marker_family,train,overt_pronoun_subject,134,True
1,Subject expression / pro-drop,marker_family,val,discourse_recoverable_zero_subject,50,False
1,Subject expression / pro-drop,marker_family,test,contrastive_context_zero_subject,27,False
1,Subject expression / pro-drop,marker_family,test,coordinated_clause_zero_subject,23,False
1,Subject expression / pro-drop,lexical_domain,train,community_services,71,True
1,Subject expression / pro-drop,lexical_domain,train,education,63,True
1,Subject expression / pro-drop,lexical_domain,train,engineering,69,True
1,Subject expression / pro-drop,lexical_domain,train,healthcare,63,True
1,Subject expression / pro-drop,lexical_domain,train,logistics,71,True
1,Subject expression / pro-drop,lexical_domain,train,workplace_operations,63,True
1,Subject expression / pro-drop,lexical_domain,val,agriculture,27,False
1,Subject expression / pro-drop,lexical_domain,val,finance,23,False
1,Subject expression / pro-drop,lexical_domain,test,legal,16,False
1,Subject expression / pro-drop,lexical_domain,test,public_administration,17,False
1,Subject expression / pro-drop,lexical_domain,test,scientific_research,17,False
2,basic_constituent_order,marker_family,train,canonical_sov_particle_marked_order,320,True
2,basic_constituent_order,marker_family,train,english_argument_order_control,80,True
2,basic_constituent_order,marker_family,val,japanese_scrambling_particle_preserved,50,False
2,basic_constituent_order,marker_family,test,adjunct_intervened_order_shift,25,False
2,basic_constituent_order,marker_family,test,object_fronting_role_preserved,25,False
2,basic_constituent_order,lexical_domain,train,community_services,66,True
2,basic_constituent_order,lexical_domain,train,education,67,True
2,basic_constituent_order,lexical_domain,train,engineering,67,True
2,basic_constituent_order,lexical_domain,train,healthcare,67,True
2,basic_constituent_order,lexical_domain,train,logistics,67,True
2,basic_constituent_order,lexical_domain,train,workplace_operations,66,True
2,basic_constituent_order,lexical_domain,val,agriculture,25,False
2,basic_constituent_order,lexical_domain,val,finance,25,False
2,basic_constituent_order,lexical_domain,test,legal,17,False
2,basic_constituent_order,lexical_domain,test,public_administration,16,False
2,basic_constituent_order,lexical_domain,test,scientific_research,17,False
3,nominal_modifier_order,marker_family,train,adjective_noun_order,134,True
3,nominal_modifier_order,marker_family,train,noun_adjective_order,133,True
3,nominal_modifier_order,marker_family,train,prenominal_possessive,133,True
3,nominal_modifier_order,marker_family,val,postnominal_de_modifier,50,False
3,nominal_modifier_order,marker_family,test,relative_clause_modifier_order,25,False
3,nominal_modifier_order,marker_family,test,stacked_modifier_reordering,25,False
3,nominal_modifier_order,lexical_domain,train,community_services,66,True
3,nominal_modifier_order,lexical_domain,train,education,66,True
3,nominal_modifier_order,lexical_domain,train,engineering,67,True
3,nominal_modifier_order,lexical_domain,train,healthcare,69,True
3,nominal_modifier_order,lexical_domain,train,logistics,66,True
3,nominal_modifier_order,lexical_domain,train,workplace_operations,66,True
3,nominal_modifier_order,lexical_domain,val,agriculture,25,False
3,nominal_modifier_order,lexical_domain,val,finance,25,False
3,nominal_modifier_order,lexical_domain,test,legal,18,False
3,nominal_modifier_order,lexical_domain,test,public_administration,16,False
3,nominal_modifier_order,lexical_domain,test,scientific_research,16,False
4,case_marking,marker_family,train,canonical_case_order,148,True
4,case_marking,marker_family,train,nominative_accusative_case,126,True
4,case_marking,marker_family,train,nominative_dative_case,126,True
4,case_marking,marker_family,val,case_preserving_scramble,50,False
4,case_marking,marker_family,test,oblique_argument_case_marking,25,False
4,case_marking,marker_family,test,role_reversal_case_change,25,False
4,case_marking,lexical_domain,train,community_services,36,True
4,case_marking,lexical_domain,train,education,73,True
4,case_marking,lexical_domain,train,engineering,73,True
4,case_marking,lexical_domain,train,healthcare,73,True
4,case_marking,lexical_domain,train,logistics,73,True
4,case_marking,lexical_domain,train,workplace_operations,72,True
4,case_marking,lexical_domain,val,agriculture,22,False
4,case_marking,lexical_domain,val,finance,28,False
4,case_marking,lexical_domain,test,legal,22,False
4,case_marking,lexical_domain,test,public_administration,14,False
4,case_marking,lexical_domain,test,scientific_research,14,False
5,morphosyntactic_alignment,marker_family,train,accusative_object_case,200,True
5,morphosyntactic_alignment,marker_family,train,intransitive_subject_frame,80,True
5,morphosyntactic_alignment,marker_family,train,nominative_subject_case,120,True
5,morphosyntactic_alignment,marker_family,val,transitive_agent_patient_alignment,50,False
5,morphosyntactic_alignment,marker_family,test,patient_like_subject_control,20,False
5,morphosyntactic_alignment,marker_family,test,role_swap_case_alignment,30,False
5,morphosyntactic_alignment,lexical_domain,train,community_services,66,True
5,morphosyntactic_alignment,lexical_domain,train,education,67,True
5,morphosyntactic_alignment,lexical_domain,train,engineering,67,True
5,morphosyntactic_alignment,lexical_domain,train,healthcare,67,True
5,morphosyntactic_alignment,lexical_domain,train,logistics,67,True
5,morphosyntactic_alignment,lexical_domain,train,workplace_operations,66,True
5,morphosyntactic_alignment,lexical_domain,val,agriculture,25,False
5,morphosyntactic_alignment,lexical_domain,val,finance,25,False
5,morphosyntactic_alignment,lexical_domain,test,legal,17,False
5,morphosyntactic_alignment,lexical_domain,test,public_administration,17,False
5,morphosyntactic_alignment,lexical_domain,test,scientific_research,16,False
6,transitivity_valency,marker_family,train,ditransitive_frame,133,True
6,transitivity_valency,marker_family,train,intransitive_frame,134,True
6,transitivity_valency,marker_family,train,transitive_frame,133,True
6,transitivity_valency,marker_family,val,beneficiary_frame,25,False
6,transitivity_valency,marker_family,val,experiencer_frame,25,False
6,transitivity_valency,marker_family,test,caused_motion_frame,25,False
6,transitivity_valency,marker_family,test,instrument_frame,25,False
6,transitivity_valency,lexical_domain,train,community_services,48,True
6,transitivity_valency,lexical_domain,train,education,72,True
6,transitivity_valency,lexical_domain,train,engineering,72,True
6,transitivity_valency,lexical_domain,train,healthcare,72,True
6,transitivity_valency,lexical_domain,train,logistics,72,True
6,transitivity_valency,lexical_domain,train,workplace_operations,64,True
6,transitivity_valency,lexical_domain,val,agriculture,18,False
6,transitivity_valency,lexical_domain,val,finance,32,False
6,transitivity_valency,lexical_domain,test,legal,18,False
6,transitivity_valency,lexical_domain,test,public_administration,16,False
6,transitivity_valency,lexical_domain,test,scientific_research,16,False
7,voice_and_agent_prominence,marker_family,train,active_voice,60,True
7,voice_and_agent_prominence,marker_family,train,agentless_passive,170,True
7,voice_and_agent_prominence,marker_family,train,by_phrase_passive,170,True
7,voice_and_agent_prominence,marker_family,val,patient_prominent_passive,50,False
7,voice_and_agent_prominence,marker_family,test,impersonal_voice,25,False
7,voice_and_agent_prominence,marker_family,test,middle_like_voice,25,False
7,voice_and_agent_prominence,lexical_domain,train,community_services,66,True
7,voice_and_agent_prominence,lexical_domain,train,education,67,True
7,voice_and_agent_prominence,lexical_domain,train,engineering,67,True
7,voice_and_agent_prominence,lexical_domain,train,healthcare,67,True
7,voice_and_agent_prominence,lexical_domain,train,logistics,67,True
7,voice_and_agent_prominence,lexical_domain,train,workplace_operations,66,True
7,voice_and_agent_prominence,lexical_domain,val,agriculture,25,False
7,voice_and_agent_prominence,lexical_domain,val,finance,25,False
7,voice_and_agent_prominence,lexical_domain,test,legal,18,False
7,voice_and_agent_prominence,lexical_domain,test,public_administration,16,False
7,voice_and_agent_prominence,lexical_domain,test,scientific_research,16,False
8,causativity_and_valency_change,marker_family,train,english_periphrastic_have_cause,60,True
8,causativity_and_valency_change,marker_family,train,english_periphrastic_make_cause,140,True
8,causativity_and_valency_change,marker_family,train,turkish_morphological_causative,200,True
8,causativity_and_valency_change,marker_family,val,indirect_causative,24,False
8,causativity_and_valency_change,marker_family,val,permissive_causative,26,False
8,causativity_and_valency_change,marker_family,test,causer_added_morphological,25,False
8,causativity_and_valency_change,marker_family,test,coercive_causative,25,False
8,causativity_and_valency_change,lexical_domain,train,community_services,42,True
8,causativity_and_valency_change,lexical_domain,train,education,68,True
8,causativity_and_valency_change,lexical_domain,train,engineering,74,True
8,causativity_and_valency_change,lexical_domain,train,healthcare,84,True
8,causativity_and_valency_change,lexical_domain,train,logistics,54,True
8,causativity_and_valency_change,lexical_domain,train,workplace_operations,78,True
8,causativity_and_valency_change,lexical_domain,val,agriculture,23,False
8,causativity_and_valency_change,lexical_domain,val,finance,27,False
8,causativity_and_valency_change,lexical_domain,test,legal,18,False
8,causativity_and_valency_change,lexical_domain,test,public_administration,15,False
8,causativity_and_valency_change,lexical_domain,test,scientific_research,17,False
9,analytic_vs_synthetic_encoding,marker_family,train,english_function_word_relation,100,True
9,analytic_vs_synthetic_encoding,marker_family,train,english_prepositional_relation,100,True
9,analytic_vs_synthetic_encoding,marker_family,train,turkish_bound_case_relation,200,True
9,analytic_vs_synthetic_encoding,marker_family,val,turkish_possessive_case_stack,50,False
9,analytic_vs_synthetic_encoding,marker_family,test,analytic_to_synthetic_parallel,25,False
9,analytic_vs_synthetic_encoding,marker_family,test,turkish_multi_suffix_compression,25,False
9,analytic_vs_synthetic_encoding,lexical_domain,train,community_services,66,True
9,analytic_vs_synthetic_encoding,lexical_domain,train,education,67,True
9,analytic_vs_synthetic_encoding,lexical_domain,train,engineering,67,True
9,analytic_vs_synthetic_encoding,lexical_domain,train,healthcare,67,True
9,analytic_vs_synthetic_encoding,lexical_domain,train,logistics,67,True
9,analytic_vs_synthetic_encoding,lexical_domain,train,workplace_operations,66,True
9,analytic_vs_synthetic_encoding,lexical_domain,val,agriculture,25,False
9,analytic_vs_synthetic_encoding,lexical_domain,val,finance,25,False
9,analytic_vs_synthetic_encoding,lexical_domain,test,legal,17,False
9,analytic_vs_synthetic_encoding,lexical_domain,test,public_administration,16,False
9,analytic_vs_synthetic_encoding,lexical_domain,test,scientific_research,17,False
10,morphological_segmentation_type,marker_family,train,hyphenated_morpheme_chain,120,True
10,morphological_segmentation_type,marker_family,train,suffix_stack_surface,160,True
10,morphological_segmentation_type,marker_family,train,unsegmented_agglutinated_form,120,True
10,morphological_segmentation_type,marker_family,val,gloss_like_separated_morphemes,50,False
10,morphological_segmentation_type,marker_family,test,derivational_inflectional_stack,25,False
10,morphological_segmentation_type,marker_family,test,possessive_number_case_stack,25,False
10,morphological_segmentation_type,lexical_domain,train,community_services,66,True
10,morphological_segmentation_type,lexical_domain,train,education,67,True
10,morphological_segmentation_type,lexical_domain,train,engineering,67,True
10,morphological_segmentation_type,lexical_domain,train,healthcare,67,True
10,morphological_segmentation_type,lexical_domain,train,logistics,67,True
10,morphological_segmentation_type,lexical_domain,train,workplace_operations,66,True
10,morphological_segmentation_type,lexical_domain,val,agriculture,25,False
10,morphological_segmentation_type,lexical_domain,val,finance,25,False
10,morphological_segmentation_type,lexical_domain,test,legal,17,False
10,morphological_segmentation_type,lexical_domain,test,public_administration,16,False
10,morphological_segmentation_type,lexical_domain,test,scientific_research,17,False
11,agreement_indexing_density,marker_family,train,adjective_noun_agreement,133,True
11,agreement_indexing_density,marker_family,train,determiner_noun_gender_agreement,133,True
11,agreement_indexing_density,marker_family,train,subject_verb_number_agreement,134,True
11,agreement_indexing_density,marker_family,val,determiner_noun_adjective_stack,50,False
11,agreement_indexing_density,marker_family,test,agreement_shift_without_lexical_change,25,False
11,agreement_indexing_density,marker_family,test,verb_person_indexing,25,False
11,agreement_indexing_density,lexical_domain,train,community_services,66,True
11,agreement_indexing_density,lexical_domain,train,education,66,True
11,agreement_indexing_density,lexical_domain,train,engineering,67,True
11,agreement_indexing_density,lexical_domain,train,healthcare,69,True
11,agreement_indexing_density,lexical_domain,train,logistics,66,True
11,agreement_indexing_density,lexical_domain,train,workplace_operations,66,True
11,agreement_indexing_density,lexical_domain,val,agriculture,25,False
11,agreement_indexing_density,lexical_domain,val,finance,25,False
11,agreement_indexing_density,lexical_domain,test,legal,18,False
11,agreement_indexing_density,lexical_domain,test,public_administration,16,False
11,agreement_indexing_density,lexical_domain,test,scientific_research,16,False
12,optionality_vs_obligatoriness_of_marking,marker_family,train,aspect_marker_optional,200,True
12,optionality_vs_obligatoriness_of_marking,marker_family,train,bare_nominal_context,66,True
12,optionality_vs_obligatoriness_of_marking,marker_family,train,temporal_adverb_optional,134,True
12,optionality_vs_obligatoriness_of_marking,marker_family,val,classifier_number_optional,50,False
12,optionality_vs_obligatoriness_of_marking,marker_family,test,context_only_temporal_inference,25,False
12,optionality_vs_obligatoriness_of_marking,marker_family,test,marker_absence_with_context,25,False
12,optionality_vs_obligatoriness_of_marking,lexical_domain,train,community_services,66,True
12,optionality_vs_obligatoriness_of_marking,lexical_domain,train,education,67,True
12,optionality_vs_obligatoriness_of_marking,lexical_domain,train,engineering,67,True
12,optionality_vs_obligatoriness_of_marking,lexical_domain,train,healthcare,67,True
12,optionality_vs_obligatoriness_of_marking,lexical_domain,train,logistics,67,True
12,optionality_vs_obligatoriness_of_marking,lexical_domain,train,workplace_operations,66,True
12,optionality_vs_obligatoriness_of_marking,lexical_domain,val,agriculture,25,False
12,optionality_vs_obligatoriness_of_marking,lexical_domain,val,finance,25,False
12,optionality_vs_obligatoriness_of_marking,lexical_domain,test,legal,17,False
12,optionality_vs_obligatoriness_of_marking,lexical_domain,test,public_administration,16,False
12,optionality_vs_obligatoriness_of_marking,lexical_domain,test,scientific_research,17,False
13,redundancy_cumulative_exponence,marker_family,train,multi_site_agreement,166,True
13,redundancy_cumulative_exponence,marker_family,train,noun_adjective_case_agreement,167,True
13,redundancy_cumulative_exponence,marker_family,train,subject_verb_agreement,67,True
13,redundancy_cumulative_exponence,marker_family,val,cumulative_case_gender_number_bundle,50,False
13,redundancy_cumulative_exponence,marker_family,test,agreement_bundle_shift,25,False
13,redundancy_cumulative_exponence,marker_family,test,redundant_stack_reduction,25,False
13,redundancy_cumulative_exponence,lexical_domain,train,community_services,66,True
13,redundancy_cumulative_exponence,lexical_domain,train,education,67,True
13,redundancy_cumulative_exponence,lexical_domain,train,engineering,67,True
13,redundancy_cumulative_exponence,lexical_domain,train,healthcare,67,True
13,redundancy_cumulative_exponence,lexical_domain,train,logistics,67,True
13,redundancy_cumulative_exponence,lexical_domain,train,workplace_operations,66,True
13,redundancy_cumulative_exponence,lexical_domain,val,agriculture,25,False
13,redundancy_cumulative_exponence,lexical_domain,val,finance,25,False
13,redundancy_cumulative_exponence,lexical_domain,test,legal,17,False
13,redundancy_cumulative_exponence,lexical_domain,test,public_administration,16,False
13,redundancy_cumulative_exponence,lexical_domain,test,scientific_research,17,False
14,definiteness_and_specificity,marker_family,train,bare_plural_generic,133,True
14,definiteness_and_specificity,marker_family,train,definite_article,134,True
14,definiteness_and_specificity,marker_family,train,indefinite_article,133,True
14,definiteness_and_specificity,marker_family,val,familiar_reference_marker,50,False
14,definiteness_and_specificity,marker_family,test,specificity_context_marker,17,False
14,definiteness_and_specificity,marker_family,test,unique_reference_description,33,False
14,definiteness_and_specificity,lexical_domain,train,community_services,66,True
14,definiteness_and_specificity,lexical_domain,train,education,67,True
14,definiteness_and_specificity,lexical_domain,train,engineering,66,True
14,definiteness_and_specificity,lexical_domain,train,healthcare,68,True
14,definiteness_and_specificity,lexical_domain,train,logistics,66,True
14,definiteness_and_specificity,lexical_domain,train,workplace_operations,67,True
14,definiteness_and_specificity,lexical_domain,val,agriculture,25,False
14,definiteness_and_specificity,lexical_domain,val,finance,25,False
14,definiteness_and_specificity,lexical_domain,test,legal,17,False
14,definiteness_and_specificity,lexical_domain,test,public_administration,17,False
14,definiteness_and_specificity,lexical_domain,test,scientific_research,16,False
15,number_marking,marker_family,train,arabic_plural_agreement,166,True
15,number_marking,marker_family,train,arabic_singular_dual,167,True
15,number_marking,marker_family,train,english_singular_plural,67,True
15,number_marking,marker_family,val,cardinal_number_agreement,50,False
15,number_marking,marker_family,test,collective_singulative_control,29,False
15,number_marking,marker_family,test,dual_modifier_agreement,21,False
15,number_marking,lexical_domain,train,community_services,66,True
15,number_marking,lexical_domain,train,education,66,True
15,number_marking,lexical_domain,train,engineering,68,True
15,number_marking,lexical_domain,train,healthcare,66,True
15,number_marking,lexical_domain,train,logistics,67,True
15,number_marking,lexical_domain,train,workplace_operations,67,True
15,number_marking,lexical_domain,val,agriculture,25,False
15,number_marking,lexical_domain,val,finance,25,False
15,number_marking,lexical_domain,test,legal,17,False
15,number_marking,lexical_domain,test,public_administration,16,False
15,number_marking,lexical_domain,test,scientific_research,17,False
16,gender_noun_class,marker_family,train,determiner_gender,133,True
16,gender_noun_class,marker_family,train,feminine_agreement,133,True
16,gender_noun_class,marker_family,train,masculine_agreement,134,True
16,gender_noun_class,marker_family,val,adjective_gender_shift,50,False
16,gender_noun_class,marker_family,test,gender_number_interaction,25,False
16,gender_noun_class,marker_family,test,inanimate_gender_agreement,25,False
16,gender_noun_class,lexical_domain,train,community_services,66,True
16,gender_noun_class,lexical_domain,train,education,67,True
16,gender_noun_class,lexical_domain,train,engineering,67,True
16,gender_noun_class,lexical_domain,train,healthcare,67,True
16,gender_noun_class,lexical_domain,train,logistics,67,True
16,gender_noun_class,lexical_domain,train,workplace_operations,66,True
16,gender_noun_class,lexical_domain,val,agriculture,25,False
16,gender_noun_class,lexical_domain,val,finance,25,False
16,gender_noun_class,lexical_domain,test,legal,17,False
16,gender_noun_class,lexical_domain,test,public_administration,17,False
16,gender_noun_class,lexical_domain,test,scientific_research,16,False
17,animacy_and_humanness,marker_family,train,animal_patient_lexical_set,133,True
17,animacy_and_humanness,marker_family,train,human_agent_lexical_set,133,True
17,animacy_and_humanness,marker_family,train,inanimate_object_lexical_set,134,True
17,animacy_and_humanness,marker_family,val,sentient_living_contrast,50,False
17,animacy_and_humanness,marker_family,test,artifact_agent_control,25,False
17,animacy_and_humanness,marker_family,test,living_nonliving_boundary,25,False
17,animacy_and_humanness,lexical_domain,train,community_services,66,True
17,animacy_and_humanness,lexical_domain,train,education,67,True
17,animacy_and_humanness,lexical_domain,train,engineering,67,True
17,animacy_and_humanness,lexical_domain,train,healthcare,67,True
17,animacy_and_humanness,lexical_domain,train,logistics,67,True
17,animacy_and_humanness,lexical_domain,train,workplace_operations,66,True
17,animacy_and_humanness,lexical_domain,val,agriculture,25,False
17,animacy_and_humanness,lexical_domain,val,finance,25,False
17,animacy_and_humanness,lexical_domain,test,legal,17,False
17,animacy_and_humanness,lexical_domain,test,public_administration,16,False
17,animacy_and_humanness,lexical_domain,test,scientific_research,17,False
18,person_marking_and_person_hierarchy,marker_family,train,english_person_pronoun,143,True
18,person_marking_and_person_hierarchy,marker_family,train,singular_person_marking,57,True
18,person_marking_and_person_hierarchy,marker_family,train,spanish_verb_person_indexing,200,True
18,person_marking_and_person_hierarchy,marker_family,val,plural_person_marking,50,False
18,person_marking_and_person_hierarchy,marker_family,test,addressee_reference_shift,20,False
18,person_marking_and_person_hierarchy,marker_family,test,pronounless_verb_indexing,30,False
18,person_marking_and_person_hierarchy,lexical_domain,train,community_services,66,True
18,person_marking_and_person_hierarchy,lexical_domain,train,education,67,True
18,person_marking_and_person_hierarchy,lexical_domain,train,engineering,67,True
18,person_marking_and_person_hierarchy,lexical_domain,train,healthcare,67,True
18,person_marking_and_person_hierarchy,lexical_domain,train,logistics,67,True
18,person_marking_and_person_hierarchy,lexical_domain,train,workplace_operations,66,True
18,person_marking_and_person_hierarchy,lexical_domain,val,agriculture,25,False
18,person_marking_and_person_hierarchy,lexical_domain,val,finance,25,False
18,person_marking_and_person_hierarchy,lexical_domain,test,legal,17,False
18,person_marking_and_person_hierarchy,lexical_domain,test,public_administration,16,False
18,person_marking_and_person_hierarchy,lexical_domain,test,scientific_research,17,False
19,inclusive_exclusive_distinction,marker_family,train,exclusive_lexical_phrase,133,True
19,inclusive_exclusive_distinction,marker_family,train,inclusive_lexical_phrase,134,True
19,inclusive_exclusive_distinction,marker_family,train,zanmen_women_contrast,133,True
19,inclusive_exclusive_distinction,marker_family,val,addressee_included_context,50,False
19,inclusive_exclusive_distinction,marker_family,test,explicit_addressee_exclusion,25,False
19,inclusive_exclusive_distinction,marker_family,test,group_membership_contextual_we,25,False
19,inclusive_exclusive_distinction,lexical_domain,train,community_services,66,True
19,inclusive_exclusive_distinction,lexical_domain,train,education,67,True
19,inclusive_exclusive_distinction,lexical_domain,train,engineering,67,True
19,inclusive_exclusive_distinction,lexical_domain,train,healthcare,67,True
19,inclusive_exclusive_distinction,lexical_domain,train,logistics,67,True
19,inclusive_exclusive_distinction,lexical_domain,train,workplace_operations,66,True
19,inclusive_exclusive_distinction,lexical_domain,val,agriculture,25,False
19,inclusive_exclusive_distinction,lexical_domain,val,finance,25,False
19,inclusive_exclusive_distinction,lexical_domain,test,legal,17,False
19,inclusive_exclusive_distinction,lexical_domain,test,public_administration,16,False
19,inclusive_exclusive_distinction,lexical_domain,test,scientific_research,17,False
20,pronoun_richness_and_reduction,marker_family,train,english_overt_pronoun,60,True
20,pronoun_richness_and_reduction,marker_family,train,japanese_zero_subject,220,True
20,pronoun_richness_and_reduction,marker_family,train,repeated_pronoun_reduction,120,True
20,pronoun_richness_and_reduction,marker_family,val,discourse_recoverable_reference,50,False
20,pronoun_richness_and_reduction,marker_family,test,cross_sentence_pronoun_omission,41,False
20,pronoun_richness_and_reduction,marker_family,test,zero_object_reference,9,False
20,pronoun_richness_and_reduction,lexical_domain,train,community_services,66,True
20,pronoun_richness_and_reduction,lexical_domain,train,education,67,True
20,pronoun_richness_and_reduction,lexical_domain,train,engineering,67,True
20,pronoun_richness_and_reduction,lexical_domain,train,healthcare,67,True
20,pronoun_richness_and_reduction,lexical_domain,train,logistics,67,True
20,pronoun_richness_and_reduction,lexical_domain,train,workplace_operations,66,True
20,pronoun_richness_and_reduction,lexical_domain,val,agriculture,25,False
20,pronoun_richness_and_reduction,lexical_domain,val,finance,25,False
20,pronoun_richness_and_reduction,lexical_domain,test,legal,16,False
20,pronoun_richness_and_reduction,lexical_domain,test,public_administration,17,False
20,pronoun_richness_and_reduction,lexical_domain,test,scientific_research,17,False
21,possession_and_alienability,marker_family,train,body_part_possession,109,True
21,possession_and_alienability,marker_family,train,kinship_possession,92,True
21,possession_and_alienability,marker_family,train,ownership_possession,199,True
21,possession_and_alienability,marker_family,val,temporary_possession,50,False
21,possession_and_alienability,marker_family,test,associated_relation_low_control,24,False
21,possession_and_alienability,marker_family,test,legal_ownership_relation,26,False
21,possession_and_alienability,lexical_domain,train,community_services,66,True
21,possession_and_alienability,lexical_domain,train,education,67,True
21,possession_and_alienability,lexical_domain,train,engineering,67,True
21,possession_and_alienability,lexical_domain,train,healthcare,67,True
21,possession_and_alienability,lexical_domain,train,logistics,67,True
21,possession_and_alienability,lexical_domain,train,workplace_operations,66,True
21,possession_and_alienability,lexical_domain,val,agriculture,25,False
21,possession_and_alienability,lexical_domain,val,finance,25,False
21,possession_and_alienability,lexical_domain,test,legal,17,False
21,possession_and_alienability,lexical_domain,test,public_administration,16,False
21,possession_and_alienability,lexical_domain,test,scientific_research,17,False
22,tense_prominence,marker_family,train,english_morphological_tense,120,True
22,tense_prominence,marker_family,train,explicit_time_anchor,200,True
22,tense_prominence,marker_family,train,mandarin_temporal_adverb,80,True
22,tense_prominence,marker_family,val,contextual_time_anchor,50,False
22,tense_prominence,marker_family,test,discourse_time_inference,30,False
22,tense_prominence,marker_family,test,unmarked_event_time_reference,20,False
22,tense_prominence,lexical_domain,train,community_services,66,True
22,tense_prominence,lexical_domain,train,education,66,True
22,tense_prominence,lexical_domain,train,engineering,69,True
22,tense_prominence,lexical_domain,train,healthcare,67,True
22,tense_prominence,lexical_domain,train,logistics,65,True
22,tense_prominence,lexical_domain,train,workplace_operations,67,True
22,tense_prominence,lexical_domain,val,agriculture,26,False
22,tense_prominence,lexical_domain,val,finance,24,False
22,tense_prominence,lexical_domain,test,legal,16,False
22,tense_prominence,lexical_domain,test,public_administration,17,False
22,tense_prominence,lexical_domain,test,scientific_research,17,False
23,aspect_and_event_structure,marker_family,train,english_progressive,200,True
23,aspect_and_event_structure,marker_family,train,russian_imperfective,100,True
23,aspect_and_event_structure,marker_family,train,russian_perfective,100,True
23,aspect_and_event_structure,marker_family,val,habitual_aspect,26,False
23,aspect_and_event_structure,marker_family,val,iterative_aspect,24,False
23,aspect_and_event_structure,marker_family,test,completive_ongoing_contrast,26,False
23,aspect_and_event_structure,marker_family,test,punctual_event_structure,24,False
23,aspect_and_event_structure,lexical_domain,train,community_services,66,True
23,aspect_and_event_structure,lexical_domain,train,education,67,True
23,aspect_and_event_structure,lexical_domain,train,engineering,67,True
23,aspect_and_event_structure,lexical_domain,train,healthcare,67,True
23,aspect_and_event_structure,lexical_domain,train,logistics,67,True
23,aspect_and_event_structure,lexical_domain,train,workplace_operations,66,True
23,aspect_and_event_structure,lexical_domain,val,agriculture,25,False
23,aspect_and_event_structure,lexical_domain,val,finance,25,False
23,aspect_and_event_structure,lexical_domain,test,legal,17,False
23,aspect_and_event_structure,lexical_domain,test,public_administration,16,False
23,aspect_and_event_structure,lexical_domain,test,scientific_research,17,False
24,modality_and_mood,marker_family,train,imperative_mood,57,True
24,modality_and_mood,marker_family,train,modal_auxiliary,171,True
24,modality_and_mood,marker_family,train,modal_periphrastic,172,True
24,modality_and_mood,marker_family,val,modal_adverbial,50,False
24,modality_and_mood,marker_family,test,impersonal_modality,25,False
24,modality_and_mood,marker_family,test,nominalized_modality,25,False
24,modality_and_mood,lexical_domain,train,community_services,66,True
24,modality_and_mood,lexical_domain,train,education,67,True
24,modality_and_mood,lexical_domain,train,engineering,67,True
24,modality_and_mood,lexical_domain,train,healthcare,67,True
24,modality_and_mood,lexical_domain,train,logistics,67,True
24,modality_and_mood,lexical_domain,train,workplace_operations,66,True
24,modality_and_mood,lexical_domain,val,agriculture,25,False
24,modality_and_mood,lexical_domain,val,finance,25,False
24,modality_and_mood,lexical_domain,test,legal,17,False
24,modality_and_mood,lexical_domain,test,public_administration,16,False
24,modality_and_mood,lexical_domain,test,scientific_research,17,False
25,epistemic_modality,marker_family,train,certainty_adverb,100,True
25,epistemic_modality,marker_family,train,possibility_adverb,200,True
25,epistemic_modality,marker_family,train,probability_adverb,100,True
25,epistemic_modality,marker_family,val,hedged_claim_phrase,50,False
25,epistemic_modality,marker_family,test,evidential_like_apparent_marker,25,False
25,epistemic_modality,marker_family,test,low_confidence_periphrasis,25,False
25,epistemic_modality,lexical_domain,train,community_services,66,True
25,epistemic_modality,lexical_domain,train,education,67,True
25,epistemic_modality,lexical_domain,train,engineering,67,True
25,epistemic_modality,lexical_domain,train,healthcare,67,True
25,epistemic_modality,lexical_domain,train,logistics,67,True
25,epistemic_modality,lexical_domain,train,workplace_operations,66,True
25,epistemic_modality,lexical_domain,val,agriculture,25,False
25,epistemic_modality,lexical_domain,val,finance,25,False
25,epistemic_modality,lexical_domain,test,legal,17,False
25,epistemic_modality,lexical_domain,test,public_administration,16,False
25,epistemic_modality,lexical_domain,test,scientific_research,17,False
26,evidentiality,marker_family,train,english_reported_source_phrase,80,True
26,evidentiality,marker_family,train,turkish_direct_past,160,True
26,evidentiality,marker_family,train,turkish_reported_evidential,160,True
26,evidentiality,marker_family,val,turkish_inferred_evidential,50,False
26,evidentiality,marker_family,test,hearsay_source_construction,25,False
26,evidentiality,marker_family,test,inference_source_construction,25,False
26,evidentiality,lexical_domain,train,community_services,66,True
26,evidentiality,lexical_domain,train,education,67,True
26,evidentiality,lexical_domain,train,engineering,67,True
26,evidentiality,lexical_domain,train,healthcare,67,True
26,evidentiality,lexical_domain,train,logistics,67,True
26,evidentiality,lexical_domain,train,workplace_operations,66,True
26,evidentiality,lexical_domain,val,agriculture,25,False
26,evidentiality,lexical_domain,val,finance,25,False
26,evidentiality,lexical_domain,test,legal,17,False
26,evidentiality,lexical_domain,test,public_administration,16,False
26,evidentiality,lexical_domain,test,scientific_research,17,False
27,mirativity_stance_and_affect_marking,marker_family,train,sentence_final_affect,133,True
27,mirativity_stance_and_affect_marking,marker_family,train,surprise_adverbial,134,True
27,mirativity_stance_and_affect_marking,marker_family,train,unexpectedness_marker,133,True
27,mirativity_stance_and_affect_marking,marker_family,val,evaluative_stance_phrase,50,False
27,mirativity_stance_and_affect_marking,marker_family,test,mirative_reaction_construction,26,False
27,mirativity_stance_and_affect_marking,marker_family,test,speaker_attitude_particle,24,False
27,mirativity_stance_and_affect_marking,lexical_domain,train,community_services,66,True
27,mirativity_stance_and_affect_marking,lexical_domain,train,education,67,True
27,mirativity_stance_and_affect_marking,lexical_domain,train,engineering,67,True
27,mirativity_stance_and_affect_marking,lexical_domain,train,healthcare,67,True
27,mirativity_stance_and_affect_marking,lexical_domain,train,logistics,67,True
27,mirativity_stance_and_affect_marking,lexical_domain,train,workplace_operations,66,True
27,mirativity_stance_and_affect_marking,lexical_domain,val,agriculture,25,False
27,mirativity_stance_and_affect_marking,lexical_domain,val,finance,25,False
27,mirativity_stance_and_affect_marking,lexical_domain,test,legal,17,False
27,mirativity_stance_and_affect_marking,lexical_domain,test,public_administration,16,False
27,mirativity_stance_and_affect_marking,lexical_domain,test,scientific_research,17,False
28,negation_and_polarity_structure,marker_family,train,denial_phrase,133,True
28,negation_and_polarity_structure,marker_family,train,never_negation,67,True
28,negation_and_polarity_structure,marker_family,train,simple_not_negation,200,True
28,negation_and_polarity_structure,marker_family,val,no_longer_negation,50,False
28,negation_and_polarity_structure,marker_family,test,failed_to_negative_predicate,16,False
28,negation_and_polarity_structure,marker_family,test,neither_nor_construction,17,False
28,negation_and_polarity_structure,marker_family,test,without_negative_construction,17,False
28,negation_and_polarity_structure,lexical_domain,train,community_services,66,True
28,negation_and_polarity_structure,lexical_domain,train,education,67,True
28,negation_and_polarity_structure,lexical_domain,train,engineering,67,True
28,negation_and_polarity_structure,lexical_domain,train,healthcare,67,True
28,negation_and_polarity_structure,lexical_domain,train,logistics,67,True
28,negation_and_polarity_structure,lexical_domain,train,workplace_operations,66,True
28,negation_and_polarity_structure,lexical_domain,val,agriculture,25,False
28,negation_and_polarity_structure,lexical_domain,val,finance,25,False
28,negation_and_polarity_structure,lexical_domain,test,legal,17,False
28,negation_and_polarity_structure,lexical_domain,test,public_administration,17,False
28,negation_and_polarity_structure,lexical_domain,test,scientific_research,16,False
29,quantifier_scope_and_distributivity,marker_family,train,existential_quantifier,66,True
29,quantifier_scope_and_distributivity,marker_family,train,negative_quantifier,67,True
29,quantifier_scope_and_distributivity,marker_family,train,universal_quantifier,267,True
29,quantifier_scope_and_distributivity,marker_family,val,distributive_each_marker,50,False
29,quantifier_scope_and_distributivity,marker_family,test,collective_distributive_paraphrase,8,False
29,quantifier_scope_and_distributivity,marker_family,test,scope_reordering_quantifier,42,False
29,quantifier_scope_and_distributivity,lexical_domain,train,community_services,66,True
29,quantifier_scope_and_distributivity,lexical_domain,train,education,67,True
29,quantifier_scope_and_distributivity,lexical_domain,train,engineering,67,True
29,quantifier_scope_and_distributivity,lexical_domain,train,healthcare,67,True
29,quantifier_scope_and_distributivity,lexical_domain,train,logistics,67,True
29,quantifier_scope_and_distributivity,lexical_domain,train,workplace_operations,66,True
29,quantifier_scope_and_distributivity,lexical_domain,val,agriculture,25,False
29,quantifier_scope_and_distributivity,lexical_domain,val,finance,25,False
29,quantifier_scope_and_distributivity,lexical_domain,test,legal,17,False
29,quantifier_scope_and_distributivity,lexical_domain,test,public_administration,17,False
29,quantifier_scope_and_distributivity,lexical_domain,test,scientific_research,16,False
30,conditional_and_counterfactual_marking,marker_family,train,counterfactual_if_had,201,True
30,conditional_and_counterfactual_marking,marker_family,train,hypothetical_modal_conditional,115,True
30,conditional_and_counterfactual_marking,marker_family,train,if_then_conditional,84,True
30,conditional_and_counterfactual_marking,marker_family,val,concessive_conditional,50,False
30,conditional_and_counterfactual_marking,marker_family,test,sufficient_condition_paraphrase,25,False
30,conditional_and_counterfactual_marking,marker_family,test,unmarked_dependency_conditional,25,False
30,conditional_and_counterfactual_marking,lexical_domain,train,community_services,66,True
30,conditional_and_counterfactual_marking,lexical_domain,train,education,67,True
30,conditional_and_counterfactual_marking,lexical_domain,train,engineering,67,True
30,conditional_and_counterfactual_marking,lexical_domain,train,healthcare,67,True
30,conditional_and_counterfactual_marking,lexical_domain,train,logistics,67,True
30,conditional_and_counterfactual_marking,lexical_domain,train,workplace_operations,66,True
30,conditional_and_counterfactual_marking,lexical_domain,val,agriculture,25,False
30,conditional_and_counterfactual_marking,lexical_domain,val,finance,25,False
30,conditional_and_counterfactual_marking,lexical_domain,test,legal,18,False
30,conditional_and_counterfactual_marking,lexical_domain,test,public_administration,16,False
30,conditional_and_counterfactual_marking,lexical_domain,test,scientific_research,16,False
31,subordination_and_embedding,marker_family,train,belief_embedding,160,True
31,subordination_and_embedding,marker_family,train,claim_embedding,120,True
31,subordination_and_embedding,marker_family,train,reason_clause,120,True
31,subordination_and_embedding,marker_family,val,evidence_clause,50,False
31,subordination_and_embedding,marker_family,test,nonfinite_embedding,25,False
31,subordination_and_embedding,marker_family,test,recursive_embedding,25,False
31,subordination_and_embedding,lexical_domain,train,community_services,67,True
31,subordination_and_embedding,lexical_domain,train,education,66,True
31,subordination_and_embedding,lexical_domain,train,engineering,67,True
31,subordination_and_embedding,lexical_domain,train,healthcare,68,True
31,subordination_and_embedding,lexical_domain,train,logistics,66,True
31,subordination_and_embedding,lexical_domain,train,workplace_operations,66,True
31,subordination_and_embedding,lexical_domain,val,agriculture,25,False
31,subordination_and_embedding,lexical_domain,val,finance,25,False
31,subordination_and_embedding,lexical_domain,test,legal,17,False
31,subordination_and_embedding,lexical_domain,test,public_administration,16,False
31,subordination_and_embedding,lexical_domain,test,scientific_research,17,False
32,quotation_and_reported_speech_structure,marker_family,train,english_direct_quote_punctuation,120,True
32,quotation_and_reported_speech_structure,marker_family,train,english_indirect_report,140,True
32,quotation_and_reported_speech_structure,marker_family,train,japanese_quotative_to,140,True
32,quotation_and_reported_speech_structure,marker_family,val,source_attribution_report,50,False
32,quotation_and_reported_speech_structure,marker_family,test,embedded_claim_report,21,False
32,quotation_and_reported_speech_structure,marker_family,test,paraphrased_report,29,False
32,quotation_and_reported_speech_structure,lexical_domain,train,community_services,66,True
32,quotation_and_reported_speech_structure,lexical_domain,train,education,67,True
32,quotation_and_reported_speech_structure,lexical_domain,train,engineering,67,True
32,quotation_and_reported_speech_structure,lexical_domain,train,healthcare,67,True
32,quotation_and_reported_speech_structure,lexical_domain,train,logistics,67,True
32,quotation_and_reported_speech_structure,lexical_domain,train,workplace_operations,66,True
32,quotation_and_reported_speech_structure,lexical_domain,val,agriculture,25,False
32,quotation_and_reported_speech_structure,lexical_domain,val,finance,25,False
32,quotation_and_reported_speech_structure,lexical_domain,test,legal,17,False
32,quotation_and_reported_speech_structure,lexical_domain,test,public_administration,16,False
32,quotation_and_reported_speech_structure,lexical_domain,test,scientific_research,17,False
33,discourse_relation_marking,marker_family,train,causal_connective,100,True
33,discourse_relation_marking,marker_family,train,contrast_connective,100,True
33,discourse_relation_marking,marker_family,train,result_connective,200,True
33,discourse_relation_marking,marker_family,val,temporal_connective,50,False
33,discourse_relation_marking,marker_family,test,concessive_relation_without_marker,25,False
33,discourse_relation_marking,marker_family,test,connective_absent_relation,25,False
33,discourse_relation_marking,lexical_domain,train,community_services,66,True
33,discourse_relation_marking,lexical_domain,train,education,67,True
33,discourse_relation_marking,lexical_domain,train,engineering,67,True
33,discourse_relation_marking,lexical_domain,train,healthcare,67,True
33,discourse_relation_marking,lexical_domain,train,logistics,67,True
33,discourse_relation_marking,lexical_domain,train,workplace_operations,66,True
33,discourse_relation_marking,lexical_domain,val,agriculture,25,False
33,discourse_relation_marking,lexical_domain,val,finance,25,False
33,discourse_relation_marking,lexical_domain,test,legal,17,False
33,discourse_relation_marking,lexical_domain,test,public_administration,16,False
33,discourse_relation_marking,lexical_domain,test,scientific_research,17,False
34,topic_comment_structure,marker_family,train,neutral_subject_marker,67,True
34,topic_comment_structure,marker_family,train,topic_fronting,133,True
34,topic_comment_structure,marker_family,train,wa_topic_marker,200,True
34,topic_comment_structure,marker_family,val,contrastive_topic_marker,50,False
34,topic_comment_structure,marker_family,test,old_new_topic_comment,42,False
34,topic_comment_structure,marker_family,test,topic_absent_discourse_context,8,False
34,topic_comment_structure,lexical_domain,train,community_services,66,True
34,topic_comment_structure,lexical_domain,train,education,67,True
34,topic_comment_structure,lexical_domain,train,engineering,67,True
34,topic_comment_structure,lexical_domain,train,healthcare,67,True
34,topic_comment_structure,lexical_domain,train,logistics,67,True
34,topic_comment_structure,lexical_domain,train,workplace_operations,66,True
34,topic_comment_structure,lexical_domain,val,agriculture,25,False
34,topic_comment_structure,lexical_domain,val,finance,25,False
34,topic_comment_structure,lexical_domain,test,legal,17,False
34,topic_comment_structure,lexical_domain,test,public_administration,16,False
34,topic_comment_structure,lexical_domain,test,scientific_research,17,False
35,focus_and_given_new_marking,marker_family,train,english_cleft_focus,102,True
35,focus_and_given_new_marking,marker_family,train,english_contrastive_focus,98,True
35,focus_and_given_new_marking,marker_family,train,japanese_ga_focus,200,True
35,focus_and_given_new_marking,marker_family,val,focus_particle_only,50,False
35,focus_and_given_new_marking,marker_family,test,given_new_information_order,23,False
35,focus_and_given_new_marking,marker_family,test,plain_clause_focus_context,27,False
35,focus_and_given_new_marking,lexical_domain,train,community_services,66,True
35,focus_and_given_new_marking,lexical_domain,train,education,67,True
35,focus_and_given_new_marking,lexical_domain,train,engineering,67,True
35,focus_and_given_new_marking,lexical_domain,train,healthcare,67,True
35,focus_and_given_new_marking,lexical_domain,train,logistics,67,True
35,focus_and_given_new_marking,lexical_domain,train,workplace_operations,66,True
35,focus_and_given_new_marking,lexical_domain,val,agriculture,25,False
35,focus_and_given_new_marking,lexical_domain,val,finance,25,False
35,focus_and_given_new_marking,lexical_domain,test,legal,17,False
35,focus_and_given_new_marking,lexical_domain,test,public_administration,16,False
35,focus_and_given_new_marking,lexical_domain,test,scientific_research,17,False
36,genericity_and_kind_level_reference,marker_family,train,bare_plural_generic,133,True
36,genericity_and_kind_level_reference,marker_family,train,habitual_generalization,134,True
36,genericity_and_kind_level_reference,marker_family,train,specific_individual_reference,133,True
36,genericity_and_kind_level_reference,marker_family,val,norm_like_statement,50,False
36,genericity_and_kind_level_reference,marker_family,test,kind_level_statement,33,False
36,genericity_and_kind_level_reference,marker_family,test,statistical_generalization,17,False
36,genericity_and_kind_level_reference,lexical_domain,train,community_services,66,True
36,genericity_and_kind_level_reference,lexical_domain,train,education,67,True
36,genericity_and_kind_level_reference,lexical_domain,train,engineering,67,True
36,genericity_and_kind_level_reference,lexical_domain,train,healthcare,67,True
36,genericity_and_kind_level_reference,lexical_domain,train,logistics,67,True
36,genericity_and_kind_level_reference,lexical_domain,train,workplace_operations,66,True
36,genericity_and_kind_level_reference,lexical_domain,val,agriculture,25,False
36,genericity_and_kind_level_reference,lexical_domain,val,finance,25,False
36,genericity_and_kind_level_reference,lexical_domain,test,legal,17,False
36,genericity_and_kind_level_reference,lexical_domain,test,public_administration,17,False
36,genericity_and_kind_level_reference,lexical_domain,test,scientific_research,16,False
37,social_deixis_honorifics_status_encoding,marker_family,train,english_deference_phrase,67,True
37,social_deixis_honorifics_status_encoding,marker_family,train,formal_request_level,133,True
37,social_deixis_honorifics_status_encoding,marker_family,train,korean_honorific_speech_level,200,True
37,social_deixis_honorifics_status_encoding,marker_family,val,referent_honorific,50,False
37,social_deixis_honorifics_status_encoding,marker_family,test,speaker_humility_marker,25,False
37,social_deixis_honorifics_status_encoding,marker_family,test,status_asymmetry_context,25,False
37,social_deixis_honorifics_status_encoding,lexical_domain,train,community_services,66,True
37,social_deixis_honorifics_status_encoding,lexical_domain,train,education,67,True
37,social_deixis_honorifics_status_encoding,lexical_domain,train,engineering,67,True
37,social_deixis_honorifics_status_encoding,lexical_domain,train,healthcare,67,True
37,social_deixis_honorifics_status_encoding,lexical_domain,train,logistics,67,True
37,social_deixis_honorifics_status_encoding,lexical_domain,train,workplace_operations,66,True
37,social_deixis_honorifics_status_encoding,lexical_domain,val,agriculture,25,False
37,social_deixis_honorifics_status_encoding,lexical_domain,val,finance,25,False
37,social_deixis_honorifics_status_encoding,lexical_domain,test,legal,17,False
37,social_deixis_honorifics_status_encoding,lexical_domain,test,public_administration,16,False
37,social_deixis_honorifics_status_encoding,lexical_domain,test,scientific_research,17,False
38,speech_act_force_and_request_directness,marker_family,train,direct_request,228,True
38,speech_act_force_and_request_directness,marker_family,train,imperative_command,114,True
38,speech_act_force_and_request_directness,marker_family,train,interrogative_question,58,True
38,speech_act_force_and_request_directness,marker_family,val,indirect_request,50,False
38,speech_act_force_and_request_directness,marker_family,test,performative_speech_act,36,False
38,speech_act_force_and_request_directness,marker_family,test,warning_threat_contrast,14,False
38,speech_act_force_and_request_directness,lexical_domain,train,community_services,69,True
38,speech_act_force_and_request_directness,lexical_domain,train,education,65,True
38,speech_act_force_and_request_directness,lexical_domain,train,engineering,65,True
38,speech_act_force_and_request_directness,lexical_domain,train,healthcare,67,True
38,speech_act_force_and_request_directness,lexical_domain,train,logistics,66,True
38,speech_act_force_and_request_directness,lexical_domain,train,workplace_operations,68,True
38,speech_act_force_and_request_directness,lexical_domain,val,agriculture,24,False
38,speech_act_force_and_request_directness,lexical_domain,val,finance,26,False
38,speech_act_force_and_request_directness,lexical_domain,test,legal,16,False
38,speech_act_force_and_request_directness,lexical_domain,test,public_administration,16,False
38,speech_act_force_and_request_directness,lexical_domain,test,scientific_research,18,False
39,deixis_and_perspective_anchoring,marker_family,train,demonstrative_deixis,120,True
39,deixis_and_perspective_anchoring,marker_family,train,spatial_deixis,120,True
39,deixis_and_perspective_anchoring,marker_family,train,temporal_deixis,160,True
39,deixis_and_perspective_anchoring,marker_family,val,person_perspective_shift,50,False
39,deixis_and_perspective_anchoring,marker_family,test,proximal_distal_context,31,False
39,deixis_and_perspective_anchoring,marker_family,test,speaker_listener_anchor_shift,19,False
39,deixis_and_perspective_anchoring,lexical_domain,train,community_services,66,True
39,deixis_and_perspective_anchoring,lexical_domain,train,education,67,True
39,deixis_and_perspective_anchoring,lexical_domain,train,engineering,67,True
39,deixis_and_perspective_anchoring,lexical_domain,train,healthcare,67,True
39,deixis_and_perspective_anchoring,lexical_domain,train,logistics,67,True
39,deixis_and_perspective_anchoring,lexical_domain,train,workplace_operations,66,True
39,deixis_and_perspective_anchoring,lexical_domain,val,agriculture,25,False
39,deixis_and_perspective_anchoring,lexical_domain,val,finance,25,False
39,deixis_and_perspective_anchoring,lexical_domain,test,legal,17,False
39,deixis_and_perspective_anchoring,lexical_domain,test,public_administration,16,False
39,deixis_and_perspective_anchoring,lexical_domain,test,scientific_research,17,False
40,orthographic_and_tokenization_interface,marker_family,train,capitalization_variant,134,True
40,orthographic_and_tokenization_interface,marker_family,train,punctuation_variant,133,True
40,orthographic_and_tokenization_interface,marker_family,train,spacing_variant,133,True
40,orthographic_and_tokenization_interface,marker_family,val,chinese_punctuation_variant,50,False
40,orthographic_and_tokenization_interface,marker_family,test,mandarin_segmented_control,25,False
40,orthographic_and_tokenization_interface,marker_family,test,mandarin_unsegmented_script,25,False
40,orthographic_and_tokenization_interface,lexical_domain,train,community_services,66,True
40,orthographic_and_tokenization_interface,lexical_domain,train,education,67,True
40,orthographic_and_tokenization_interface,lexical_domain,train,engineering,67,True
40,orthographic_and_tokenization_interface,lexical_domain,train,healthcare,67,True
40,orthographic_and_tokenization_interface,lexical_domain,train,logistics,67,True
40,orthographic_and_tokenization_interface,lexical_domain,train,workplace_operations,66,True
40,orthographic_and_tokenization_interface,lexical_domain,val,agriculture,25,False
40,orthographic_and_tokenization_interface,lexical_domain,val,finance,25,False
40,orthographic_and_tokenization_interface,lexical_domain,test,legal,17,False
40,orthographic_and_tokenization_interface,lexical_domain,test,public_administration,16,False
40,orthographic_and_tokenization_interface,lexical_domain,test,scientific_research,17,False
