variable_id,variable,pooling,feature_id,field,split,eligible_groups,same_direction_fraction,weighted_same_direction_fraction,median_abs_effect,minimum_abs_effect,unseen_groups,unseen_same_direction_fraction,unseen_median_abs_effect
1,Subject expression / pro-drop,mean,8431,marker_family,train,3,1.0,1.0,0.8722830226076252,0.7970095426600027,0,,
1,Subject expression / pro-drop,mean,8431,marker_family,val,1,1.0,1.0,0.10111185355544505,0.10111185355544505,1,1.0,0.10111185355544505
1,Subject expression / pro-drop,mean,8431,marker_family,test,2,0.0,0.0,0.2482957506787826,0.19321861668583706,2,0.0,0.2482957506787826
1,Subject expression / pro-drop,mean,8431,lexical_domain,train,6,1.0,1.0,0.8786557653537805,0.7510662986303066,0,,
1,Subject expression / pro-drop,mean,8431,lexical_domain,val,2,0.5,0.46,0.16614694283509215,0.07178246059000597,2,0.5,0.16614694283509215
1,Subject expression / pro-drop,mean,8431,lexical_domain,test,3,0.3333333333333333,0.34,0.3264398174350706,0.1767974362286757,3,0.3333333333333333,0.3264398174350706
1,Subject expression / pro-drop,final,4441,marker_family,train,3,1.0,1.0,0.8501343502844816,0.694714639703803,0,,
1,Subject expression / pro-drop,final,4441,marker_family,val,1,1.0,1.0,0.9286953431898026,0.9286953431898026,1,1.0,0.9286953431898026
1,Subject expression / pro-drop,final,4441,marker_family,test,2,1.0,1.0,0.9562080446642353,0.9340945819692666,2,1.0,0.9562080446642353
1,Subject expression / pro-drop,final,4441,lexical_domain,train,6,1.0,1.0,0.8033137745025791,0.7466962981038231,0,,
1,Subject expression / pro-drop,final,4441,lexical_domain,val,2,1.0,1.0,0.9280194361830916,0.9099325170873668,2,1.0,0.9280194361830916
1,Subject expression / pro-drop,final,4441,lexical_domain,test,3,1.0,1.0,0.9539088632275039,0.9462205833972249,3,1.0,0.9539088632275039
2,basic_constituent_order,mean,9791,marker_family,train,2,1.0,1.0,0.4838206336834208,0.04702717593000425,0,,
2,basic_constituent_order,mean,9791,marker_family,val,1,1.0,1.0,0.8065270794964587,0.8065270794964587,1,1.0,0.8065270794964587
2,basic_constituent_order,mean,9791,marker_family,test,2,0.5,0.5,0.8233894154055482,0.7904552865893524,2,0.5,0.8233894154055482
2,basic_constituent_order,mean,9791,lexical_domain,train,6,1.0,1.0,0.8465184898045734,0.8010995458873852,0,,
2,basic_constituent_order,mean,9791,lexical_domain,val,2,1.0,1.0,0.790311380676199,0.6086652539264836,2,1.0,0.790311380676199
2,basic_constituent_order,mean,9791,lexical_domain,test,3,0.3333333333333333,0.32,0.129601651099766,0.010175433576184388,3,0.3333333333333333,0.129601651099766
2,basic_constituent_order,final,6235,marker_family,train,2,1.0,1.0,0.36532002515224515,0.11679873088507288,0,,
2,basic_constituent_order,final,6235,marker_family,val,1,1.0,1.0,0.5081190019261346,0.5081190019261346,1,1.0,0.5081190019261346
2,basic_constituent_order,final,6235,marker_family,test,2,0.5,0.5,0.2112541667157659,0.18726966556493133,2,0.5,0.2112541667157659
2,basic_constituent_order,final,6235,lexical_domain,train,6,0.8333333333333334,0.8325,0.5479091750206684,0.0,0,,
2,basic_constituent_order,final,6235,lexical_domain,val,2,1.0,1.0,0.4804855011116136,0.30093191393722424,2,1.0,0.4804855011116136
2,basic_constituent_order,final,6235,lexical_domain,test,3,0.6666666666666666,0.68,0.13805760582743193,0.0076841811703256945,3,0.6666666666666666,0.13805760582743193
3,nominal_modifier_order,mean,4426,marker_family,train,3,0.6666666666666666,0.6675,0.14453476113658495,0.0,0,,
3,nominal_modifier_order,mean,4426,marker_family,val,1,1.0,1.0,0.07632822703172092,0.07632822703172092,1,1.0,0.07632822703172092
3,nominal_modifier_order,mean,4426,marker_family,test,2,0.0,0.0,0.14066937950812347,0.0,2,0.0,0.14066937950812347
3,nominal_modifier_order,mean,4426,lexical_domain,train,6,1.0,1.0,0.5677936679720621,0.5611956854677551,0,,
3,nominal_modifier_order,mean,4426,lexical_domain,val,2,0.5,0.5,0.05397221029876306,0.0,2,0.5,0.05397221029876306
3,nominal_modifier_order,mean,4426,lexical_domain,test,3,0.0,0.0,0.0,0.0,3,0.0,0.0
3,nominal_modifier_order,final,8074,marker_family,train,3,0.6666666666666666,0.6675,0.08371869780290142,0.0,0,,
3,nominal_modifier_order,final,8074,marker_family,val,1,1.0,1.0,0.17854945343380002,0.17854945343380002,1,1.0,0.17854945343380002
3,nominal_modifier_order,final,8074,marker_family,test,2,0.0,0.0,0.09999999635770486,0.0,2,0.0,0.09999999635770486
3,nominal_modifier_order,final,8074,lexical_domain,train,6,1.0,1.0,0.2162862082814797,0.1111067108781198,0,,
3,nominal_modifier_order,final,8074,lexical_domain,val,2,0.5,0.5,0.2654977179674334,0.2566022740594228,2,0.5,0.2654977179674334
3,nominal_modifier_order,final,8074,lexical_domain,test,3,0.0,0.0,0.0,0.0,3,0.0,0.0
4,case_marking,mean,13269,marker_family,train,3,1.0,1.0,0.5134518270840968,0.39615893894264026,0,,
4,case_marking,mean,13269,marker_family,val,1,1.0,1.0,0.3903347559029868,0.3903347559029868,1,1.0,0.3903347559029868
4,case_marking,mean,13269,marker_family,test,2,1.0,1.0,0.5615195806086702,0.3941965153126807,2,1.0,0.5615195806086702
4,case_marking,mean,13269,lexical_domain,train,6,1.0,1.0,0.5762990196926849,0.3100208560551768,0,,
4,case_marking,mean,13269,lexical_domain,val,2,1.0,1.0,0.34891608556232356,0.13582992445248793,2,1.0,0.34891608556232356
4,case_marking,mean,13269,lexical_domain,test,3,1.0,1.0,0.5849306096000757,0.5507042230687373,3,1.0,0.5849306096000757
4,case_marking,final,4731,marker_family,train,3,1.0,1.0,0.17344433886855523,0.13384390099482354,0,,
4,case_marking,final,4731,marker_family,val,1,1.0,1.0,0.6020776121924394,0.6020776121924394,1,1.0,0.6020776121924394
4,case_marking,final,4731,marker_family,test,2,0.5,0.5,0.306446888592355,0.18691763436985653,2,0.5,0.306446888592355
4,case_marking,final,4731,lexical_domain,train,6,1.0,1.0,0.16274833968136906,0.03615734499694177,0,,
4,case_marking,final,4731,lexical_domain,val,2,1.0,1.0,0.6012188096117934,0.5943806408354837,2,1.0,0.6012188096117934
4,case_marking,final,4731,lexical_domain,test,3,0.3333333333333333,0.28,0.2672612615056739,0.13700578428666682,3,0.3333333333333333,0.2672612615056739
5,morphosyntactic_alignment,mean,7247,marker_family,train,3,1.0,1.0,0.7793236753054059,0.6402716795928322,0,,
5,morphosyntactic_alignment,mean,7247,marker_family,val,1,1.0,1.0,0.692501634653507,0.692501634653507,1,1.0,0.692501634653507
5,morphosyntactic_alignment,mean,7247,marker_family,test,2,1.0,1.0,0.7155535576669401,0.5374117130402848,2,1.0,0.7155535576669401
5,morphosyntactic_alignment,mean,7247,lexical_domain,train,6,1.0,1.0,0.7037636759677469,0.651238996633954,0,,
5,morphosyntactic_alignment,mean,7247,lexical_domain,val,2,1.0,1.0,0.6930316628044577,0.674293344878944,2,1.0,0.6930316628044577
5,morphosyntactic_alignment,mean,7247,lexical_domain,test,3,1.0,1.0,0.6530104607310491,0.6034132680085736,3,1.0,0.6530104607310491
5,morphosyntactic_alignment,final,5159,marker_family,train,3,1.0,1.0,0.7231717609959469,0.5673495526821578,0,,
5,morphosyntactic_alignment,final,5159,marker_family,val,1,1.0,1.0,0.7016226656506134,0.7016226656506134,1,1.0,0.7016226656506134
5,morphosyntactic_alignment,final,5159,marker_family,test,2,1.0,1.0,0.5500605152486947,0.3435744783158524,2,1.0,0.5500605152486947
5,morphosyntactic_alignment,final,5159,lexical_domain,train,6,1.0,1.0,0.6554706519350509,0.6240754755666246,0,,
5,morphosyntactic_alignment,final,5159,lexical_domain,val,2,1.0,1.0,0.7020002516126407,0.6977235312220704,2,1.0,0.7020002516126407
5,morphosyntactic_alignment,final,5159,lexical_domain,test,3,1.0,1.0,0.5380815557714776,0.46819011036490055,3,1.0,0.5380815557714776
6,transitivity_valency,mean,5382,marker_family,train,3,1.0,1.0,0.952401974345604,0.9361324617931659,0,,
6,transitivity_valency,mean,5382,marker_family,val,2,1.0,1.0,0.853815694611527,0.7394154277106151,2,1.0,0.853815694611527
6,transitivity_valency,mean,5382,marker_family,test,2,0.5,0.5,0.7691434326417522,0.6354864864610167,2,0.5,0.7691434326417522
6,transitivity_valency,mean,5382,lexical_domain,train,6,1.0,1.0,0.946235812410952,0.9180043570179109,0,,
6,transitivity_valency,mean,5382,lexical_domain,val,2,1.0,1.0,0.8246143393675294,0.8059064469727583,2,1.0,0.8246143393675294
6,transitivity_valency,mean,5382,lexical_domain,test,3,0.6666666666666666,0.68,0.17458661378937546,0.06904136048218545,3,0.6666666666666666,0.17458661378937546
6,transitivity_valency,final,4825,marker_family,train,3,1.0,1.0,0.9134822420814659,0.7393597783950145,0,,
6,transitivity_valency,final,4825,marker_family,val,2,1.0,1.0,0.7240962692299656,0.6951337429811053,2,1.0,0.7240962692299656
6,transitivity_valency,final,4825,marker_family,test,2,1.0,1.0,0.8487297918854351,0.8400288253294426,2,1.0,0.8487297918854351
6,transitivity_valency,final,4825,lexical_domain,train,6,1.0,1.0,0.8380258604015064,0.7949024145168844,0,,
6,transitivity_valency,final,4825,lexical_domain,val,2,1.0,1.0,0.6205391011307317,0.3593233338192599,2,1.0,0.6205391011307317
6,transitivity_valency,final,4825,lexical_domain,test,3,1.0,1.0,0.8672270903610316,0.8016785778027476,3,1.0,0.8672270903610316
7,voice_and_agent_prominence,mean,8235,marker_family,train,3,1.0,1.0,0.8768336587044391,0.7737230567392294,0,,
7,voice_and_agent_prominence,mean,8235,marker_family,val,1,1.0,1.0,0.9214052352457713,0.9214052352457713,1,1.0,0.9214052352457713
7,voice_and_agent_prominence,mean,8235,marker_family,test,2,0.5,0.5,0.6132814429600373,0.2980943357527911,2,0.5,0.6132814429600373
7,voice_and_agent_prominence,mean,8235,lexical_domain,train,6,1.0,1.0,0.8727001363341738,0.7779592288932127,0,,
7,voice_and_agent_prominence,mean,8235,lexical_domain,val,2,1.0,1.0,0.9238817890422493,0.9179245451365616,2,1.0,0.9238817890422493
7,voice_and_agent_prominence,mean,8235,lexical_domain,test,3,1.0,1.0,0.6340340163220339,0.6093435412456171,3,1.0,0.6340340163220339
7,voice_and_agent_prominence,final,8074,marker_family,train,3,1.0,1.0,0.5391278384624048,0.4273707769125247,0,,
7,voice_and_agent_prominence,final,8074,marker_family,val,1,1.0,1.0,0.5827828053439623,0.5827828053439623,1,1.0,0.5827828053439623
7,voice_and_agent_prominence,final,8074,marker_family,test,2,1.0,1.0,0.19999999401772525,0.1999999880354505,2,1.0,0.19999999401772525
7,voice_and_agent_prominence,final,8074,lexical_domain,train,6,1.0,1.0,0.5553881953060977,0.23315217557472576,0,,
7,voice_and_agent_prominence,final,8074,lexical_domain,val,2,1.0,1.0,0.6039859139450927,0.5564710896434153,2,1.0,0.6039859139450927
7,voice_and_agent_prominence,final,8074,lexical_domain,test,3,0.6666666666666666,0.68,0.2357022552900026,0.0,3,0.6666666666666666,0.2357022552900026
8,causativity_and_valency_change,mean,8182,marker_family,train,3,1.0,1.0,0.9546177088157319,0.8596102875312636,0,,
8,causativity_and_valency_change,mean,8182,marker_family,val,2,1.0,1.0,0.9451768909236449,0.943337386604138,2,1.0,0.9451768909236449
8,causativity_and_valency_change,mean,8182,marker_family,test,2,1.0,1.0,0.7771093070991246,0.6797262225419892,2,1.0,0.7771093070991246
8,causativity_and_valency_change,mean,8182,lexical_domain,train,6,1.0,1.0,0.8933068630483477,0.8602175458004362,0,,
8,causativity_and_valency_change,mean,8182,lexical_domain,val,2,1.0,1.0,0.9345727955217019,0.9234104091756122,2,1.0,0.9345727955217019
8,causativity_and_valency_change,mean,8182,lexical_domain,test,3,1.0,1.0,0.7983373833815806,0.7504630416262589,3,1.0,0.7983373833815806
8,causativity_and_valency_change,final,3288,marker_family,train,3,1.0,1.0,0.8320958892151193,0.8125291532528983,0,,
8,causativity_and_valency_change,final,3288,marker_family,val,2,1.0,1.0,0.8840943174893826,0.8146920149945366,2,1.0,0.8840943174893826
8,causativity_and_valency_change,final,3288,marker_family,test,2,1.0,1.0,0.7476645244516285,0.590864025477527,2,1.0,0.7476645244516285
8,causativity_and_valency_change,final,3288,lexical_domain,train,6,1.0,1.0,0.8525857143133864,0.7348751132809818,0,,
8,causativity_and_valency_change,final,3288,lexical_domain,val,2,1.0,1.0,0.8860130740671283,0.8807830843424745,2,1.0,0.8860130740671283
8,causativity_and_valency_change,final,3288,lexical_domain,test,3,1.0,1.0,0.7314946599439159,0.7087001703456458,3,1.0,0.7314946599439159
9,analytic_vs_synthetic_encoding,mean,6579,marker_family,train,3,1.0,1.0,0.29349362717577293,0.13732825197825302,0,,
9,analytic_vs_synthetic_encoding,mean,6579,marker_family,val,1,1.0,1.0,0.5613006249760009,0.5613006249760009,1,1.0,0.5613006249760009
9,analytic_vs_synthetic_encoding,mean,6579,marker_family,test,2,0.5,0.5,0.46488210240507855,0.2,2,0.5,0.46488210240507855
9,analytic_vs_synthetic_encoding,mean,6579,lexical_domain,train,6,1.0,1.0,0.5102103836938969,0.28661403336864494,0,,
9,analytic_vs_synthetic_encoding,mean,6579,lexical_domain,val,2,1.0,1.0,0.5508438708357523,0.4231028765220264,2,1.0,0.5508438708357523
9,analytic_vs_synthetic_encoding,mean,6579,lexical_domain,test,3,1.0,1.0,0.4630598065429954,0.33624946040286946,3,1.0,0.4630598065429954
9,analytic_vs_synthetic_encoding,final,9565,marker_family,train,3,1.0,1.0,0.21338280869513343,0.026311702646804536,0,,
9,analytic_vs_synthetic_encoding,final,9565,marker_family,val,1,1.0,1.0,0.43757955337208654,0.43757955337208654,1,1.0,0.43757955337208654
9,analytic_vs_synthetic_encoding,final,9565,marker_family,test,2,0.5,0.5,0.3939947877055515,0.2,2,0.5,0.3939947877055515
9,analytic_vs_synthetic_encoding,final,9565,lexical_domain,train,6,1.0,1.0,0.26400480012811467,0.2117328377507992,0,,
9,analytic_vs_synthetic_encoding,final,9565,lexical_domain,val,2,1.0,1.0,0.4262325526421024,0.24049140417959655,2,1.0,0.4262325526421024
9,analytic_vs_synthetic_encoding,final,9565,lexical_domain,test,3,0.6666666666666666,0.68,0.4277385180385694,0.11870038503883316,3,0.6666666666666666,0.4277385180385694
10,morphological_segmentation_type,mean,6125,marker_family,train,3,1.0,1.0,0.6839108582551965,0.5625826230252252,0,,
10,morphological_segmentation_type,mean,6125,marker_family,val,1,1.0,1.0,0.5309546814144129,0.5309546814144129,1,1.0,0.5309546814144129
10,morphological_segmentation_type,mean,6125,marker_family,test,2,1.0,1.0,0.4700942684429071,0.45619455067031484,2,1.0,0.4700942684429071
10,morphological_segmentation_type,mean,6125,lexical_domain,train,6,1.0,1.0,0.7112255971663143,0.6285497066319653,0,,
10,morphological_segmentation_type,mean,6125,lexical_domain,val,2,1.0,1.0,0.5291970960224355,0.4859170890793304,2,1.0,0.5291970960224355
10,morphological_segmentation_type,mean,6125,lexical_domain,test,3,1.0,1.0,0.4669464150843466,0.3538285898045325,3,1.0,0.4669464150843466
10,morphological_segmentation_type,final,11611,marker_family,train,3,1.0,1.0,0.8426641364562469,0.5631495770772222,0,,
10,morphological_segmentation_type,final,11611,marker_family,val,1,1.0,1.0,0.8419868553540921,0.8419868553540921,1,1.0,0.8419868553540921
10,morphological_segmentation_type,final,11611,marker_family,test,2,1.0,1.0,0.5512145309837579,0.3364568864850987,2,1.0,0.5512145309837579
10,morphological_segmentation_type,final,11611,lexical_domain,train,6,1.0,1.0,0.892207314029027,0.5425952756761575,0,,
10,morphological_segmentation_type,final,11611,lexical_domain,val,2,1.0,1.0,0.8454769098151069,0.8262617425649861,2,1.0,0.8454769098151069
10,morphological_segmentation_type,final,11611,lexical_domain,test,3,1.0,1.0,0.5781773523885351,0.4615002510604443,3,1.0,0.5781773523885351
11,agreement_indexing_density,mean,758,marker_family,train,3,1.0,1.0,0.8447684750699135,0.7906170571594221,0,,
11,agreement_indexing_density,mean,758,marker_family,val,1,1.0,1.0,0.8179236273558225,0.8179236273558225,1,1.0,0.8179236273558225
11,agreement_indexing_density,mean,758,marker_family,test,2,0.5,0.5,0.534939745121956,0.11081487620238255,2,0.5,0.534939745121956
11,agreement_indexing_density,mean,758,lexical_domain,train,6,1.0,1.0,0.8552417147372777,0.7331482503119139,0,,
11,agreement_indexing_density,mean,758,lexical_domain,val,2,1.0,1.0,0.8295184703499715,0.8163218430889875,2,1.0,0.8295184703499715
11,agreement_indexing_density,mean,758,lexical_domain,test,3,1.0,1.0,0.6740269453492214,0.6708906521668353,3,1.0,0.6740269453492214
11,agreement_indexing_density,final,8113,marker_family,train,3,1.0,1.0,0.8908389150750862,0.8708365341984248,0,,
11,agreement_indexing_density,final,8113,marker_family,val,1,1.0,1.0,0.6696402197752138,0.6696402197752138,1,1.0,0.6696402197752138
11,agreement_indexing_density,final,8113,marker_family,test,2,1.0,1.0,0.6485300019654863,0.33794541537732414,2,1.0,0.6485300019654863
11,agreement_indexing_density,final,8113,lexical_domain,train,6,1.0,1.0,0.8585214228743566,0.8432719661960436,0,,
11,agreement_indexing_density,final,8113,lexical_domain,val,2,1.0,1.0,0.6675635057211715,0.60985874177302,2,1.0,0.6675635057211715
11,agreement_indexing_density,final,8113,lexical_domain,test,3,1.0,1.0,0.7047355677488378,0.691714766907667,3,1.0,0.7047355677488378
12,optionality_vs_obligatoriness_of_marking,mean,9607,marker_family,train,3,1.0,1.0,0.45519819371180453,0.1883432640774772,0,,
12,optionality_vs_obligatoriness_of_marking,mean,9607,marker_family,val,1,1.0,1.0,0.5193761825587443,0.5193761825587443,1,1.0,0.5193761825587443
12,optionality_vs_obligatoriness_of_marking,mean,9607,marker_family,test,2,0.5,0.5,0.5726569776335698,0.3200536645739867,2,0.5,0.5726569776335698
12,optionality_vs_obligatoriness_of_marking,mean,9607,lexical_domain,train,6,0.6666666666666666,0.6675,0.4330094970870375,0.0,0,,
12,optionality_vs_obligatoriness_of_marking,mean,9607,lexical_domain,val,2,1.0,1.0,0.5151024779966717,0.4469747439422165,2,1.0,0.5151024779966717
12,optionality_vs_obligatoriness_of_marking,mean,9607,lexical_domain,test,3,1.0,1.0,0.5252062689326139,0.5200536838791612,3,1.0,0.5252062689326139
12,optionality_vs_obligatoriness_of_marking,final,15899,marker_family,train,3,0.6666666666666666,0.835,0.2164961001944579,0.0,0,,
12,optionality_vs_obligatoriness_of_marking,final,15899,marker_family,val,1,1.0,1.0,0.14142135186009153,0.14142135186009153,1,1.0,0.14142135186009153
12,optionality_vs_obligatoriness_of_marking,final,15899,marker_family,test,2,0.0,0.0,0.0,0.0,2,0.0,0.0
12,optionality_vs_obligatoriness_of_marking,final,15899,lexical_domain,train,6,0.3333333333333333,0.335,0.0,0.0,0,,
12,optionality_vs_obligatoriness_of_marking,final,15899,lexical_domain,val,2,0.5,0.5,0.09999999612852112,0.0,2,0.5,0.09999999612852112
12,optionality_vs_obligatoriness_of_marking,final,15899,lexical_domain,test,3,0.0,0.0,0.0,0.0,3,0.0,0.0
13,redundancy_cumulative_exponence,mean,9749,marker_family,train,3,1.0,1.0,0.7715141660098829,0.545449483854009,0,,
13,redundancy_cumulative_exponence,mean,9749,marker_family,val,1,1.0,1.0,0.8364553902620457,0.8364553902620457,1,1.0,0.8364553902620457
13,redundancy_cumulative_exponence,mean,9749,marker_family,test,2,1.0,1.0,0.7860085534250996,0.7338454807530197,2,1.0,0.7860085534250996
13,redundancy_cumulative_exponence,mean,9749,lexical_domain,train,6,0.8333333333333334,0.8325,0.9460237268957665,0.818141131024171,0,,
13,redundancy_cumulative_exponence,mean,9749,lexical_domain,val,2,1.0,1.0,0.8458206160959916,0.7759085439256385,2,1.0,0.8458206160959916
13,redundancy_cumulative_exponence,mean,9749,lexical_domain,test,3,1.0,1.0,0.7227370850905322,0.722608783931082,3,1.0,0.7227370850905322
13,redundancy_cumulative_exponence,final,16084,marker_family,train,3,0.6666666666666666,0.8325,0.7641370704165575,0.17914535653990166,0,,
13,redundancy_cumulative_exponence,final,16084,marker_family,val,1,1.0,1.0,0.6714550420189814,0.6714550420189814,1,1.0,0.6714550420189814
13,redundancy_cumulative_exponence,final,16084,marker_family,test,2,1.0,1.0,0.6901320427052224,0.6706622952263296,2,1.0,0.6901320427052224
13,redundancy_cumulative_exponence,final,16084,lexical_domain,train,6,0.8333333333333334,0.8325,0.7313702738035339,0.17914535653990166,0,,
13,redundancy_cumulative_exponence,final,16084,lexical_domain,val,2,1.0,1.0,0.6726563265700647,0.6501941252248213,2,1.0,0.6726563265700647
13,redundancy_cumulative_exponence,final,16084,lexical_domain,test,3,1.0,1.0,0.6572770239194978,0.46942512464177927,3,1.0,0.6572770239194978
14,definiteness_and_specificity,mean,13819,marker_family,train,3,0.3333333333333333,0.3325,0.0,0.0,0,,
14,definiteness_and_specificity,mean,13819,marker_family,val,1,1.0,1.0,0.48264076151515045,0.48264076151515045,1,1.0,0.48264076151515045
14,definiteness_and_specificity,mean,13819,marker_family,test,2,0.5,0.66,0.3248661833486179,0.0,2,0.5,0.3248661833486179
14,definiteness_and_specificity,mean,13819,lexical_domain,train,6,1.0,1.0,0.5192858764928137,0.4815792461699547,0,,
14,definiteness_and_specificity,mean,13819,lexical_domain,val,2,1.0,1.0,0.5227139993404271,0.46879065365524614,2,1.0,0.5227139993404271
14,definiteness_and_specificity,mean,13819,lexical_domain,test,3,1.0,1.0,0.5446403972462378,0.4707713650256829,3,1.0,0.5446403972462378
14,definiteness_and_specificity,final,15772,marker_family,train,3,0.3333333333333333,0.3325,0.0,0.0,0,,
14,definiteness_and_specificity,final,15772,marker_family,val,1,1.0,1.0,0.25731421356341405,0.25731421356341405,1,1.0,0.25731421356341405
14,definiteness_and_specificity,final,15772,marker_family,test,2,1.0,1.0,0.48780970132952706,0.3405408078372586,2,1.0,0.48780970132952706
14,definiteness_and_specificity,final,15772,lexical_domain,train,6,1.0,1.0,0.3619195846968659,0.3230924596476758,0,,
14,definiteness_and_specificity,final,15772,lexical_domain,val,2,1.0,1.0,0.27107137304448203,0.14284148381008996,2,1.0,0.27107137304448203
14,definiteness_and_specificity,final,15772,lexical_domain,test,3,1.0,1.0,0.5750420252348679,0.5318284254830082,3,1.0,0.5750420252348679
15,number_marking,mean,8113,marker_family,train,3,1.0,1.0,0.8081951778279767,0.628290263137497,0,,
15,number_marking,mean,8113,marker_family,val,1,1.0,1.0,0.20351199844365483,0.20351199844365483,1,1.0,0.20351199844365483
15,number_marking,mean,8113,marker_family,test,2,0.5,0.58,0.4359712041259999,0.23304094296581293,2,0.5,0.4359712041259999
15,number_marking,mean,8113,lexical_domain,train,6,1.0,1.0,0.772346028873838,0.7359486301212318,0,,
15,number_marking,mean,8113,lexical_domain,val,2,1.0,1.0,0.20786309948095916,0.20560068160538097,2,1.0,0.20786309948095916
15,number_marking,mean,8113,lexical_domain,test,3,0.3333333333333333,0.32,0.21289251737985082,0.18664645971870908,3,0.3333333333333333,0.21289251737985082
15,number_marking,final,8113,marker_family,train,3,1.0,1.0,0.5481117263988612,0.2506494624618377,0,,
15,number_marking,final,8113,marker_family,val,1,1.0,1.0,0.23209504172096743,0.23209504172096743,1,1.0,0.23209504172096743
15,number_marking,final,8113,marker_family,test,2,0.5,0.58,0.2926336822719351,0.2182178963220011,2,0.5,0.2926336822719351
15,number_marking,final,8113,lexical_domain,train,6,1.0,1.0,0.42906661272122726,0.28976488422071867,0,,
15,number_marking,final,8113,lexical_domain,val,2,1.0,1.0,0.22999693775924424,0.19383587133693161,2,1.0,0.22999693775924424
15,number_marking,final,8113,lexical_domain,test,3,1.0,1.0,0.24075527856585313,0.2137278082046462,3,1.0,0.24075527856585313
16,gender_noun_class,mean,5205,marker_family,train,3,1.0,1.0,0.9777624370188782,0.7651149570768877,0,,
16,gender_noun_class,mean,5205,marker_family,val,1,1.0,1.0,0.907906492088415,0.907906492088415,1,1.0,0.907906492088415
16,gender_noun_class,mean,5205,marker_family,test,2,1.0,1.0,0.9060512698779107,0.8374582691446993,2,1.0,0.9060512698779107
16,gender_noun_class,mean,5205,lexical_domain,train,6,1.0,1.0,0.9013612629016663,0.876573391009878,0,,
16,gender_noun_class,mean,5205,lexical_domain,val,2,1.0,1.0,0.9088219344186161,0.8950316648023233,2,1.0,0.9088219344186161
16,gender_noun_class,mean,5205,lexical_domain,test,3,1.0,1.0,0.9162987879578838,0.9009230453490639,3,1.0,0.9162987879578838
16,gender_noun_class,final,1825,marker_family,train,3,1.0,1.0,0.1943698366293592,0.12258749886487576,0,,
16,gender_noun_class,final,1825,marker_family,val,1,1.0,1.0,0.3127022471914613,0.3127022471914613,1,1.0,0.3127022471914613
16,gender_noun_class,final,1825,marker_family,test,2,0.5,0.5,0.14110184786564148,0.0,2,0.5,0.14110184786564148
16,gender_noun_class,final,1825,lexical_domain,train,6,1.0,1.0,0.2950029091321903,0.20390020953553115,0,,
16,gender_noun_class,final,1825,lexical_domain,val,2,1.0,1.0,0.3138303451480149,0.2827126690843692,2,1.0,0.3138303451480149
16,gender_noun_class,final,1825,lexical_domain,test,3,0.6666666666666666,0.68,0.24253562073516335,0.0,3,0.6666666666666666,0.24253562073516335
17,animacy_and_humanness,mean,3104,marker_family,train,3,1.0,1.0,0.548055198427866,0.40576092505866296,0,,
17,animacy_and_humanness,mean,3104,marker_family,val,1,1.0,1.0,0.573481899937176,0.573481899937176,1,1.0,0.573481899937176
17,animacy_and_humanness,mean,3104,marker_family,test,2,0.5,0.5,0.31422605894550265,0.27281998312989036,2,0.5,0.31422605894550265
17,animacy_and_humanness,mean,3104,lexical_domain,train,6,1.0,1.0,0.48343423646141714,0.16929515105769763,0,,
17,animacy_and_humanness,mean,3104,lexical_domain,val,2,1.0,1.0,0.525956490203048,0.28161482880154437,2,1.0,0.525956490203048
17,animacy_and_humanness,mean,3104,lexical_domain,test,3,0.3333333333333333,0.34,0.41313121903563305,0.22594255572550093,3,0.3333333333333333,0.41313121903563305
17,animacy_and_humanness,final,6618,marker_family,train,3,1.0,1.0,0.4275968967239738,0.023068800584167246,0,,
17,animacy_and_humanness,final,6618,marker_family,val,1,1.0,1.0,0.028152770367235798,0.028152770367235798,1,1.0,0.028152770367235798
17,animacy_and_humanness,final,6618,marker_family,test,2,1.0,1.0,0.707069667873278,0.5508311908067969,2,1.0,0.707069667873278
17,animacy_and_humanness,final,6618,lexical_domain,train,6,0.6666666666666666,0.665,0.38298134339044687,0.03834826713329939,0,,
17,animacy_and_humanness,final,6618,lexical_domain,val,2,1.0,1.0,0.027899028167409346,0.019607887002326532,2,1.0,0.027899028167409346
17,animacy_and_humanness,final,6618,lexical_domain,test,3,1.0,1.0,0.7084050572308007,0.707170425658771,3,1.0,0.7084050572308007
18,person_marking_and_person_hierarchy,mean,13235,marker_family,train,3,0.6666666666666666,0.6425,0.4138081046323007,0.052197442137772145,0,,
18,person_marking_and_person_hierarchy,mean,13235,marker_family,val,1,1.0,1.0,0.20801372533236873,0.20801372533236873,1,1.0,0.20801372533236873
18,person_marking_and_person_hierarchy,mean,13235,marker_family,test,2,0.5,0.6,0.17418329411647343,0.0,2,0.5,0.17418329411647343
18,person_marking_and_person_hierarchy,mean,13235,lexical_domain,train,6,1.0,1.0,0.3662792790315884,0.2678998716371203,0,,
18,person_marking_and_person_hierarchy,mean,13235,lexical_domain,val,2,1.0,1.0,0.20377610460394757,0.14743616911859062,2,1.0,0.20377610460394757
18,person_marking_and_person_hierarchy,mean,13235,lexical_domain,test,3,0.6666666666666666,0.66,0.24845514890667342,0.0,3,0.6666666666666666,0.24845514890667342
18,person_marking_and_person_hierarchy,final,4025,marker_family,train,3,1.0,1.0,0.3445838674541345,0.3012380827808722,0,,
18,person_marking_and_person_hierarchy,final,4025,marker_family,val,1,1.0,1.0,0.37720634659041463,0.37720634659041463,1,1.0,0.37720634659041463
18,person_marking_and_person_hierarchy,final,4025,marker_family,test,2,1.0,1.0,0.4158146135469139,0.31842835233935696,2,1.0,0.4158146135469139
18,person_marking_and_person_hierarchy,final,4025,lexical_domain,train,6,1.0,1.0,0.3682762210527211,0.08782442293268869,0,,
18,person_marking_and_person_hierarchy,final,4025,lexical_domain,val,2,1.0,1.0,0.37694908752161305,0.3592592332444211,2,1.0,0.37694908752161305
18,person_marking_and_person_hierarchy,final,4025,lexical_domain,test,3,1.0,1.0,0.4001866161891667,0.2503416695506457,3,1.0,0.4001866161891667
19,inclusive_exclusive_distinction,mean,6062,marker_family,train,3,1.0,1.0,0.8659697416836589,0.8198595769890941,0,,
19,inclusive_exclusive_distinction,mean,6062,marker_family,val,1,1.0,1.0,0.49353866823935605,0.49353866823935605,1,1.0,0.49353866823935605
19,inclusive_exclusive_distinction,mean,6062,marker_family,test,2,0.5,0.5,0.28942845822941277,0.13941857577612554,2,0.5,0.28942845822941277
19,inclusive_exclusive_distinction,mean,6062,lexical_domain,train,6,1.0,1.0,0.8454060249190848,0.8209917974267733,0,,
19,inclusive_exclusive_distinction,mean,6062,lexical_domain,val,2,1.0,1.0,0.4935047702921847,0.4375990265869012,2,1.0,0.4935047702921847
19,inclusive_exclusive_distinction,mean,6062,lexical_domain,test,3,0.6666666666666666,0.68,0.11559501435061147,0.028795122797995187,3,0.6666666666666666,0.11559501435061147
19,inclusive_exclusive_distinction,final,11524,marker_family,train,3,1.0,1.0,0.3879863180445096,0.27101223801960694,0,,
19,inclusive_exclusive_distinction,final,11524,marker_family,val,1,1.0,1.0,0.27632769741388497,0.27632769741388497,1,1.0,0.27632769741388497
19,inclusive_exclusive_distinction,final,11524,marker_family,test,2,1.0,1.0,0.40031578118396194,0.36013462503042093,2,1.0,0.40031578118396194
19,inclusive_exclusive_distinction,final,11524,lexical_domain,train,6,1.0,1.0,0.4841380568134404,0.33644314559299604,0,,
19,inclusive_exclusive_distinction,final,11524,lexical_domain,val,2,1.0,1.0,0.21156627987375454,0.017484274170946196,2,1.0,0.21156627987375454
19,inclusive_exclusive_distinction,final,11524,lexical_domain,test,3,1.0,1.0,0.3710896605253494,0.259137339419515,3,1.0,0.3710896605253494
20,pronoun_richness_and_reduction,mean,7551,marker_family,train,3,1.0,1.0,0.7931898835634348,0.7809713537437667,0,,
20,pronoun_richness_and_reduction,mean,7551,marker_family,val,1,1.0,1.0,0.8004065289812159,0.8004065289812159,1,1.0,0.8004065289812159
20,pronoun_richness_and_reduction,mean,7551,marker_family,test,2,1.0,1.0,0.8732972481979855,0.8197804604317246,2,1.0,0.8732972481979855
20,pronoun_richness_and_reduction,mean,7551,lexical_domain,train,6,1.0,1.0,0.837135894277824,0.7440141437886745,0,,
20,pronoun_richness_and_reduction,mean,7551,lexical_domain,val,2,1.0,1.0,0.8067194053880806,0.7920092444225403,2,1.0,0.8067194053880806
20,pronoun_richness_and_reduction,mean,7551,lexical_domain,test,3,1.0,1.0,0.8330073776408699,0.6995602335708493,3,1.0,0.8330073776408699
20,pronoun_richness_and_reduction,final,11483,marker_family,train,3,1.0,1.0,0.7645012808476948,0.621448625996092,0,,
20,pronoun_richness_and_reduction,final,11483,marker_family,val,1,1.0,1.0,0.5910752455694961,0.5910752455694961,1,1.0,0.5910752455694961
20,pronoun_richness_and_reduction,final,11483,marker_family,test,2,0.5,0.82,0.5318311387059411,0.35036612770472675,2,0.5,0.5318311387059411
20,pronoun_richness_and_reduction,final,11483,lexical_domain,train,6,1.0,1.0,0.7610050475119254,0.6527546962438794,0,,
20,pronoun_richness_and_reduction,final,11483,lexical_domain,val,2,1.0,1.0,0.6185512775463056,0.5872519496631242,2,1.0,0.6185512775463056
20,pronoun_richness_and_reduction,final,11483,lexical_domain,test,3,1.0,1.0,0.5817013051130493,0.5231827296674458,3,1.0,0.5817013051130493
21,possession_and_alienability,mean,9576,marker_family,train,3,1.0,1.0,0.550288910306178,0.12028039848371438,0,,
21,possession_and_alienability,mean,9576,marker_family,val,1,1.0,1.0,0.5159186579901857,0.5159186579901857,1,1.0,0.5159186579901857
21,possession_and_alienability,mean,9576,marker_family,test,2,1.0,1.0,0.5127989449000749,0.5067629000216827,2,1.0,0.5127989449000749
21,possession_and_alienability,mean,9576,lexical_domain,train,6,0.8333333333333334,0.835,0.3825178851438874,0.05919667889277054,0,,
21,possession_and_alienability,mean,9576,lexical_domain,val,2,1.0,1.0,0.4705420978019599,0.243135774755535,2,1.0,0.4705420978019599
21,possession_and_alienability,mean,9576,lexical_domain,test,3,1.0,1.0,0.5263251438184257,0.3500945796730997,3,1.0,0.5263251438184257
21,possession_and_alienability,final,7313,marker_family,train,3,1.0,1.0,0.2648588970873319,0.15020382025163465,0,,
21,possession_and_alienability,final,7313,marker_family,val,1,1.0,1.0,0.13491771450300158,0.13491771450300158,1,1.0,0.13491771450300158
21,possession_and_alienability,final,7313,marker_family,test,2,1.0,1.0,0.08376503578891524,0.0012063822291374295,2,1.0,0.08376503578891524
21,possession_and_alienability,final,7313,lexical_domain,train,6,0.8333333333333334,0.835,0.2952345375193959,0.09702748501525288,0,,
21,possession_and_alienability,final,7313,lexical_domain,val,2,1.0,1.0,0.11113617248795071,0.022272355591941753,2,1.0,0.11113617248795071
21,possession_and_alienability,final,7313,lexical_domain,test,3,0.6666666666666666,0.66,0.0014775103749433511,0.0,3,0.6666666666666666,0.0014775103749433511
22,tense_prominence,mean,1385,marker_family,train,3,1.0,1.0,0.5523749031431213,0.08181769061937556,0,,
22,tense_prominence,mean,1385,marker_family,val,1,1.0,1.0,0.13822417679072582,0.13822417679072582,1,1.0,0.13822417679072582
22,tense_prominence,mean,1385,marker_family,test,2,0.0,0.0,0.0,0.0,2,0.0,0.0
22,tense_prominence,mean,1385,lexical_domain,train,6,0.8333333333333334,0.8275,0.4716734400559065,0.2130158515858212,0,,
22,tense_prominence,mean,1385,lexical_domain,val,2,1.0,1.0,0.15423920795957186,0.1387289180576143,2,1.0,0.15423920795957186
22,tense_prominence,mean,1385,lexical_domain,test,3,0.0,0.0,0.0,0.0,3,0.0,0.0
22,tense_prominence,final,3874,marker_family,train,3,0.6666666666666666,0.5,0.5114668768903486,0.03603684927745117,0,,
22,tense_prominence,final,3874,marker_family,val,1,1.0,1.0,0.1969492156043503,0.1969492156043503,1,1.0,0.1969492156043503
22,tense_prominence,final,3874,marker_family,test,2,0.5,0.6,0.4117931846388338,0.40964408664696134,2,0.5,0.4117931846388338
22,tense_prominence,final,3874,lexical_domain,train,6,0.6666666666666666,0.67,0.4536337902522749,0.15543256064322974,0,,
22,tense_prominence,final,3874,lexical_domain,val,2,1.0,1.0,0.21606456082388054,0.0744652295188207,2,1.0,0.21606456082388054
22,tense_prominence,final,3874,lexical_domain,test,3,0.6666666666666666,0.68,0.4082493022064538,0.21016561776534431,3,0.6666666666666666,0.4082493022064538
23,aspect_and_event_structure,mean,6216,marker_family,train,3,0.6666666666666666,0.75,0.3380639333796685,0.19685581117265427,0,,
23,aspect_and_event_structure,mean,6216,marker_family,val,2,0.5,0.52,0.33627365086214545,0.28729222835847446,2,0.5,0.33627365086214545
23,aspect_and_event_structure,mean,6216,marker_family,test,2,0.5,0.48,0.5069380494056941,0.37652240597250874,2,0.5,0.5069380494056941
23,aspect_and_event_structure,mean,6216,lexical_domain,train,6,0.6666666666666666,0.6675,0.7196371790319313,0.1677679930721869,0,,
23,aspect_and_event_structure,mean,6216,lexical_domain,val,2,0.5,0.5,0.34852934941640834,0.30228948406359424,2,0.5,0.34852934941640834
23,aspect_and_event_structure,mean,6216,lexical_domain,test,3,0.0,0.0,0.28798488929308474,0.24696149347621088,3,0.0,0.28798488929308474
23,aspect_and_event_structure,final,13190,marker_family,train,3,0.6666666666666666,0.75,0.6000911826484597,0.570357761242548,0,,
23,aspect_and_event_structure,final,13190,marker_family,val,2,0.5,0.52,0.3759915706950741,0.2449469466237407,2,0.5,0.3759915706950741
23,aspect_and_event_structure,final,13190,marker_family,test,2,0.5,0.48,0.2740328652438948,0.08572596039545752,2,0.5,0.2740328652438948
23,aspect_and_event_structure,final,13190,lexical_domain,train,6,0.8333333333333334,0.835,0.44327543248904794,0.03155572651725679,0,,
23,aspect_and_event_structure,final,13190,lexical_domain,val,2,1.0,1.0,0.23395264938222787,0.03903654852544277,2,1.0,0.23395264938222787
23,aspect_and_event_structure,final,13190,lexical_domain,test,3,0.0,0.0,0.3358634860521843,0.14241392572930064,3,0.0,0.3358634860521843
24,modality_and_mood,mean,3941,marker_family,train,3,1.0,1.0,0.409028542184408,0.3960882036603022,0,,
24,modality_and_mood,mean,3941,marker_family,val,1,1.0,1.0,0.20772254264829162,0.20772254264829162,1,1.0,0.20772254264829162
24,modality_and_mood,mean,3941,marker_family,test,2,0.5,0.5,0.09999999350873988,0.0,2,0.5,0.09999999350873988
24,modality_and_mood,mean,3941,lexical_domain,train,6,1.0,1.0,0.48806690433760413,0.34706541632436794,0,,
24,modality_and_mood,mean,3941,lexical_domain,val,2,1.0,1.0,0.18490822321926537,0.029202652977618725,2,1.0,0.18490822321926537
24,modality_and_mood,mean,3941,lexical_domain,test,3,0.3333333333333333,0.34,0.0,0.0,3,0.3333333333333333,0.0
24,modality_and_mood,final,6645,marker_family,train,3,1.0,1.0,0.5554699303293839,0.5384930137743323,0,,
24,modality_and_mood,final,6645,marker_family,val,1,1.0,1.0,0.44094877596267995,0.44094877596267995,1,1.0,0.44094877596267995
24,modality_and_mood,final,6645,marker_family,test,2,1.0,1.0,0.32019447795323724,0.19999999676446376,2,1.0,0.32019447795323724
24,modality_and_mood,final,6645,lexical_domain,train,6,1.0,1.0,0.565838305958171,0.50681980778835,0,,
24,modality_and_mood,final,6645,lexical_domain,val,2,1.0,1.0,0.42151864921260906,0.2826614276801525,2,1.0,0.42151864921260906
24,modality_and_mood,final,6645,lexical_domain,test,3,1.0,1.0,0.3196428679670915,0.30187731939951923,3,1.0,0.3196428679670915
25,epistemic_modality,mean,15221,marker_family,train,3,1.0,1.0,0.8012613307095198,0.7058520370312674,0,,
25,epistemic_modality,mean,15221,marker_family,val,1,1.0,1.0,0.5663724514050533,0.5663724514050533,1,1.0,0.5663724514050533
25,epistemic_modality,mean,15221,marker_family,test,2,1.0,1.0,0.6154499146091266,0.48373891170717237,2,1.0,0.6154499146091266
25,epistemic_modality,mean,15221,lexical_domain,train,6,1.0,1.0,0.8207325518017484,0.4929131773654304,0,,
25,epistemic_modality,mean,15221,lexical_domain,val,2,1.0,1.0,0.5070989596111237,0.24938420141307074,2,1.0,0.5070989596111237
25,epistemic_modality,mean,15221,lexical_domain,test,3,0.6666666666666666,0.68,0.7030444489743163,0.0,3,0.6666666666666666,0.7030444489743163
25,epistemic_modality,final,3874,marker_family,train,3,1.0,1.0,0.606240048721685,0.4656983662784182,0,,
25,epistemic_modality,final,3874,marker_family,val,1,1.0,1.0,0.569476252423648,0.569476252423648,1,1.0,0.569476252423648
25,epistemic_modality,final,3874,marker_family,test,2,1.0,1.0,0.4095280899291508,0.08725456892977956,2,1.0,0.4095280899291508
25,epistemic_modality,final,3874,lexical_domain,train,6,1.0,1.0,0.6068587660535747,0.3527344667988787,0,,
25,epistemic_modality,final,3874,lexical_domain,val,2,1.0,1.0,0.6147395986558746,0.5134323558212432,2,1.0,0.6147395986558746
25,epistemic_modality,final,3874,lexical_domain,test,3,0.6666666666666666,0.68,0.7190798839680348,0.6916003609848328,3,0.6666666666666666,0.7190798839680348
26,evidentiality,mean,11375,marker_family,train,3,1.0,1.0,0.9831977320483127,0.00210861381314829,0,,
26,evidentiality,mean,11375,marker_family,val,1,1.0,1.0,0.027904741382949058,0.027904741382949058,1,1.0,0.027904741382949058
26,evidentiality,mean,11375,marker_family,test,2,0.0,0.0,0.7454442385342974,0.7443336921433239,2,0.0,0.7454442385342974
26,evidentiality,mean,11375,lexical_domain,train,6,1.0,1.0,0.883733628802452,0.8586335809899188,0,,
26,evidentiality,mean,11375,lexical_domain,val,2,0.5,0.5,0.5190356759519941,0.4171700345892583,2,0.5,0.5190356759519941
26,evidentiality,mean,11375,lexical_domain,test,3,0.0,0.0,0.7744092483788376,0.6765448337319331,3,0.0,0.7744092483788376
26,evidentiality,final,7700,marker_family,train,3,1.0,1.0,0.9538271416774348,0.11180340222229018,0,,
26,evidentiality,final,7700,marker_family,val,1,1.0,1.0,0.3879500314686672,0.3879500314686672,1,1.0,0.3879500314686672
26,evidentiality,final,7700,marker_family,test,2,0.0,0.0,0.3672285848655416,0.23957815026990253,2,0.0,0.3672285848655416
26,evidentiality,final,7700,lexical_domain,train,6,1.0,1.0,0.8779681721573629,0.8596627017699972,0,,
26,evidentiality,final,7700,lexical_domain,val,2,1.0,1.0,0.46364399515229365,0.4592078352379524,2,1.0,0.46364399515229365
26,evidentiality,final,7700,lexical_domain,test,3,0.0,0.0,0.3586656584163924,0.3342243484516538,3,0.0,0.3586656584163924
27,mirativity_stance_and_affect_marking,mean,1887,marker_family,train,3,1.0,1.0,0.9794135768827505,0.9757145381660575,0,,
27,mirativity_stance_and_affect_marking,mean,1887,marker_family,val,1,1.0,1.0,0.8548626806132583,0.8548626806132583,1,1.0,0.8548626806132583
27,mirativity_stance_and_affect_marking,mean,1887,marker_family,test,2,1.0,1.0,0.9622762946024573,0.9366512999796547,2,1.0,0.9622762946024573
27,mirativity_stance_and_affect_marking,mean,1887,lexical_domain,train,6,1.0,1.0,0.993214885592264,0.9795150618289543,0,,
27,mirativity_stance_and_affect_marking,mean,1887,lexical_domain,val,2,1.0,1.0,0.8606122802518108,0.8143758267863958,2,1.0,0.8606122802518108
27,mirativity_stance_and_affect_marking,mean,1887,lexical_domain,test,3,1.0,1.0,0.9494225096742346,0.940782620603657,3,1.0,0.9494225096742346
27,mirativity_stance_and_affect_marking,final,6119,marker_family,train,3,1.0,1.0,0.943819240307383,0.9328645923576304,0,,
27,mirativity_stance_and_affect_marking,final,6119,marker_family,val,1,1.0,1.0,0.918796478439302,0.918796478439302,1,1.0,0.918796478439302
27,mirativity_stance_and_affect_marking,final,6119,marker_family,test,2,1.0,1.0,0.9353988206986457,0.8952140062465156,2,1.0,0.9353988206986457
27,mirativity_stance_and_affect_marking,final,6119,lexical_domain,train,6,1.0,1.0,0.985074805699637,0.9650069205680212,0,,
27,mirativity_stance_and_affect_marking,final,6119,lexical_domain,val,2,1.0,1.0,0.9271132933196393,0.9235505639387822,2,1.0,0.9271132933196393
27,mirativity_stance_and_affect_marking,final,6119,lexical_domain,test,3,1.0,1.0,0.9681827310844934,0.9078809446012824,3,1.0,0.9681827310844934
28,negation_and_polarity_structure,mean,4382,marker_family,train,3,1.0,1.0,0.631249204521233,0.26114961645673257,0,,
28,negation_and_polarity_structure,mean,4382,marker_family,val,1,1.0,1.0,0.2816453686892626,0.2816453686892626,1,1.0,0.2816453686892626
28,negation_and_polarity_structure,mean,4382,marker_family,test,3,0.6666666666666666,0.68,0.5714369829401512,0.1782348515276576,3,0.6666666666666666,0.5714369829401512
28,negation_and_polarity_structure,mean,4382,lexical_domain,train,6,1.0,1.0,0.5993627650504366,0.5588781023435855,0,,
28,negation_and_polarity_structure,mean,4382,lexical_domain,val,2,1.0,1.0,0.2585163203402855,0.05992618665544094,2,1.0,0.2585163203402855
28,negation_and_polarity_structure,mean,4382,lexical_domain,test,3,1.0,1.0,0.43587921404177815,0.2822679265915717,3,1.0,0.43587921404177815
28,negation_and_polarity_structure,final,648,marker_family,train,3,0.3333333333333333,0.5,0.0,0.0,0,,
28,negation_and_polarity_structure,final,648,marker_family,val,1,1.0,1.0,0.37699639424747333,0.37699639424747333,1,1.0,0.37699639424747333
28,negation_and_polarity_structure,final,648,marker_family,test,3,0.3333333333333333,0.32,0.34291282160314634,0.0,3,0.3333333333333333,0.34291282160314634
28,negation_and_polarity_structure,final,648,lexical_domain,train,6,1.0,1.0,0.40194226001491606,0.3866634704314194,0,,
28,negation_and_polarity_structure,final,648,lexical_domain,val,2,1.0,1.0,0.3786455136995272,0.35876276374573096,2,1.0,0.3786455136995272
28,negation_and_polarity_structure,final,648,lexical_domain,test,3,1.0,1.0,0.41618533484470294,0.0666730102671553,3,1.0,0.41618533484470294
29,quantifier_scope_and_distributivity,mean,8551,marker_family,train,3,1.0,1.0,0.7824172884752157,0.6041162277003551,0,,
29,quantifier_scope_and_distributivity,mean,8551,marker_family,val,1,1.0,1.0,0.47481097853938165,0.47481097853938165,1,1.0,0.47481097853938165
29,quantifier_scope_and_distributivity,mean,8551,marker_family,test,2,0.5,0.84,0.522146412641745,0.40055082586296664,2,0.5,0.522146412641745
29,quantifier_scope_and_distributivity,mean,8551,lexical_domain,train,6,1.0,1.0,0.7269360842873382,0.5937690063100489,0,,
29,quantifier_scope_and_distributivity,mean,8551,lexical_domain,val,2,1.0,1.0,0.47805308087686593,0.4137598926232631,2,1.0,0.47805308087686593
29,quantifier_scope_and_distributivity,mean,8551,lexical_domain,test,3,1.0,1.0,0.2762206866455586,0.16021141734819414,3,1.0,0.2762206866455586
29,quantifier_scope_and_distributivity,final,9467,marker_family,train,3,1.0,1.0,0.4000294835733662,0.04542217484616332,0,,
29,quantifier_scope_and_distributivity,final,9467,marker_family,val,1,1.0,1.0,0.24758158328350416,0.24758158328350416,1,1.0,0.24758158328350416
29,quantifier_scope_and_distributivity,final,9467,marker_family,test,2,1.0,1.0,0.3425372521908799,0.3315211150983979,2,1.0,0.3425372521908799
29,quantifier_scope_and_distributivity,final,9467,lexical_domain,train,6,1.0,1.0,0.2520013665700771,0.16394309040487892,0,,
29,quantifier_scope_and_distributivity,final,9467,lexical_domain,val,2,1.0,1.0,0.2327273030616988,0.12013111774738702,2,1.0,0.2327273030616988
29,quantifier_scope_and_distributivity,final,9467,lexical_domain,test,3,1.0,1.0,0.2742857507560035,0.24708863441885975,3,1.0,0.2742857507560035
30,conditional_and_counterfactual_marking,mean,15951,marker_family,train,3,0.6666666666666666,0.79,0.7430612310730884,0.15352318870445247,0,,
30,conditional_and_counterfactual_marking,mean,15951,marker_family,val,1,1.0,1.0,0.17895762496855153,0.17895762496855153,1,1.0,0.17895762496855153
30,conditional_and_counterfactual_marking,mean,15951,marker_family,test,2,1.0,1.0,0.2999260325605878,0.23422206997251294,2,1.0,0.2999260325605878
30,conditional_and_counterfactual_marking,mean,15951,lexical_domain,train,6,1.0,1.0,0.7266514948646446,0.677746770236747,0,,
30,conditional_and_counterfactual_marking,mean,15951,lexical_domain,val,2,1.0,1.0,0.16507854190293153,0.05211335559449226,2,1.0,0.16507854190293153
30,conditional_and_counterfactual_marking,mean,15951,lexical_domain,test,3,1.0,1.0,0.26317889226620444,0.1751780788236597,3,1.0,0.26317889226620444
30,conditional_and_counterfactual_marking,final,5219,marker_family,train,3,1.0,1.0,0.8291396010992399,0.761907748293178,0,,
30,conditional_and_counterfactual_marking,final,5219,marker_family,val,1,1.0,1.0,0.503989208483346,0.503989208483346,1,1.0,0.503989208483346
30,conditional_and_counterfactual_marking,final,5219,marker_family,test,2,1.0,1.0,0.7271136224643633,0.6869535573363617,2,1.0,0.7271136224643633
30,conditional_and_counterfactual_marking,final,5219,lexical_domain,train,6,1.0,1.0,0.8136584249153463,0.6971720156501663,0,,
30,conditional_and_counterfactual_marking,final,5219,lexical_domain,val,2,1.0,1.0,0.5121083090274737,0.4190545543535554,2,1.0,0.5121083090274737
30,conditional_and_counterfactual_marking,final,5219,lexical_domain,test,3,1.0,1.0,0.7410794432343178,0.6071702060570874,3,1.0,0.7410794432343178
31,subordination_and_embedding,mean,7643,marker_family,train,3,1.0,1.0,0.9908295746549702,0.970617828723952,0,,
31,subordination_and_embedding,mean,7643,marker_family,val,1,1.0,1.0,0.9114087870239151,0.9114087870239151,1,1.0,0.9114087870239151
31,subordination_and_embedding,mean,7643,marker_family,test,2,1.0,1.0,0.5576304304524522,0.2,2,1.0,0.5576304304524522
31,subordination_and_embedding,mean,7643,lexical_domain,train,6,1.0,1.0,0.9261208110856343,0.9186059729555519,0,,
31,subordination_and_embedding,mean,7643,lexical_domain,val,2,1.0,1.0,0.9925562682733478,0.9908080995194118,2,1.0,0.9925562682733478
31,subordination_and_embedding,mean,7643,lexical_domain,test,3,1.0,1.0,0.6553566862613445,0.6221578300583931,3,1.0,0.6553566862613445
31,subordination_and_embedding,final,8006,marker_family,train,3,1.0,1.0,0.8938025710678679,0.8551852591414278,0,,
31,subordination_and_embedding,final,8006,marker_family,val,1,1.0,1.0,0.8674732929561293,0.8674732929561293,1,1.0,0.8674732929561293
31,subordination_and_embedding,final,8006,marker_family,test,2,0.5,0.5,0.7906390493609063,0.6466975515089793,2,0.5,0.7906390493609063
31,subordination_and_embedding,final,8006,lexical_domain,train,6,1.0,1.0,0.8961431583755752,0.7975106667336423,0,,
31,subordination_and_embedding,final,8006,lexical_domain,val,2,1.0,1.0,0.8713700390410004,0.8598654157983772,2,1.0,0.8713700390410004
31,subordination_and_embedding,final,8006,lexical_domain,test,3,1.0,1.0,0.21200169577743325,0.18165177213933503,3,1.0,0.21200169577743325
32,quotation_and_reported_speech_structure,mean,1754,marker_family,train,3,1.0,1.0,0.7655789979134607,0.7453644630082377,0,,
32,quotation_and_reported_speech_structure,mean,1754,marker_family,val,1,1.0,1.0,0.8591979651935422,0.8591979651935422,1,1.0,0.8591979651935422
32,quotation_and_reported_speech_structure,mean,1754,marker_family,test,2,1.0,1.0,0.8864614209777115,0.7834973240097949,2,1.0,0.8864614209777115
32,quotation_and_reported_speech_structure,mean,1754,lexical_domain,train,6,1.0,1.0,0.9389395737838371,0.527147244660421,0,,
32,quotation_and_reported_speech_structure,mean,1754,lexical_domain,val,2,1.0,1.0,0.8593914800505946,0.8567708365815713,2,1.0,0.8593914800505946
32,quotation_and_reported_speech_structure,mean,1754,lexical_domain,test,3,1.0,1.0,0.9588244228432564,0.7586214035283438,3,1.0,0.9588244228432564
32,quotation_and_reported_speech_structure,final,10068,marker_family,train,3,0.6666666666666666,0.65,0.7536523115881684,0.0,0,,
32,quotation_and_reported_speech_structure,final,10068,marker_family,val,1,1.0,1.0,0.7059122997348665,0.7059122997348665,1,1.0,0.7059122997348665
32,quotation_and_reported_speech_structure,final,10068,marker_family,test,2,1.0,1.0,0.7033302799990329,0.6887609474939653,2,1.0,0.7033302799990329
32,quotation_and_reported_speech_structure,final,10068,lexical_domain,train,6,1.0,1.0,0.6684779190457877,0.297958603320055,0,,
32,quotation_and_reported_speech_structure,final,10068,lexical_domain,val,2,1.0,1.0,0.7023310083023324,0.6313066522543885,2,1.0,0.7023310083023324
32,quotation_and_reported_speech_structure,final,10068,lexical_domain,test,3,1.0,1.0,0.7264637551482009,0.6405505885005555,3,1.0,0.7264637551482009
33,discourse_relation_marking,mean,9728,marker_family,train,3,1.0,1.0,0.9475862921365462,0.8023516529068708,0,,
33,discourse_relation_marking,mean,9728,marker_family,val,1,1.0,1.0,0.11160958691078557,0.11160958691078557,1,1.0,0.11160958691078557
33,discourse_relation_marking,mean,9728,marker_family,test,2,0.0,0.0,0.8945630029013688,0.8604258637873095,2,0.0,0.8945630029013688
33,discourse_relation_marking,mean,9728,lexical_domain,train,6,1.0,1.0,0.9729861464052926,0.6661304959724387,0,,
33,discourse_relation_marking,mean,9728,lexical_domain,val,2,1.0,1.0,0.12612642049337713,0.05872264451101463,2,1.0,0.12612642049337713
33,discourse_relation_marking,mean,9728,lexical_domain,test,3,0.0,0.0,0.892551359501053,0.8640470824847803,3,0.0,0.892551359501053
33,discourse_relation_marking,final,3617,marker_family,train,3,1.0,1.0,0.6289088436142442,0.2793386749416732,0,,
33,discourse_relation_marking,final,3617,marker_family,val,1,1.0,1.0,0.029119087318512173,0.029119087318512173,1,1.0,0.029119087318512173
33,discourse_relation_marking,final,3617,marker_family,test,2,0.5,0.5,0.07804823061783003,0.07215544588867541,2,0.5,0.07804823061783003
33,discourse_relation_marking,final,3617,lexical_domain,train,6,1.0,1.0,0.47660519396292267,0.17976568724624592,0,,
33,discourse_relation_marking,final,3617,lexical_domain,val,2,0.5,0.5,0.22215795324409798,0.21618509225543894,2,0.5,0.22215795324409798
33,discourse_relation_marking,final,3617,lexical_domain,test,3,0.6666666666666666,0.68,0.17870732219241997,0.10048247069589557,3,0.6666666666666666,0.17870732219241997
34,topic_comment_structure,mean,10896,marker_family,train,3,0.6666666666666666,0.8325,0.6475374937372416,0.0,0,,
34,topic_comment_structure,mean,10896,marker_family,val,1,1.0,1.0,0.2903422792370433,0.2903422792370433,1,1.0,0.2903422792370433
34,topic_comment_structure,mean,10896,marker_family,test,2,1.0,1.0,0.6750251179811951,0.5727919159778523,2,1.0,0.6750251179811951
34,topic_comment_structure,mean,10896,lexical_domain,train,6,0.8333333333333334,0.8325,0.8284073721303691,0.0,0,,
34,topic_comment_structure,mean,10896,lexical_domain,val,2,1.0,1.0,0.2912449002201797,0.24294522618909176,2,1.0,0.2912449002201797
34,topic_comment_structure,mean,10896,lexical_domain,test,3,0.6666666666666666,0.66,0.7209850759006898,0.2425356361373728,3,0.6666666666666666,0.7209850759006898
34,topic_comment_structure,final,12998,marker_family,train,3,1.0,1.0,0.8121011231670349,0.705858322416335,0,,
34,topic_comment_structure,final,12998,marker_family,val,1,1.0,1.0,0.6565368257059352,0.6565368257059352,1,1.0,0.6565368257059352
34,topic_comment_structure,final,12998,marker_family,test,2,1.0,1.0,0.8019875058646112,0.6258540139198635,2,1.0,0.8019875058646112
34,topic_comment_structure,final,12998,lexical_domain,train,6,1.0,1.0,0.8570392570534143,0.5612719443959817,0,,
34,topic_comment_structure,final,12998,lexical_domain,val,2,1.0,1.0,0.6441518400291149,0.5158171854462644,2,1.0,0.6441518400291149
34,topic_comment_structure,final,12998,lexical_domain,test,3,1.0,1.0,0.6472436300790054,0.40902182566469636,3,1.0,0.6472436300790054
35,focus_and_given_new_marking,mean,7136,marker_family,train,3,0.6666666666666666,0.755,0.21997301006963974,0.0,0,,
35,focus_and_given_new_marking,mean,7136,marker_family,val,1,1.0,1.0,0.4188220904054258,0.4188220904054258,1,1.0,0.4188220904054258
35,focus_and_given_new_marking,mean,7136,marker_family,test,2,0.5,0.46,0.3923489204571481,0.27427192249085425,2,0.5,0.3923489204571481
35,focus_and_given_new_marking,mean,7136,lexical_domain,train,6,1.0,1.0,0.7003361767059686,0.6867357992022085,0,,
35,focus_and_given_new_marking,mean,7136,lexical_domain,val,2,1.0,1.0,0.40886177643408783,0.23106628973754034,2,1.0,0.40886177643408783
35,focus_and_given_new_marking,mean,7136,lexical_domain,test,3,0.6666666666666666,0.68,0.27708579144777634,0.1580078589532388,3,0.6666666666666666,0.27708579144777634
35,focus_and_given_new_marking,final,9531,marker_family,train,3,1.0,1.0,0.6742512208511382,0.521136407714686,0,,
35,focus_and_given_new_marking,final,9531,marker_family,val,1,1.0,1.0,0.5337581176949763,0.5337581176949763,1,1.0,0.5337581176949763
35,focus_and_given_new_marking,final,9531,marker_family,test,2,1.0,1.0,0.6749927570671173,0.5819960551019105,2,1.0,0.6749927570671173
35,focus_and_given_new_marking,final,9531,lexical_domain,train,6,1.0,1.0,0.7924795951608851,0.7459706997976798,0,,
35,focus_and_given_new_marking,final,9531,lexical_domain,val,2,1.0,1.0,0.5518022220330515,0.48547301309456253,2,1.0,0.5518022220330515
35,focus_and_given_new_marking,final,9531,lexical_domain,test,3,1.0,1.0,0.7326833215254078,0.44385439141862393,3,1.0,0.7326833215254078
36,genericity_and_kind_level_reference,mean,5836,marker_family,train,3,1.0,1.0,0.23942140162863818,0.21389358718084397,0,,
36,genericity_and_kind_level_reference,mean,5836,marker_family,val,1,1.0,1.0,0.23299765773950656,0.23299765773950656,1,1.0,0.23299765773950656
36,genericity_and_kind_level_reference,mean,5836,marker_family,test,2,0.5,0.34,0.6529254165470519,0.42394673442882447,2,0.5,0.6529254165470519
36,genericity_and_kind_level_reference,mean,5836,lexical_domain,train,6,1.0,1.0,0.3686340786855442,0.29036120539230614,0,,
36,genericity_and_kind_level_reference,mean,5836,lexical_domain,val,2,1.0,1.0,0.2731520181336589,0.14664284608925116,2,1.0,0.2731520181336589
36,genericity_and_kind_level_reference,mean,5836,lexical_domain,test,3,1.0,1.0,0.395321195042412,0.12584750754443946,3,1.0,0.395321195042412
36,genericity_and_kind_level_reference,final,13305,marker_family,train,3,0.3333333333333333,0.3325,0.0,0.0,0,,
36,genericity_and_kind_level_reference,final,13305,marker_family,val,1,1.0,1.0,0.303249357862662,0.303249357862662,1,1.0,0.303249357862662
36,genericity_and_kind_level_reference,final,13305,marker_family,test,2,0.5,0.34,0.37284960059298,0.0,2,0.5,0.37284960059298
36,genericity_and_kind_level_reference,final,13305,lexical_domain,train,6,1.0,1.0,0.3035631277094596,0.24107068665350306,0,,
36,genericity_and_kind_level_reference,final,13305,lexical_domain,val,2,1.0,1.0,0.3067038139712953,0.26699744113777074,2,1.0,0.3067038139712953
36,genericity_and_kind_level_reference,final,13305,lexical_domain,test,3,1.0,1.0,0.4199632610628168,0.4131803086290163,3,1.0,0.4199632610628168
37,social_deixis_honorifics_status_encoding,mean,2081,marker_family,train,3,0.6666666666666666,0.8325,0.9100553624407655,0.0,0,,
37,social_deixis_honorifics_status_encoding,mean,2081,marker_family,val,1,1.0,1.0,0.4216081901597887,0.4216081901597887,1,1.0,0.4216081901597887
37,social_deixis_honorifics_status_encoding,mean,2081,marker_family,test,2,0.5,0.5,0.8917798041326979,0.7993793903676117,2,0.5,0.8917798041326979
37,social_deixis_honorifics_status_encoding,mean,2081,lexical_domain,train,6,0.8333333333333334,0.8325,0.9891303346575924,0.0,0,,
37,social_deixis_honorifics_status_encoding,mean,2081,lexical_domain,val,2,1.0,1.0,0.4269801149020298,0.3621367006315163,2,1.0,0.4269801149020298
37,social_deixis_honorifics_status_encoding,mean,2081,lexical_domain,test,3,0.6666666666666666,0.66,0.5885538571757556,0.4773403138663576,3,0.6666666666666666,0.5885538571757556
37,social_deixis_honorifics_status_encoding,final,13774,marker_family,train,3,1.0,1.0,0.6145771514305497,0.2244060980846463,0,,
37,social_deixis_honorifics_status_encoding,final,13774,marker_family,val,1,1.0,1.0,0.2297855038856595,0.2297855038856595,1,1.0,0.2297855038856595
37,social_deixis_honorifics_status_encoding,final,13774,marker_family,test,2,0.5,0.5,0.5906883916375352,0.5831628257893888,2,0.5,0.5906883916375352
37,social_deixis_honorifics_status_encoding,final,13774,lexical_domain,train,6,1.0,1.0,0.7212484972130346,0.2244060980846463,0,,
37,social_deixis_honorifics_status_encoding,final,13774,lexical_domain,val,2,1.0,1.0,0.23864480635766672,0.16962156590770286,2,1.0,0.23864480635766672
37,social_deixis_honorifics_status_encoding,final,13774,lexical_domain,test,3,0.3333333333333333,0.32,0.32584333750339,0.11742265861360023,3,0.3333333333333333,0.32584333750339
38,speech_act_force_and_request_directness,mean,3396,marker_family,train,3,0.6666666666666666,0.855,0.441799419447898,0.13130643338300516,0,,
38,speech_act_force_and_request_directness,mean,3396,marker_family,val,1,1.0,1.0,0.05731476740785781,0.05731476740785781,1,1.0,0.05731476740785781
38,speech_act_force_and_request_directness,mean,3396,marker_family,test,2,1.0,1.0,0.47390458297489324,0.36783350490385375,2,1.0,0.47390458297489324
38,speech_act_force_and_request_directness,mean,3396,lexical_domain,train,6,1.0,1.0,0.4675458931566733,0.31216537302233605,0,,
38,speech_act_force_and_request_directness,mean,3396,lexical_domain,val,2,0.5,0.48,0.08433853612027369,0.025811075011131304,2,0.5,0.08433853612027369
38,speech_act_force_and_request_directness,mean,3396,lexical_domain,test,3,1.0,1.0,0.432161437151321,0.36351414059622966,3,1.0,0.432161437151321
38,speech_act_force_and_request_directness,final,10655,marker_family,train,3,0.3333333333333333,0.145,0.0,0.0,0,,
38,speech_act_force_and_request_directness,final,10655,marker_family,val,1,1.0,1.0,0.5803316562825156,0.5803316562825156,1,1.0,0.5803316562825156
38,speech_act_force_and_request_directness,final,10655,marker_family,test,2,0.0,0.0,0.0,0.0,2,0.0,0.0
38,speech_act_force_and_request_directness,final,10655,lexical_domain,train,6,1.0,1.0,0.3818823847896812,0.3663438913469225,0,,
38,speech_act_force_and_request_directness,final,10655,lexical_domain,val,2,1.0,1.0,0.582223286855633,0.5571525438535279,2,1.0,0.582223286855633
38,speech_act_force_and_request_directness,final,10655,lexical_domain,test,3,0.0,0.0,0.0,0.0,3,0.0,0.0
39,deixis_and_perspective_anchoring,mean,14441,marker_family,train,3,0.6666666666666666,0.7,0.8078405499340233,0.15811388616329194,0,,
39,deixis_and_perspective_anchoring,mean,14441,marker_family,val,1,1.0,1.0,0.31622776581791034,0.31622776581791034,1,1.0,0.31622776581791034
39,deixis_and_perspective_anchoring,mean,14441,marker_family,test,2,0.5,0.62,0.17125363656724713,0.0,2,0.5,0.17125363656724713
39,deixis_and_perspective_anchoring,mean,14441,lexical_domain,train,6,1.0,1.0,0.7269008502691043,0.6116840979673128,0,,
39,deixis_and_perspective_anchoring,mean,14441,lexical_domain,val,2,0.5,0.5,0.2236068097326085,0.0,2,0.5,0.2236068097326085
39,deixis_and_perspective_anchoring,mean,14441,lexical_domain,test,3,0.6666666666666666,0.66,0.25,0.0,3,0.6666666666666666,0.25
39,deixis_and_perspective_anchoring,final,8952,marker_family,train,3,1.0,1.0,0.3168287478964744,0.07198528719793762,0,,
39,deixis_and_perspective_anchoring,final,8952,marker_family,val,1,1.0,1.0,0.6743013608449072,0.6743013608449072,1,1.0,0.6743013608449072
39,deixis_and_perspective_anchoring,final,8952,marker_family,test,2,1.0,1.0,0.2604460001843509,0.23158797589319524,2,1.0,0.2604460001843509
39,deixis_and_perspective_anchoring,final,8952,lexical_domain,train,6,1.0,1.0,0.38413744281082585,0.056299691864358875,0,,
39,deixis_and_perspective_anchoring,final,8952,lexical_domain,val,2,1.0,1.0,0.7383753602958347,0.7230011797986299,2,1.0,0.7383753602958347
39,deixis_and_perspective_anchoring,final,8952,lexical_domain,test,3,0.6666666666666666,0.68,0.21281779819156832,0.07583288535084483,3,0.6666666666666666,0.21281779819156832
40,orthographic_and_tokenization_interface,mean,3132,marker_family,train,3,0.6666666666666666,0.6675,0.22571490057005686,0.0,0,,
40,orthographic_and_tokenization_interface,mean,3132,marker_family,val,1,1.0,1.0,0.1414213552442627,0.1414213552442627,1,1.0,0.1414213552442627
40,orthographic_and_tokenization_interface,mean,3132,marker_family,test,2,0.5,0.5,0.3381447220732382,0.28175581124525595,2,0.5,0.3381447220732382
40,orthographic_and_tokenization_interface,mean,3132,lexical_domain,train,6,0.6666666666666666,0.6675,0.2207055959171243,0.0,0,,
40,orthographic_and_tokenization_interface,mean,3132,lexical_domain,val,2,0.5,0.5,0.09999999737098753,0.0,2,0.5,0.09999999737098753
40,orthographic_and_tokenization_interface,mean,3132,lexical_domain,test,3,0.0,0.0,0.3072195251907982,0.0,3,0.0,0.3072195251907982
40,orthographic_and_tokenization_interface,final,4825,marker_family,train,3,1.0,1.0,0.6121722375293321,0.002091112439358063,0,,
40,orthographic_and_tokenization_interface,final,4825,marker_family,val,1,1.0,1.0,0.44286776512101933,0.44286776512101933,1,1.0,0.44286776512101933
40,orthographic_and_tokenization_interface,final,4825,marker_family,test,2,0.5,0.5,0.4339020451890156,0.26826192088899803,2,0.5,0.4339020451890156
40,orthographic_and_tokenization_interface,final,4825,lexical_domain,train,6,0.8333333333333334,0.8325,0.6433050464419534,0.19966364857530117,0,,
40,orthographic_and_tokenization_interface,final,4825,lexical_domain,val,2,1.0,1.0,0.44007264890366027,0.2920287545125062,2,1.0,0.44007264890366027
40,orthographic_and_tokenization_interface,final,4825,lexical_domain,test,3,1.0,1.0,0.27273977810818484,0.0932609266520325,3,1.0,0.27273977810818484
