text_probe_family,variable_id,variable,model_kind,train_accuracy,train_balanced_accuracy,train_f1,train_auroc,train_n,train_positive_rate,val_accuracy,val_balanced_accuracy,val_f1,val_auroc,val_n,val_positive_rate,test_accuracy,test_balanced_accuracy,test_f1,test_auroc,test_n,test_positive_rate,val_auroc_ci_lower,val_auroc_ci_upper,val_auroc_bootstrap_valid_samples,test_auroc_ci_lower,test_auroc_ci_upper,test_auroc_bootstrap_valid_samples
text_sentence_basis_changed,1,Subject expression / pro-drop,word_tfidf,0.9875,0.9875,0.9876543209876543,0.9999,800,0.5,0.58,0.5800000000000001,0.6818181818181818,0.5609999999999999,100,0.5,0.5,0.5,0.2647058823529412,0.533,100,0.5,,,,,,
text_delta_direction_basis_to_changed,1,Subject expression / pro-drop,word_tfidf,0.7425,0.7424999999999999,0.7952286282306164,0.8673875,800,0.5,0.5,0.5,0.6666666666666666,0.5000000000000001,100,0.5,0.5,0.5,0.6666666666666666,0.5,100,0.5,0.38051593710112824,0.6111196633825945,1000.0,0.39202724358974367,0.6145898984593838,1000.0
text_sentence_basis_changed,1,Subject expression / pro-drop,char_tfidf,0.99375,0.99375,0.9937888198757764,0.99999375,800,0.5,0.58,0.58,0.5,0.6872,100,0.5,0.51,0.51,0.30985915492957744,0.5556,100,0.5,,,,,,
text_delta_direction_basis_to_changed,1,Subject expression / pro-drop,char_tfidf,0.7375,0.7375,0.7244094488188977,0.8622125,800,0.5,0.5,0.5,0.34210526315789475,0.5,100,0.5,0.5,0.5,0.358974358974359,0.5,100,0.5,,,,,,
text_sentence_basis_changed,1,Subject expression / pro-drop,length_punct,0.7875,0.7875000000000001,0.8140043763676149,0.847834375,800,0.5,0.5,0.5,0.0,0.7642,100,0.5,0.5,0.5,0.0,0.8332,100,0.5,0.6742934463166145,0.850865038909984,1000.0,0.747703099989996,0.9097057801662586,1000.0
text_delta_direction_basis_to_changed,1,Subject expression / pro-drop,length_punct,0.5,0.5,0.0,0.5,800,0.5,0.5,0.5,0.0,0.5,100,0.5,0.5,0.5,0.0,0.5,100,0.5,,,,,,
text_sentence_basis_changed,2,basic_constituent_order,word_tfidf,1.0,1.0,1.0,1.0,800,0.5,0.5,0.5,0.6666666666666666,0.5,100,0.5,0.5,0.5,0.6666666666666666,0.498,100,0.5,,,,,,
text_delta_direction_basis_to_changed,2,basic_constituent_order,word_tfidf,0.9,0.9,0.8888888888888888,0.9800000000000001,800,0.5,0.5,0.5,0.0,0.5,100,0.5,0.5,0.5,0.0,0.5002000000000001,100,0.5,0.5,0.5,1000.0,0.4242932224025975,0.5747534091479325,1000.0
text_sentence_basis_changed,2,basic_constituent_order,char_tfidf,1.0,1.0,1.0,1.0,800,0.5,0.78,0.78,0.7555555555555555,0.8098,100,0.5,0.53,0.53,0.5982905982905983,0.6178,100,0.5,0.7167529408902351,0.8931814525075634,1000.0,0.5063376492423894,0.7358276022541819,1000.0
text_delta_direction_basis_to_changed,2,basic_constituent_order,char_tfidf,0.5,0.5,0.0,0.5,800,0.5,0.5,0.5,0.0,0.5,100,0.5,0.5,0.5,0.0,0.5,100,0.5,,,,,,
text_sentence_basis_changed,2,basic_constituent_order,length_punct,0.545,0.545,0.5882352941176471,0.5821343750000001,800,0.5,0.5,0.5,0.5283018867924528,0.5,100,0.5,0.5,0.5,0.576271186440678,0.5032,100,0.5,,,,,,
text_delta_direction_basis_to_changed,2,basic_constituent_order,length_punct,0.5,0.5,0.0,0.5,800,0.5,0.5,0.5,0.0,0.5,100,0.5,0.5,0.5,0.0,0.5,100,0.5,,,,,,
text_sentence_basis_changed,3,nominal_modifier_order,word_tfidf,1.0,1.0,1.0,1.0,800,0.5,0.45,0.44999999999999996,0.35294117647058826,0.4528,100,0.5,0.56,0.56,0.5111111111111111,0.6098,100,0.5,,,,,,
text_delta_direction_basis_to_changed,3,nominal_modifier_order,word_tfidf,0.5,0.5,0.0,0.5,800,0.5,0.5,0.5,0.0,0.5,100,0.5,0.5,0.5,0.0,0.5,100,0.5,0.5,0.5,1000.0,0.5,0.5,1000.0
text_sentence_basis_changed,3,nominal_modifier_order,char_tfidf,0.98375,0.98375,0.9837702871410736,0.9984625,800,0.5,0.41,0.41000000000000003,0.40404040404040403,0.3828,100,0.5,0.53,0.53,0.45977011494252873,0.48260000000000003,100,0.5,,,,,,
text_delta_direction_basis_to_changed,3,nominal_modifier_order,char_tfidf,0.5,0.5,0.0,0.5,800,0.5,0.5,0.5,0.0,0.5,100,0.5,0.5,0.5,0.0,0.5,100,0.5,,,,,,
text_sentence_basis_changed,3,nominal_modifier_order,length_punct,0.66625,0.66625,0.6969353007945517,0.7606906250000001,800,0.5,0.61,0.61,0.6486486486486487,0.7152,100,0.5,0.5,0.5,0.6428571428571429,0.5142,100,0.5,0.6050468632308634,0.8119652879511658,1000.0,0.39365749979145714,0.628467189766312,1000.0
text_delta_direction_basis_to_changed,3,nominal_modifier_order,length_punct,0.5,0.5,0.0,0.5,800,0.5,0.5,0.5,0.0,0.5,100,0.5,0.5,0.5,0.0,0.5,100,0.5,,,,,,
text_sentence_basis_changed,4,case_marking,word_tfidf,1.0,1.0,1.0,1.0,800,0.5,0.6,0.6000000000000001,0.6226415094339622,0.6694,100,0.5,0.66,0.6599999999999999,0.6458333333333334,0.7678,100,0.5,,,,,,
text_delta_direction_basis_to_changed,4,case_marking,word_tfidf,1.0,1.0,1.0,1.0,800,0.5,0.62,0.62,0.7246376811594203,0.7008,100,0.5,0.57,0.5700000000000001,0.6993006993006993,0.6301999999999999,100,0.5,0.5927480623973728,0.7949167425436886,1000.0,0.5175644110301126,0.7346694669640803,1000.0
text_sentence_basis_changed,4,case_marking,char_tfidf,0.96375,0.96375,0.9637046307884856,0.9956250000000001,800,0.5,0.72,0.72,0.6111111111111112,0.9024000000000001,100,0.5,0.92,0.9199999999999999,0.9183673469387755,0.982,100,0.5,0.8391168588647581,0.9515833869779795,1000.0,0.9614121510673235,0.9959745179263706,1000.0
text_delta_direction_basis_to_changed,4,case_marking,char_tfidf,0.565,0.565,0.6704545454545454,0.6171875,800,0.5,0.48,0.48,0.48,0.4284,100,0.5,0.5,0.5,0.6666666666666666,0.5,100,0.5,,,,,,
text_sentence_basis_changed,4,case_marking,length_punct,0.5,0.5,0.504950495049505,0.5003499999999999,800,0.5,0.5,0.5,0.5967741935483871,0.4999999999999999,100,0.5,0.5,0.5,0.5192307692307693,0.49740000000000006,100,0.5,,,,,,
text_delta_direction_basis_to_changed,4,case_marking,length_punct,0.5,0.5,0.0,0.5,800,0.5,0.5,0.5,0.0,0.5,100,0.5,0.5,0.5,0.0,0.5,100,0.5,,,,,,
text_sentence_basis_changed,5,morphosyntactic_alignment,word_tfidf,0.9625,0.9624999999999999,0.9627791563275434,0.9952749999999999,800,0.5,0.85,0.85,0.845360824742268,0.9328,100,0.5,0.76,0.76,0.7391304347826086,0.8757999999999999,100,0.5,0.8810100888694639,0.9722710307110922,1000.0,0.795883655394525,0.9379836025319218,1000.0
text_delta_direction_basis_to_changed,5,morphosyntactic_alignment,word_tfidf,0.825,0.825,0.8284313725490197,0.9325125,800,0.5,0.84,0.84,0.84,0.9462,100,0.5,0.77,0.77,0.7676767676767676,0.844,100,0.5,0.9003939393939393,0.9779216195933567,1000.0,0.7700030438311689,0.9090936363636365,1000.0
text_sentence_basis_changed,5,morphosyntactic_alignment,char_tfidf,0.90375,0.90375,0.9071170084439083,0.9738312499999999,800,0.5,0.83,0.8300000000000001,0.8247422680412371,0.9268000000000001,100,0.5,0.76,0.76,0.7446808510638298,0.8704000000000001,100,0.5,,,,,,
text_delta_direction_basis_to_changed,5,morphosyntactic_alignment,char_tfidf,0.72125,0.72125,0.7215980024968789,0.8081562499999999,800,0.5,0.76,0.76,0.7446808510638298,0.84,100,0.5,0.73,0.73,0.7272727272727273,0.7822,100,0.5,,,,,,
text_sentence_basis_changed,5,morphosyntactic_alignment,length_punct,0.6675,0.6675,0.6724137931034483,0.7472562500000001,800,0.5,0.65,0.65,0.6902654867256637,0.7212,100,0.5,0.69,0.69,0.7102803738317757,0.7172,100,0.5,,,,,,
text_delta_direction_basis_to_changed,5,morphosyntactic_alignment,length_punct,0.5,0.5,0.0,0.5,800,0.5,0.5,0.5,0.0,0.5,100,0.5,0.5,0.5,0.0,0.5,100,0.5,,,,,,
text_sentence_basis_changed,6,transitivity_valency,word_tfidf,0.9975,0.9975,0.9974937343358395,0.99998125,800,0.5,0.51,0.51,0.6711409395973155,0.6632,100,0.5,0.5,0.5,0.6666666666666666,0.6285999999999999,100,0.5,,,,,,
text_delta_direction_basis_to_changed,6,transitivity_valency,word_tfidf,0.5,0.5,0.0,0.5,800,0.5,0.5,0.5,0.0,0.5,100,0.5,0.5,0.5,0.0,0.5,100,0.5,0.5,0.5,1000.0,0.5,0.5,1000.0
text_sentence_basis_changed,6,transitivity_valency,char_tfidf,0.98625,0.9862500000000001,0.986335403726708,0.99909375,800,0.5,0.46,0.46,0.625,0.44720000000000004,100,0.5,0.51,0.51,0.6711409395973155,0.7484,100,0.5,,,,,,
text_delta_direction_basis_to_changed,6,transitivity_valency,char_tfidf,0.5,0.5,0.0,0.5,800,0.5,0.5,0.5,0.0,0.5,100,0.5,0.5,0.5,0.0,0.5,100,0.5,,,,,,
text_sentence_basis_changed,6,transitivity_valency,length_punct,0.84375,0.84375,0.8431618569636136,0.93509375,800,0.5,0.5,0.5,0.6666666666666666,0.9738,100,0.5,0.54,0.54,0.684931506849315,0.9964,100,0.5,0.9428732789326766,0.9948077788807831,1000.0,0.9894889004822387,1.0,1000.0
text_delta_direction_basis_to_changed,6,transitivity_valency,length_punct,0.5,0.5,0.0,0.5,800,0.5,0.5,0.5,0.0,0.5,100,0.5,0.5,0.5,0.0,0.5,100,0.5,,,,,,
text_sentence_basis_changed,7,voice_and_agent_prominence,word_tfidf,0.975,0.975,0.9743589743589743,1.0,800,0.5,1.0,1.0,1.0,1.0,100,0.5,0.5,0.5,0.5283018867924528,0.6286,100,0.5,0.9999999999999999,1.0,1000.0,0.5156681150721157,0.7411195326615494,1000.0
text_delta_direction_basis_to_changed,7,voice_and_agent_prominence,word_tfidf,0.52875,0.52875,0.4785615491009682,0.5536031250000001,800,0.5,0.5,0.5,0.358974358974359,0.5,100,0.5,0.75,0.75,0.691358024691358,0.875,100,0.5,0.3940080048173424,0.6046741885159861,1000.0,0.8087755132850241,0.929147166112822,1000.0
text_sentence_basis_changed,7,voice_and_agent_prominence,char_tfidf,0.98625,0.9862500000000001,0.9860583016476553,0.99999375,800,0.5,1.0,1.0,1.0,1.0,100,0.5,0.69,0.69,0.6736842105263158,0.8004,100,0.5,,,,,,
text_delta_direction_basis_to_changed,7,voice_and_agent_prominence,char_tfidf,0.5,0.5,0.0,0.5,800,0.5,0.5,0.5,0.0,0.5,100,0.5,0.5,0.5,0.0,0.5,100,0.5,,,,,,
text_sentence_basis_changed,7,voice_and_agent_prominence,length_punct,0.68625,0.68625,0.6826801517067004,0.742146875,800,0.5,0.63,0.63,0.6837606837606838,0.7084,100,0.5,0.66,0.6599999999999999,0.5277777777777778,0.7709999999999998,100,0.5,,,,,,
text_delta_direction_basis_to_changed,7,voice_and_agent_prominence,length_punct,0.5,0.5,0.0,0.5,800,0.5,0.5,0.5,0.0,0.5,100,0.5,0.5,0.5,0.0,0.5,100,0.5,,,,,,
text_sentence_basis_changed,8,causativity_and_valency_change,word_tfidf,0.975,0.9750000000000001,0.9745547073791349,0.99885625,800,0.5,0.73,0.73,0.6966292134831461,0.8114,100,0.5,0.62,0.62,0.6346153846153846,0.6963999999999999,100,0.5,,,,,,
text_delta_direction_basis_to_changed,8,causativity_and_valency_change,word_tfidf,0.8,0.8,0.8130841121495327,0.9197500000000001,800,0.5,0.55,0.55,0.5794392523364486,0.5886,100,0.5,0.49,0.49,0.5142857142857142,0.47959999999999997,100,0.5,0.47363019483155583,0.6976940776310523,1000.0,0.3585438520566351,0.5995825847909344,1000.0
text_sentence_basis_changed,8,causativity_and_valency_change,char_tfidf,0.97625,0.9762500000000001,0.9759188846641318,0.998275,800,0.5,0.73,0.73,0.7157894736842105,0.8019999999999999,100,0.5,0.65,0.65,0.6956521739130435,0.7448,100,0.5,,,,,,
text_delta_direction_basis_to_changed,8,causativity_and_valency_change,char_tfidf,0.715,0.7150000000000001,0.7426636568848759,0.83231875,800,0.5,0.55,0.55,0.6341463414634146,0.5643999999999999,100,0.5,0.62,0.62,0.6724137931034483,0.6965999999999999,100,0.5,,,,,,
text_sentence_basis_changed,8,causativity_and_valency_change,length_punct,0.81375,0.81375,0.8092189500640204,0.882309375,800,0.5,0.88,0.88,0.8928571428571429,0.9802,100,0.5,0.68,0.68,0.7142857142857143,0.7486,100,0.5,0.9565004006410256,0.9959599619382228,1000.0,0.6532548530775947,0.837351976276797,1000.0
text_delta_direction_basis_to_changed,8,causativity_and_valency_change,length_punct,0.5,0.5,0.0,0.5,800,0.5,0.5,0.5,0.0,0.5,100,0.5,0.5,0.5,0.0,0.5,100,0.5,,,,,,
text_sentence_basis_changed,9,analytic_vs_synthetic_encoding,word_tfidf,1.0,1.0,1.0,1.0,800,0.5,0.96,0.96,0.9591836734693877,0.9952,100,0.5,0.92,0.9199999999999999,0.9166666666666666,0.978,100,0.5,0.9855479727017262,1.0,1000.0,0.9495917370129869,0.9952339409722222,1000.0
text_delta_direction_basis_to_changed,9,analytic_vs_synthetic_encoding,word_tfidf,0.5025,0.5025000000000001,0.6580756013745704,0.5049874999999999,800,0.5,0.5,0.5,0.6666666666666666,0.5,100,0.5,0.51,0.51,0.6711409395973155,0.5197999999999999,100,0.5,0.3943487854332646,0.6179616789524415,1000.0,0.40001877127840124,0.6278511404561825,1000.0
text_sentence_basis_changed,9,analytic_vs_synthetic_encoding,char_tfidf,0.9975,0.9975,0.9975,0.99999375,800,0.5,0.92,0.9199999999999999,0.9130434782608695,0.9936,100,0.5,0.89,0.89,0.8910891089108911,0.9568,100,0.5,,,,,,
text_delta_direction_basis_to_changed,9,analytic_vs_synthetic_encoding,char_tfidf,0.5,0.5,0.0,0.5,800,0.5,0.5,0.5,0.0,0.5,100,0.5,0.5,0.5,0.0,0.5,100,0.5,,,,,,
text_sentence_basis_changed,9,analytic_vs_synthetic_encoding,length_punct,0.6975,0.6975,0.6747311827956989,0.80035,800,0.5,0.93,0.9299999999999999,0.9247311827956989,0.9012,100,0.5,0.76,0.76,0.6842105263157895,0.8378,100,0.5,,,,,,
text_delta_direction_basis_to_changed,9,analytic_vs_synthetic_encoding,length_punct,0.5,0.5,0.0,0.5,800,0.5,0.5,0.5,0.0,0.5,100,0.5,0.5,0.5,0.0,0.5,100,0.5,,,,,,
text_sentence_basis_changed,10,morphological_segmentation_type,word_tfidf,1.0,1.0,1.0,1.0,800,0.5,0.9,0.9,0.9090909090909091,1.0,100,0.5,0.8,0.8,0.7777777777777778,0.8608,100,0.5,0.9999999999999999,1.0,1000.0,0.7774975449116844,0.9363930917874397,1000.0
text_delta_direction_basis_to_changed,10,morphological_segmentation_type,word_tfidf,0.5,0.5,0.0,0.5,800,0.5,0.5,0.5,0.0,0.5,100,0.5,0.5,0.5,0.0,0.5,100,0.5,0.5,0.5,1000.0,0.5,0.5,1000.0
text_sentence_basis_changed,10,morphological_segmentation_type,char_tfidf,1.0,1.0,1.0,1.0,800,0.5,1.0,1.0,1.0,1.0,100,0.5,0.9,0.9,0.8979591836734694,0.9780000000000001,100,0.5,,,,,,
text_delta_direction_basis_to_changed,10,morphological_segmentation_type,char_tfidf,0.5,0.5,0.0,0.5,800,0.5,0.5,0.5,0.0,0.5,100,0.5,0.5,0.5,0.0,0.5,100,0.5,,,,,,
text_sentence_basis_changed,10,morphological_segmentation_type,length_punct,0.87875,0.87875,0.8835534213685474,0.955925,800,0.5,0.72,0.72,0.6666666666666666,0.7111999999999999,100,0.5,0.64,0.64,0.6470588235294118,0.7002,100,0.5,,,,,,
text_delta_direction_basis_to_changed,10,morphological_segmentation_type,length_punct,0.5,0.5,0.0,0.5,800,0.5,0.5,0.5,0.0,0.5,100,0.5,0.5,0.5,0.0,0.5,100,0.5,,,,,,
text_sentence_basis_changed,11,agreement_indexing_density,word_tfidf,1.0,1.0,1.0,1.0,800,0.5,1.0,1.0,1.0,1.0,100,0.5,0.75,0.75,0.6835443037974683,0.7365999999999999,100,0.5,0.9999999999999999,1.0,1000.0,0.6271395125713995,0.8305303945249598,1000.0
text_delta_direction_basis_to_changed,11,agreement_indexing_density,word_tfidf,0.6675,0.6675,0.50187265917603,0.7788875000000001,800,0.5,0.5,0.5,0.0,0.49999999999999994,100,0.5,0.75,0.75,0.6835443037974683,0.875,100,0.5,,,,,,
text_sentence_basis_changed,11,agreement_indexing_density,char_tfidf,1.0,1.0,1.0,1.0,800,0.5,1.0,1.0,1.0,1.0,100,0.5,0.74,0.74,0.6904761904761905,0.759,100,0.5,,,,,,
text_delta_direction_basis_to_changed,11,agreement_indexing_density,char_tfidf,0.6,0.6,0.3333333333333333,0.6799999999999999,800,0.5,0.5,0.5,0.0,0.5,100,0.5,0.75,0.75,0.6835443037974683,0.8766,100,0.5,0.38998958333333333,0.6119850852272726,1000.0,0.8046689437399356,0.9357823958910488,1000.0
text_sentence_basis_changed,11,agreement_indexing_density,length_punct,0.6125,0.6125,0.6005154639175257,0.6640500000000001,800,0.5,0.56,0.56,0.6451612903225806,0.6626,100,0.5,0.53,0.53,0.624,0.6632000000000001,100,0.5,,,,,,
text_delta_direction_basis_to_changed,11,agreement_indexing_density,length_punct,0.5,0.5,0.0,0.5,800,0.5,0.5,0.5,0.0,0.5,100,0.5,0.5,0.5,0.0,0.5,100,0.5,,,,,,
text_sentence_basis_changed,12,optionality_vs_obligatoriness_of_marking,word_tfidf,1.0,1.0,1.0,1.0,800,0.5,0.5,0.5,0.0,0.5,100,0.5,0.5,0.5,0.0,0.5,100,0.5,,,,,,
text_delta_direction_basis_to_changed,12,optionality_vs_obligatoriness_of_marking,word_tfidf,1.0,1.0,1.0,1.0,800,0.5,0.5,0.5,0.0,0.5,100,0.5,0.5,0.5,0.34210526315789475,0.5,100,0.5,0.5,0.5,1000.0,0.4109119501893827,0.5935483541877975,1000.0
text_sentence_basis_changed,12,optionality_vs_obligatoriness_of_marking,char_tfidf,0.99,0.99,0.98989898989899,0.9995312499999999,800,0.5,0.8,0.8,0.8333333333333334,0.8948,100,0.5,0.51,0.51,0.4842105263157895,0.49939999999999996,100,0.5,0.8141437132614611,0.9567877150860344,1000.0,0.3865214773183462,0.6162807081601318,1000.0
text_delta_direction_basis_to_changed,12,optionality_vs_obligatoriness_of_marking,char_tfidf,0.50875,0.50875,0.0665083135391924,0.517346875,800,0.5,0.5,0.5,0.0,0.5,100,0.5,0.5,0.5,0.0,0.49999999999999994,100,0.5,,,,,,
text_sentence_basis_changed,12,optionality_vs_obligatoriness_of_marking,length_punct,0.515,0.515,0.47989276139410186,0.51633125,800,0.5,0.48,0.48,0.6486486486486487,0.276,100,0.5,0.47,0.47000000000000003,0.5137614678899083,0.4838,100,0.5,,,,,,
text_delta_direction_basis_to_changed,12,optionality_vs_obligatoriness_of_marking,length_punct,0.5,0.5,0.0,0.5,800,0.5,0.5,0.5,0.0,0.5,100,0.5,0.5,0.5,0.0,0.5,100,0.5,,,,,,
text_sentence_basis_changed,13,redundancy_cumulative_exponence,word_tfidf,0.95875,0.95875,0.9573091849935317,0.9965968749999999,800,0.5,0.84,0.8400000000000001,0.8490566037735849,0.9246,100,0.5,0.54,0.54,0.6166666666666667,0.5344,100,0.5,,,,,,
text_delta_direction_basis_to_changed,13,redundancy_cumulative_exponence,word_tfidf,0.5,0.5,0.0,0.5,800,0.5,0.5,0.5,0.0,0.5,100,0.5,0.5,0.5,0.0,0.5,100,0.5,0.5,0.5,1000.0,0.5,0.5,1000.0
text_sentence_basis_changed,13,redundancy_cumulative_exponence,char_tfidf,1.0,1.0,1.0,1.0,800,0.5,0.88,0.88,0.8846153846153846,0.9576,100,0.5,0.62,0.62,0.6666666666666666,0.5396,100,0.5,0.9204386517617218,0.9862655157342658,1000.0,0.41142007026789634,0.6696185992133901,1000.0
text_delta_direction_basis_to_changed,13,redundancy_cumulative_exponence,char_tfidf,0.5,0.5,0.0,0.5,800,0.5,0.5,0.5,0.0,0.5,100,0.5,0.5,0.5,0.0,0.5,100,0.5,,,,,,
text_sentence_basis_changed,13,redundancy_cumulative_exponence,length_punct,0.64,0.64,0.6697247706422018,0.6965875000000001,800,0.5,0.64,0.64,0.6326530612244898,0.7268,100,0.5,0.51,0.51,0.608,0.5596,100,0.5,,,,,,
text_delta_direction_basis_to_changed,13,redundancy_cumulative_exponence,length_punct,0.5,0.5,0.0,0.5,800,0.5,0.5,0.5,0.0,0.5,100,0.5,0.5,0.5,0.0,0.5,100,0.5,,,,,,
text_sentence_basis_changed,14,definiteness_and_specificity,word_tfidf,0.99625,0.9962500000000001,0.9962358845671268,0.9999,800,0.5,0.71,0.71,0.6506024096385542,0.767,100,0.5,0.73,0.73,0.773109243697479,0.7892,100,0.5,0.6610292013439992,0.855969696969697,1000.0,0.6895907364827202,0.8679649758454105,1000.0
text_delta_direction_basis_to_changed,14,definiteness_and_specificity,word_tfidf,0.66125,0.66125,0.6972067039106146,0.7527031249999999,800,0.5,0.41,0.41,0.549618320610687,0.33579999999999993,100,0.5,0.54,0.54,0.5740740740740741,0.5860000000000001,100,0.5,,,,,,
text_sentence_basis_changed,14,definiteness_and_specificity,char_tfidf,0.96125,0.96125,0.959792477302205,0.9981875,800,0.5,0.68,0.6799999999999999,0.7090909090909091,0.7615999999999999,100,0.5,0.73,0.73,0.7804878048780488,0.848,100,0.5,,,,,,
text_delta_direction_basis_to_changed,14,definiteness_and_specificity,char_tfidf,0.65875,0.65875,0.6814469078179697,0.7498718749999999,800,0.5,0.5,0.5,0.5192307692307693,0.5924,100,0.5,0.54,0.54,0.6229508196721312,0.6386000000000001,100,0.5,0.4829206699674384,0.6990271563170724,1000.0,0.5235342229228098,0.7449088300092764,1000.0
text_sentence_basis_changed,14,definiteness_and_specificity,length_punct,0.5425,0.5425,0.5425,0.547315625,800,0.5,0.54,0.54,0.5306122448979592,0.5994,100,0.5,0.67,0.6699999999999999,0.717948717948718,0.7856,100,0.5,,,,,,
text_delta_direction_basis_to_changed,14,definiteness_and_specificity,length_punct,0.5,0.5,0.0,0.5,800,0.5,0.5,0.5,0.0,0.5,100,0.5,0.5,0.5,0.0,0.5,100,0.5,,,,,,
text_sentence_basis_changed,15,number_marking,word_tfidf,1.0,1.0,1.0,1.0,800,0.5,0.51,0.51,0.6370370370370371,0.5198,100,0.5,0.51,0.51,0.6201550387596899,0.5392,100,0.5,0.411053494270194,0.6351296257070326,1000.0,0.4288529006476505,0.6533859212003792,1000.0
text_delta_direction_basis_to_changed,15,number_marking,word_tfidf,0.5,0.5,0.0,0.5,800,0.5,0.5,0.5,0.0,0.5,100,0.5,0.5,0.5,0.0,0.5,100,0.5,0.5,0.5,1000.0,0.5,0.5,1000.0
text_sentence_basis_changed,15,number_marking,char_tfidf,1.0,1.0,1.0,1.0,800,0.5,0.26,0.26,0.32727272727272727,0.09880000000000001,100,0.5,0.57,0.57,0.6194690265486725,0.5448,100,0.5,,,,,,
text_delta_direction_basis_to_changed,15,number_marking,char_tfidf,0.5,0.5,0.0,0.5,800,0.5,0.5,0.5,0.0,0.5,100,0.5,0.5,0.5,0.0,0.5,100,0.5,,,,,,
text_sentence_basis_changed,15,number_marking,length_punct,0.68375,0.6837500000000001,0.6833541927409261,0.7526343750000001,800,0.5,0.42,0.42000000000000004,0.2564102564102564,0.3462,100,0.5,0.43,0.43,0.42424242424242425,0.3684,100,0.5,,,,,,
text_delta_direction_basis_to_changed,15,number_marking,length_punct,0.5,0.5,0.0,0.5,800,0.5,0.5,0.5,0.0,0.5,100,0.5,0.5,0.5,0.0,0.5,100,0.5,,,,,,
text_sentence_basis_changed,16,gender_noun_class,word_tfidf,1.0,1.0,1.0,1.0,800,0.5,1.0,1.0,1.0,1.0,100,0.5,0.83,0.8300000000000001,0.8547008547008547,0.9007999999999999,100,0.5,0.9999999999999999,1.0,1000.0,0.8378312858312859,0.9517049743357487,1000.0
text_delta_direction_basis_to_changed,16,gender_noun_class,word_tfidf,1.0,1.0,1.0,1.0,800,0.5,1.0,1.0,1.0,1.0,100,0.5,1.0,1.0,1.0,1.0,100,0.5,0.9999999999999999,1.0,1000.0,0.9999999999999999,1.0,1000.0
text_sentence_basis_changed,16,gender_noun_class,char_tfidf,1.0,1.0,1.0,1.0,800,0.5,0.99,0.99,0.9900990099009901,0.9995999999999999,100,0.5,0.83,0.8300000000000001,0.8547008547008547,0.8672,100,0.5,,,,,,
text_delta_direction_basis_to_changed,16,gender_noun_class,char_tfidf,0.9625,0.9625,0.963855421686747,0.9971875,800,0.5,0.96,0.96,0.9615384615384616,0.9968,100,0.5,0.97,0.97,0.970873786407767,0.9982,100,0.5,,,,,,
text_sentence_basis_changed,16,gender_noun_class,length_punct,0.535,0.5349999999999999,0.5338345864661654,0.5535625,800,0.5,0.52,0.52,0.5294117647058824,0.5644,100,0.5,0.53,0.53,0.6299212598425197,0.5314,100,0.5,,,,,,
text_delta_direction_basis_to_changed,16,gender_noun_class,length_punct,0.5,0.5,0.0,0.5,800,0.5,0.5,0.5,0.0,0.5,100,0.5,0.5,0.5,0.0,0.5,100,0.5,,,,,,
text_sentence_basis_changed,17,animacy_and_humanness,word_tfidf,0.98125,0.98125,0.9809402795425667,0.99938125,800,0.5,0.55,0.55,0.34782608695652173,0.6065999999999999,100,0.5,0.54,0.54,0.5490196078431373,0.552,100,0.5,,,,,,
text_delta_direction_basis_to_changed,17,animacy_and_humanness,word_tfidf,0.5,0.5,0.0,0.5,800,0.5,0.5,0.5,0.0,0.5,100,0.5,0.5,0.5,0.0,0.5,100,0.5,0.5,0.5,1000.0,0.5,0.5,1000.0
text_sentence_basis_changed,17,animacy_and_humanness,char_tfidf,0.87125,0.8712500000000001,0.8667529107373868,0.9596625,800,0.5,0.52,0.52,0.5636363636363636,0.5156,100,0.5,0.64,0.64,0.6896551724137931,0.6584,100,0.5,,,,,,
text_delta_direction_basis_to_changed,17,animacy_and_humanness,char_tfidf,0.5,0.5,0.0,0.5,800,0.5,0.5,0.5,0.0,0.5,100,0.5,0.5,0.5,0.0,0.5,100,0.5,,,,,,
text_sentence_basis_changed,17,animacy_and_humanness,length_punct,0.535,0.535,0.5255102040816326,0.55716875,800,0.5,0.62,0.62,0.6122448979591837,0.6448,100,0.5,0.5,0.5,0.6376811594202898,0.5434000000000001,100,0.5,0.538058677134647,0.7513155262104841,1000.0,0.424320399904302,0.6500727279548183,1000.0
text_delta_direction_basis_to_changed,17,animacy_and_humanness,length_punct,0.5,0.5,0.0,0.5,800,0.5,0.5,0.5,0.0,0.5,100,0.5,0.5,0.5,0.0,0.5,100,0.5,,,,,,
text_sentence_basis_changed,18,person_marking_and_person_hierarchy,word_tfidf,0.835,0.835,0.8272251308900523,0.91578125,800,0.5,0.72,0.72,0.7407407407407407,0.7624,100,0.5,0.66,0.6599999999999999,0.711864406779661,0.7642,100,0.5,0.6618319700923323,0.8526638120333773,1000.0,0.6694191113169748,0.8521271850233362,1000.0
text_delta_direction_basis_to_changed,18,person_marking_and_person_hierarchy,word_tfidf,0.88125,0.8812500000000001,0.8834355828220859,0.929059375,800,0.5,0.79,0.79,0.7920792079207921,0.8238,100,0.5,0.72,0.72,0.75,0.8055999999999999,100,0.5,0.7323052876376989,0.9074827967171717,1000.0,0.7191988961038961,0.8800138055222089,1000.0
text_sentence_basis_changed,18,person_marking_and_person_hierarchy,char_tfidf,0.78625,0.78625,0.7770534550195567,0.87234375,800,0.5,0.68,0.6799999999999999,0.6981132075471698,0.7352,100,0.5,0.75,0.75,0.7368421052631579,0.79,100,0.5,,,,,,
text_delta_direction_basis_to_changed,18,person_marking_and_person_hierarchy,char_tfidf,0.795,0.795,0.7847769028871391,0.88915625,800,0.5,0.71,0.71,0.7010309278350515,0.8001999999999999,100,0.5,0.61,0.61,0.4657534246575342,0.7021999999999999,100,0.5,,,,,,
text_sentence_basis_changed,18,person_marking_and_person_hierarchy,length_punct,0.535,0.535,0.5118110236220472,0.53436875,800,0.5,0.54,0.54,0.603448275862069,0.506,100,0.5,0.47,0.47,0.5470085470085471,0.5016,100,0.5,,,,,,
text_delta_direction_basis_to_changed,18,person_marking_and_person_hierarchy,length_punct,0.5,0.5,0.0,0.5,800,0.5,0.5,0.5,0.0,0.5,100,0.5,0.5,0.5,0.0,0.5,100,0.5,,,,,,
text_sentence_basis_changed,19,inclusive_exclusive_distinction,word_tfidf,1.0,1.0,1.0,1.0,800,0.5,0.5,0.5,0.0,0.5,100,0.5,0.53,0.53,0.11320754716981132,0.5226000000000001,100,0.5,,,,,,
text_delta_direction_basis_to_changed,19,inclusive_exclusive_distinction,word_tfidf,0.66625,0.66625,0.7497656982193065,0.777221875,800,0.5,0.5,0.5,0.6666666666666666,0.5,100,0.5,0.5,0.5,0.6666666666666666,0.5,100,0.5,0.3790560873039045,0.6139390870041169,1000.0,0.3919567827130852,0.6070833873028334,1000.0
text_sentence_basis_changed,19,inclusive_exclusive_distinction,char_tfidf,1.0,1.0,1.0,1.0,800,0.5,0.5,0.5,0.647887323943662,0.5566000000000001,100,0.5,0.54,0.54,0.603448275862069,0.6312,100,0.5,0.43937001675670273,0.6626698369565217,1000.0,0.5102565582764936,0.7388443587662338,1000.0
text_delta_direction_basis_to_changed,19,inclusive_exclusive_distinction,char_tfidf,0.5,0.5,0.0,0.5,800,0.5,0.5,0.5,0.0,0.5,100,0.5,0.5,0.5,0.0,0.5,100,0.5,,,,,,
text_sentence_basis_changed,19,inclusive_exclusive_distinction,length_punct,0.51625,0.51625,0.4967490247074122,0.53036875,800,0.5,0.5,0.5,0.0,0.36079999999999995,100,0.5,0.5,0.5,0.0,0.25999999999999995,100,0.5,,,,,,
text_delta_direction_basis_to_changed,19,inclusive_exclusive_distinction,length_punct,0.5,0.5,0.0,0.5,800,0.5,0.5,0.5,0.0,0.5,100,0.5,0.5,0.5,0.0,0.5,100,0.5,,,,,,
text_sentence_basis_changed,20,pronoun_richness_and_reduction,word_tfidf,0.98625,0.9862500000000001,0.9864364981504316,0.998165625,800,0.5,0.56,0.56,0.37142857142857144,0.6116,100,0.5,0.58,0.5800000000000001,0.4,0.6428,100,0.5,,,,,,
text_delta_direction_basis_to_changed,20,pronoun_richness_and_reduction,word_tfidf,0.85,0.85,0.8695652173913043,0.9550000000000001,800,0.5,0.5,0.5,0.32432432432432434,0.5,100,0.5,0.5,0.5,0.3055555555555556,0.5,100,0.5,0.4064614351521872,0.6030196406212002,1000.0,0.4092683661180249,0.589778286372002,1000.0
text_sentence_basis_changed,20,pronoun_richness_and_reduction,char_tfidf,0.98875,0.98875,0.9888751545117429,0.9999125,800,0.5,0.91,0.9099999999999999,0.9142857142857143,0.9808,100,0.5,0.78,0.78,0.7884615384615384,0.8316000000000001,100,0.5,0.9579070512820512,0.9958679478076699,1000.0,0.7272165347130614,0.9171818727490996,1000.0
text_delta_direction_basis_to_changed,20,pronoun_richness_and_reduction,char_tfidf,0.5,0.5,0.0,0.5,800,0.5,0.5,0.5,0.0,0.5,100,0.5,0.5,0.5,0.0,0.5,100,0.5,,,,,,
text_sentence_basis_changed,20,pronoun_richness_and_reduction,length_punct,0.65125,0.65125,0.653416149068323,0.7048593750000001,800,0.5,0.53,0.53,0.4050632911392405,0.5962000000000001,100,0.5,0.56,0.56,0.47619047619047616,0.6442,100,0.5,,,,,,
text_delta_direction_basis_to_changed,20,pronoun_richness_and_reduction,length_punct,0.5,0.5,0.0,0.5,800,0.5,0.5,0.5,0.0,0.5,100,0.5,0.5,0.5,0.0,0.5,100,0.5,,,,,,
text_sentence_basis_changed,21,possession_and_alienability,word_tfidf,0.98125,0.98125,0.9808917197452229,1.0,800,0.5,0.84,0.84,0.84,0.9006,100,0.5,0.68,0.6799999999999999,0.746031746031746,0.8464,100,0.5,0.83692343661773,0.9538107572574483,1000.0,0.7696922405325767,0.9156275279040925,1000.0
text_delta_direction_basis_to_changed,21,possession_and_alienability,word_tfidf,0.5,0.5,0.0,0.5,800,0.5,0.5,0.5,0.0,0.5,100,0.5,0.5,0.5,0.0,0.5,100,0.5,0.5,0.5,1000.0,0.5,0.5,1000.0
text_sentence_basis_changed,21,possession_and_alienability,char_tfidf,0.915,0.915,0.9102902374670184,0.97594375,800,0.5,0.78,0.78,0.7608695652173914,0.8652000000000001,100,0.5,0.7,0.7,0.7457627118644068,0.8388,100,0.5,,,,,,
text_delta_direction_basis_to_changed,21,possession_and_alienability,char_tfidf,0.5,0.5,0.0,0.5,800,0.5,0.5,0.5,0.0,0.5,100,0.5,0.5,0.5,0.0,0.5,100,0.5,,,,,,
text_sentence_basis_changed,21,possession_and_alienability,length_punct,0.57375,0.57375,0.5826193390452876,0.60281875,800,0.5,0.68,0.6799999999999999,0.6,0.6874000000000001,100,0.5,0.66,0.66,0.5405405405405406,0.6541999999999999,100,0.5,,,,,,
text_delta_direction_basis_to_changed,21,possession_and_alienability,length_punct,0.5,0.5,0.0,0.5,800,0.5,0.5,0.5,0.0,0.5,100,0.5,0.5,0.5,0.0,0.5,100,0.5,,,,,,
text_sentence_basis_changed,22,tense_prominence,word_tfidf,0.9975,0.9975,0.9975062344139651,1.0,800,0.5,0.55,0.55,0.4827586206896552,0.5522,100,0.5,0.52,0.52,0.48936170212765956,0.5736,100,0.5,,,,,,
text_delta_direction_basis_to_changed,22,tense_prominence,word_tfidf,0.93,0.9299999999999999,0.9306930693069307,0.989865625,800,0.5,0.62,0.62,0.5128205128205128,0.704,100,0.5,0.6,0.6,0.4444444444444444,0.6799999999999999,100,0.5,,,,,,
text_sentence_basis_changed,22,tense_prominence,char_tfidf,0.9425,0.9425,0.9404145077720207,0.9926875000000001,800,0.5,0.61,0.61,0.5617977528089888,0.6646,100,0.5,0.63,0.63,0.5542168674698795,0.6684,100,0.5,0.5576755275974026,0.7636751753993133,1000.0,0.5459719910240719,0.7681401315912185,1000.0
text_delta_direction_basis_to_changed,22,tense_prominence,char_tfidf,0.795,0.7949999999999999,0.7934508816120907,0.9076187499999999,800,0.5,0.63,0.63,0.5542168674698795,0.7196,100,0.5,0.65,0.6499999999999999,0.6236559139784946,0.7458,100,0.5,0.6221974847631361,0.8147085336538462,1000.0,0.650036945729717,0.8283166119341103,1000.0
text_sentence_basis_changed,22,tense_prominence,length_punct,0.59625,0.59625,0.6122448979591837,0.651003125,800,0.5,0.58,0.5800000000000001,0.6557377049180327,0.6015999999999999,100,0.5,0.57,0.5700000000000001,0.6814814814814815,0.6148000000000001,100,0.5,,,,,,
text_delta_direction_basis_to_changed,22,tense_prominence,length_punct,0.5,0.5,0.0,0.5,800,0.5,0.5,0.5,0.0,0.5,100,0.5,0.5,0.5,0.0,0.5,100,0.5,,,,,,
text_sentence_basis_changed,23,aspect_and_event_structure,word_tfidf,1.0,1.0,1.0,1.0,800,0.5,0.5,0.5,0.6666666666666666,0.5234,100,0.5,0.46,0.46,0.6301369863013698,0.444,100,0.5,,,,,,
text_delta_direction_basis_to_changed,23,aspect_and_event_structure,word_tfidf,0.5,0.5,0.0,0.5,800,0.5,0.5,0.5,0.0,0.5,100,0.5,0.5,0.5,0.0,0.5,100,0.5,0.5,0.5,1000.0,0.5,0.5,1000.0
text_sentence_basis_changed,23,aspect_and_event_structure,char_tfidf,0.875,0.875,0.8792270531400966,0.9541125,800,0.5,0.54,0.54,0.684931506849315,0.6063999999999999,100,0.5,0.37,0.37,0.47058823529411764,0.33920000000000006,100,0.5,0.4895128824476651,0.7192309513403263,1000.0,0.23199355365157082,0.4520920719809566,1000.0
text_delta_direction_basis_to_changed,23,aspect_and_event_structure,char_tfidf,0.5,0.5,0.0,0.5,800,0.5,0.5,0.5,0.0,0.5,100,0.5,0.5,0.5,0.0,0.5,100,0.5,,,,,,
text_sentence_basis_changed,23,aspect_and_event_structure,length_punct,0.5725,0.5725,0.583941605839416,0.5929125,800,0.5,0.5,0.5,0.6666666666666666,0.5838000000000001,100,0.5,0.5,0.5,0.6666666666666666,0.47140000000000004,100,0.5,,,,,,
text_delta_direction_basis_to_changed,23,aspect_and_event_structure,length_punct,0.5,0.5,0.0,0.5,800,0.5,0.5,0.5,0.0,0.5,100,0.5,0.5,0.5,0.0,0.5,100,0.5,,,,,,
text_sentence_basis_changed,24,modality_and_mood,word_tfidf,0.88875,0.8887499999999999,0.8748241912798875,0.94236875,800,0.5,0.5,0.5,0.5370370370370371,0.509,100,0.5,0.5,0.5,0.1935483870967742,0.49119999999999997,100,0.5,,,,,,
text_delta_direction_basis_to_changed,24,modality_and_mood,word_tfidf,0.5125,0.5125,0.04878048780487805,0.5246875,800,0.5,0.5,0.5,0.0,0.5,100,0.5,0.5,0.5,0.0,0.5,100,0.5,0.3892638290229885,0.6111194477791115,1000.0,0.3943140645586298,0.610394048016447,1000.0
text_sentence_basis_changed,24,modality_and_mood,char_tfidf,0.865,0.865,0.8439306358381503,0.93001875,800,0.5,0.56,0.56,0.3333333333333333,0.6032,100,0.5,0.59,0.59,0.5060240963855421,0.6255999999999999,100,0.5,,,,,,
text_delta_direction_basis_to_changed,24,modality_and_mood,char_tfidf,0.5125,0.5125,0.6722689075630253,0.5246875,800,0.5,0.5,0.5,0.6666666666666666,0.5,100,0.5,0.5,0.5,0.6666666666666666,0.502,100,0.5,,,,,,
text_sentence_basis_changed,24,modality_and_mood,length_punct,0.59375,0.59375,0.5376955903271693,0.667084375,800,0.5,0.5,0.5,0.6666666666666666,0.7541999999999999,100,0.5,0.5,0.5,0.6666666666666666,0.535,100,0.5,0.659203681472589,0.8478006521739131,1000.0,0.4325162677499634,0.6448759134615384,1000.0
text_delta_direction_basis_to_changed,24,modality_and_mood,length_punct,0.5,0.5,0.0,0.5,800,0.5,0.5,0.5,0.0,0.5,100,0.5,0.5,0.5,0.0,0.5,100,0.5,,,,,,
text_sentence_basis_changed,25,epistemic_modality,word_tfidf,1.0,1.0,1.0,1.0,800,0.5,0.53,0.53,0.43373493975903615,0.5209999999999999,100,0.5,0.56,0.56,0.2413793103448276,0.6315999999999999,100,0.5,,,,,,
text_delta_direction_basis_to_changed,25,epistemic_modality,word_tfidf,0.67,0.67,0.7518796992481203,0.7822,800,0.5,0.5,0.5,0.6666666666666666,0.5,100,0.5,0.58,0.58,0.704225352112676,0.6472,100,0.5,0.3851865458937198,0.6142478488980133,1000.0,0.5367964663461537,0.754042371392542,1000.0
text_sentence_basis_changed,25,epistemic_modality,char_tfidf,1.0,1.0,1.0,1.0,800,0.5,0.43,0.43,0.03389830508474576,0.45439999999999997,100,0.5,0.43,0.43,0.12307692307692308,0.4288,100,0.5,,,,,,
text_delta_direction_basis_to_changed,25,epistemic_modality,char_tfidf,0.655,0.655,0.7406015037593985,0.761775,800,0.5,0.5,0.5,0.6666666666666666,0.5,100,0.5,0.58,0.58,0.704225352112676,0.6472,100,0.5,,,,,,
text_sentence_basis_changed,25,epistemic_modality,length_punct,0.57375,0.57375,0.5836385836385837,0.61499375,800,0.5,0.58,0.5800000000000001,0.6181818181818182,0.619,100,0.5,0.55,0.55,0.6715328467153284,0.6599999999999999,100,0.5,0.5077854756929108,0.7345935864533011,1000.0,0.5453614912280701,0.7694345738408271,1000.0
text_delta_direction_basis_to_changed,25,epistemic_modality,length_punct,0.5,0.5,0.0,0.5,800,0.5,0.5,0.5,0.0,0.5,100,0.5,0.5,0.5,0.0,0.5,100,0.5,,,,,,
text_sentence_basis_changed,26,evidentiality,word_tfidf,0.97125,0.97125,0.9708491761723701,0.99884375,800,0.5,0.44,0.44,0.40425531914893614,0.5468,100,0.5,0.18,0.18,0.14583333333333334,0.11019999999999998,100,0.5,,,,,,
text_delta_direction_basis_to_changed,26,evidentiality,word_tfidf,0.93375,0.9337500000000001,0.9368295589988082,0.991303125,800,0.5,0.7,0.7,0.625,0.7172000000000001,100,0.5,0.47,0.47000000000000003,0.2318840579710145,0.44099999999999995,100,0.5,,,,,,
text_sentence_basis_changed,26,evidentiality,char_tfidf,0.96875,0.96875,0.9683944374209861,0.997825,800,0.5,0.5,0.5,0.4186046511627907,0.6112,100,0.5,0.18,0.18,0.16326530612244897,0.10560000000000001,100,0.5,0.4845670468882783,0.7291016406562626,1000.0,0.050470802545156006,0.17350228345648602,1000.0
text_delta_direction_basis_to_changed,26,evidentiality,char_tfidf,0.92625,0.92625,0.9257861635220126,0.988159375,800,0.5,0.75,0.75,0.6666666666666666,0.7658,100,0.5,0.52,0.52,0.14285714285714285,0.4866,100,0.5,0.6648099143206855,0.8578301522468061,1000.0,0.37286476408745317,0.5985681249999999,1000.0
text_sentence_basis_changed,26,evidentiality,length_punct,0.89625,0.89625,0.8903566710700133,0.97023125,800,0.5,0.75,0.75,0.8,0.5738,100,0.5,0.49,0.49,0.6106870229007634,0.29799999999999993,100,0.5,,,,,,
text_delta_direction_basis_to_changed,26,evidentiality,length_punct,0.5,0.5,0.0,0.5,800,0.5,0.5,0.5,0.0,0.5,100,0.5,0.5,0.5,0.0,0.5,100,0.5,,,,,,
text_sentence_basis_changed,27,mirativity_stance_and_affect_marking,word_tfidf,0.83375,0.83375,0.800599700149925,1.0,800,0.5,0.5,0.5,0.0,0.5,100,0.5,0.5,0.5,0.0,0.5,100,0.5,,,,,,
text_delta_direction_basis_to_changed,27,mirativity_stance_and_affect_marking,word_tfidf,1.0,1.0,1.0,1.0,800,0.5,0.5,0.5,0.0,0.5,100,0.5,0.5,0.5,0.0,0.5,100,0.5,,,,,,
text_sentence_basis_changed,27,mirativity_stance_and_affect_marking,char_tfidf,1.0,1.0,1.0,1.0,800,0.5,0.83,0.8300000000000001,0.7951807228915663,0.9904,100,0.5,0.64,0.64,0.4375,0.982,100,0.5,,,,,,
text_delta_direction_basis_to_changed,27,mirativity_stance_and_affect_marking,char_tfidf,1.0,1.0,1.0,1.0,800,0.5,0.84,0.8400000000000001,0.8620689655172413,0.98,100,0.5,0.88,0.88,0.8928571428571429,0.9528,100,0.5,0.9548415932726277,0.9967886954059023,1000.0,0.901354376978064,0.9903935185185185,1000.0
text_sentence_basis_changed,27,mirativity_stance_and_affect_marking,length_punct,0.85375,0.85375,0.8564417177914111,0.95794375,800,0.5,1.0,1.0,1.0,1.0,100,0.5,0.73,0.73,0.7216494845360825,0.8518,100,0.5,1.0,1.0,1000.0,0.7790580232558139,0.9186711052955665,1000.0
text_delta_direction_basis_to_changed,27,mirativity_stance_and_affect_marking,length_punct,0.5,0.5,0.0,0.5,800,0.5,0.5,0.5,0.0,0.5,100,0.5,0.5,0.5,0.0,0.5,100,0.5,,,,,,
text_sentence_basis_changed,28,negation_and_polarity_structure,word_tfidf,0.9875,0.9875,0.9876543209876543,0.9999562500000001,800,0.5,0.59,0.59,0.6371681415929203,0.6781999999999999,100,0.5,0.78,0.78,0.8135593220338984,0.8560000000000001,100,0.5,0.564033143939394,0.7824763585400204,1000.0,0.772909655448718,0.9202022463768116,1000.0
text_delta_direction_basis_to_changed,28,negation_and_polarity_structure,word_tfidf,0.75,0.75,0.7963340122199593,0.875,800,0.5,0.5,0.5,0.6268656716417911,0.49000000000000005,100,0.5,0.58,0.58,0.704225352112676,0.751,100,0.5,,,,,,
text_sentence_basis_changed,28,negation_and_polarity_structure,char_tfidf,0.97625,0.9762500000000001,0.976629766297663,0.9969750000000001,800,0.5,0.64,0.64,0.6470588235294118,0.6352,100,0.5,0.7,0.7,0.7222222222222222,0.7376,100,0.5,,,,,,
text_delta_direction_basis_to_changed,28,negation_and_polarity_structure,char_tfidf,0.735,0.735,0.7710583153347732,0.8529562500000001,800,0.5,0.5,0.5,0.6031746031746031,0.47919999999999996,100,0.5,0.74,0.74,0.7758620689655172,0.861,100,0.5,,,,,,
text_sentence_basis_changed,28,negation_and_polarity_structure,length_punct,0.60125,0.60125,0.4896,0.6463218749999999,800,0.5,0.58,0.58,0.4473684210526316,0.6132,100,0.5,0.59,0.59,0.3050847457627119,0.5579999999999999,100,0.5,,,,,,
text_delta_direction_basis_to_changed,28,negation_and_polarity_structure,length_punct,0.5,0.5,0.0,0.5,800,0.5,0.5,0.5,0.0,0.5,100,0.5,0.5,0.5,0.0,0.5,100,0.5,0.5,0.5,1000.0,0.5,0.5,1000.0
text_sentence_basis_changed,29,quantifier_scope_and_distributivity,word_tfidf,0.99625,0.9962500000000001,0.9962640099626401,1.0,800,0.5,0.71,0.71,0.6813186813186813,0.816,100,0.5,0.63,0.63,0.4931506849315068,0.736,100,0.5,,,,,,
text_delta_direction_basis_to_changed,29,quantifier_scope_and_distributivity,word_tfidf,0.87375,0.87375,0.8729559748427673,0.962946875,800,0.5,0.66,0.66,0.6136363636363636,0.7299999999999999,100,0.5,0.58,0.5800000000000001,0.4878048780487805,0.6472,100,0.5,,,,,,
text_sentence_basis_changed,29,quantifier_scope_and_distributivity,char_tfidf,1.0,1.0,1.0,1.0,800,0.5,0.72,0.72,0.7777777777777778,0.8512,100,0.5,0.76,0.76,0.7333333333333333,0.8535999999999999,100,0.5,0.7674769907963186,0.9223773567397974,1000.0,0.7727418707346447,0.9165272537954818,1000.0
text_delta_direction_basis_to_changed,29,quantifier_scope_and_distributivity,char_tfidf,0.87375,0.87375,0.8683181225554107,0.966634375,800,0.5,0.66,0.6599999999999999,0.5952380952380952,0.7435999999999999,100,0.5,0.58,0.58,0.27586206896551724,0.6472,100,0.5,0.6516408137077294,0.8304391074611662,1000.0,0.5376320378362104,0.7523490870162889,1000.0
text_sentence_basis_changed,29,quantifier_scope_and_distributivity,length_punct,0.57,0.5700000000000001,0.5904761904761905,0.60920625,800,0.5,0.56,0.56,0.5,0.5594,100,0.5,0.56,0.56,0.3888888888888889,0.5842,100,0.5,,,,,,
text_delta_direction_basis_to_changed,29,quantifier_scope_and_distributivity,length_punct,0.5,0.5,0.0,0.5,800,0.5,0.5,0.5,0.0,0.5,100,0.5,0.5,0.5,0.0,0.5,100,0.5,,,,,,
text_sentence_basis_changed,30,conditional_and_counterfactual_marking,word_tfidf,0.90625,0.90625,0.9022164276401564,0.9754499999999999,800,0.5,0.5,0.5,0.0,0.49000000000000005,100,0.5,0.75,0.75,0.6666666666666666,0.868,100,0.5,,,,,,
text_delta_direction_basis_to_changed,30,conditional_and_counterfactual_marking,word_tfidf,0.775,0.775,0.7686375321336761,0.8924406250000001,800,0.5,0.3,0.3,0.33962264150943394,0.18,100,0.5,0.55,0.55,0.5263157894736842,0.439,100,0.5,,,,,,
text_sentence_basis_changed,30,conditional_and_counterfactual_marking,char_tfidf,0.86,0.86,0.8564102564102564,0.951925,800,0.5,0.5,0.5,0.0,0.4628,100,0.5,0.75,0.75,0.6666666666666666,0.8696,100,0.5,,,,,,
text_delta_direction_basis_to_changed,30,conditional_and_counterfactual_marking,char_tfidf,0.6775,0.6775,0.6742424242424242,0.7855687499999999,800,0.5,0.3,0.30000000000000004,0.2708333333333333,0.186,100,0.5,0.54,0.54,0.5306122448979592,0.43320000000000003,100,0.5,,,,,,
text_sentence_basis_changed,30,conditional_and_counterfactual_marking,length_punct,0.64875,0.6487499999999999,0.6509316770186335,0.706421875,800,0.5,0.65,0.65,0.6067415730337079,0.8046000000000001,100,0.5,0.48,0.48,0.037037037037037035,0.5808,100,0.5,0.71265386002886,0.8794568957676449,1000.0,0.46437575030012007,0.6982801467855816,1000.0
text_delta_direction_basis_to_changed,30,conditional_and_counterfactual_marking,length_punct,0.5,0.5,0.0,0.5,800,0.5,0.5,0.5,0.0,0.5,100,0.5,0.5,0.5,0.0,0.5,100,0.5,0.5,0.5,1000.0,0.5,0.5,1000.0
text_sentence_basis_changed,31,subordination_and_embedding,word_tfidf,1.0,1.0,1.0,1.0,800,0.5,1.0,1.0,1.0,1.0,100,0.5,0.25,0.25,0.4,0.5,100,0.5,0.9999999999999999,1.0,1000.0,0.36363636363636365,0.6415431266846361,1000.0
text_delta_direction_basis_to_changed,31,subordination_and_embedding,word_tfidf,0.6675,0.6675,0.7504690431519699,0.7788875000000001,800,0.5,0.5,0.5,0.6666666666666666,0.5,100,0.5,0.5,0.5,0.6666666666666666,0.5,100,0.5,0.389581392573087,0.6100422528860029,1000.0,0.3928473964139726,0.6118617507609104,1000.0
text_sentence_basis_changed,31,subordination_and_embedding,char_tfidf,1.0,1.0,1.0,1.0,800,0.5,1.0,1.0,1.0,0.9999999999999999,100,0.5,0.25,0.25,0.4,0.4928,100,0.5,,,,,,
text_delta_direction_basis_to_changed,31,subordination_and_embedding,char_tfidf,0.6675,0.6675,0.7504690431519699,0.7788875,800,0.5,0.5,0.5,0.6666666666666666,0.5,100,0.5,0.5,0.5,0.6666666666666666,0.5,100,0.5,,,,,,
text_sentence_basis_changed,31,subordination_and_embedding,length_punct,0.66375,0.6637500000000001,0.6633291614518148,0.738525,800,0.5,0.75,0.75,0.8,0.7608,100,0.5,0.5,0.5,0.5,0.5230000000000001,100,0.5,,,,,,
text_delta_direction_basis_to_changed,31,subordination_and_embedding,length_punct,0.5,0.5,0.0,0.5,800,0.5,0.5,0.5,0.0,0.5,100,0.5,0.5,0.5,0.0,0.5,100,0.5,,,,,,
text_sentence_basis_changed,32,quotation_and_reported_speech_structure,word_tfidf,1.0,1.0,1.0,1.0,800,0.5,0.82,0.8200000000000001,0.847457627118644,0.9352,100,0.5,0.83,0.8300000000000001,0.8547008547008547,0.9421999999999999,100,0.5,0.8988358089120835,0.9661468493647459,1000.0,0.9074671422327673,0.9694030612244897,1000.0
text_delta_direction_basis_to_changed,32,quotation_and_reported_speech_structure,word_tfidf,0.7,0.7,0.6190476190476191,0.82,800,0.5,0.74,0.74,0.6578947368421053,0.8304,100,0.5,0.5,0.5,0.40476190476190477,0.5,100,0.5,0.7552724381603303,0.8912355307735743,1000.0,0.38735288660918915,0.61459375,1000.0
text_sentence_basis_changed,32,quotation_and_reported_speech_structure,char_tfidf,0.99875,0.99875,0.9987515605493134,0.9997625,800,0.5,0.81,0.81,0.7710843373493976,0.8792,100,0.5,0.98,0.98,0.9803921568627451,0.9972,100,0.5,,,,,,
text_delta_direction_basis_to_changed,32,quotation_and_reported_speech_structure,char_tfidf,0.8375,0.8374999999999999,0.8179271708683473,0.9402625000000001,800,0.5,0.75,0.75,0.7747747747747747,0.704,100,0.5,0.75,0.75,0.7572815533980582,0.8220000000000001,100,0.5,,,,,,
text_sentence_basis_changed,32,quotation_and_reported_speech_structure,length_punct,0.805,0.8049999999999999,0.7963446475195822,0.91735,800,0.5,0.73,0.73,0.7096774193548387,0.8574,100,0.5,0.89,0.89,0.9009009009009009,0.9758,100,0.5,,,,,,
text_delta_direction_basis_to_changed,32,quotation_and_reported_speech_structure,length_punct,0.5,0.5,0.0,0.5,800,0.5,0.5,0.5,0.0,0.5,100,0.5,0.5,0.5,0.0,0.5,100,0.5,,,,,,
text_sentence_basis_changed,33,discourse_relation_marking,word_tfidf,0.92875,0.92875,0.9232839838492598,0.9945875,800,0.5,0.49,0.49,0.5641025641025641,0.4758,100,0.5,0.67,0.6699999999999999,0.7441860465116279,0.4484,100,0.5,,,,,,
text_delta_direction_basis_to_changed,33,discourse_relation_marking,word_tfidf,0.665,0.665,0.6616161616161617,0.7802374999999999,800,0.5,0.42,0.42,0.12121212121212122,0.32899999999999996,100,0.5,0.5,0.5,0.358974358974359,0.507,100,0.5,,,,,,
text_sentence_basis_changed,33,discourse_relation_marking,char_tfidf,0.9,0.8999999999999999,0.8907103825136612,0.9843,800,0.5,0.54,0.54,0.43902439024390244,0.5356000000000001,100,0.5,0.55,0.55,0.628099173553719,0.4356,100,0.5,,,,,,
text_delta_direction_basis_to_changed,33,discourse_relation_marking,char_tfidf,0.665,0.665,0.6832151300236406,0.77211875,800,0.5,0.41,0.41000000000000003,0.3218390804597701,0.345,100,0.5,0.54,0.54,0.4772727272727273,0.4724,100,0.5,,,,,,
text_sentence_basis_changed,33,discourse_relation_marking,length_punct,0.69125,0.6912499999999999,0.6754270696452037,0.771346875,800,0.5,0.58,0.58,0.3,0.6204,100,0.5,0.22,0.22,0.025,0.046400000000000004,100,0.5,0.5081601745058102,0.7392961588191352,1000.0,0.015619926948051952,0.08363643781758837,1000.0
text_delta_direction_basis_to_changed,33,discourse_relation_marking,length_punct,0.5,0.5,0.0,0.5,800,0.5,0.5,0.5,0.0,0.5,100,0.5,0.5,0.5,0.0,0.5,100,0.5,0.5,0.5,1000.0,0.5,0.5,1000.0
text_sentence_basis_changed,34,topic_comment_structure,word_tfidf,1.0,1.0,1.0,1.0,800,0.5,0.5,0.5,0.6666666666666666,0.5,100,0.5,0.51,0.51,0.6711409395973155,0.51,100,0.5,,,,,,
text_delta_direction_basis_to_changed,34,topic_comment_structure,word_tfidf,1.0,1.0,1.0,1.0,800,0.5,0.5,0.5,0.6666666666666666,0.5,100,0.5,0.5,0.5,0.6666666666666666,0.5,100,0.5,,,,,,
text_sentence_basis_changed,34,topic_comment_structure,char_tfidf,1.0,1.0,1.0,1.0,800,0.5,0.69,0.69,0.7350427350427351,0.7398,100,0.5,0.63,0.63,0.4788732394366197,0.7604,100,0.5,0.6329230015936158,0.8434027034101997,1000.0,0.6650410628019323,0.8504028910024154,1000.0
text_delta_direction_basis_to_changed,34,topic_comment_structure,char_tfidf,0.66625,0.66625,0.49906191369606,0.777221875,800,0.5,0.59,0.59,0.3050847457627119,0.6638000000000001,100,0.5,0.54,0.54,0.25806451612903225,0.5784,100,0.5,0.5510692398885989,0.7679178417211203,1000.0,0.46642234243275804,0.6841582487363768,1000.0
text_sentence_basis_changed,34,topic_comment_structure,length_punct,0.5875,0.5875,0.6224256292906178,0.600640625,800,0.5,0.58,0.5800000000000001,0.6037735849056604,0.6218,100,0.5,0.58,0.58,0.27586206896551724,0.41960000000000003,100,0.5,,,,,,
text_delta_direction_basis_to_changed,34,topic_comment_structure,length_punct,0.5,0.5,0.0,0.5,800,0.5,0.5,0.5,0.0,0.5,100,0.5,0.5,0.5,0.0,0.5,100,0.5,,,,,,
text_sentence_basis_changed,35,focus_and_given_new_marking,word_tfidf,1.0,1.0,1.0,1.0,800,0.5,0.5,0.5,0.0,0.49400000000000005,100,0.5,0.5,0.5,0.0,0.48960000000000004,100,0.5,,,,,,
text_delta_direction_basis_to_changed,35,focus_and_given_new_marking,word_tfidf,0.895,0.895,0.8992805755395683,0.976421875,800,0.5,0.5,0.5,0.6323529411764706,0.5,100,0.5,0.63,0.63,0.7086614173228346,0.7238,100,0.5,0.3931193215922733,0.6118148936007288,1000.0,0.6336084433773509,0.8064652899184148,1000.0
text_sentence_basis_changed,35,focus_and_given_new_marking,char_tfidf,1.0,1.0,1.0,1.0,800,0.5,0.26,0.26,0.0,0.398,100,0.5,0.5,0.5,0.038461538461538464,0.4896,100,0.5,,,,,,
text_delta_direction_basis_to_changed,35,focus_and_given_new_marking,char_tfidf,0.63375,0.63375,0.5188834154351396,0.730096875,800,0.5,0.5,0.5,0.32432432432432434,0.5,100,0.5,0.52,0.52,0.3333333333333333,0.5264000000000001,100,0.5,,,,,,
text_sentence_basis_changed,35,focus_and_given_new_marking,length_punct,0.75,0.75,0.6960486322188449,0.8750000000000001,800,0.5,0.57,0.57,0.31746031746031744,0.598,100,0.5,0.9,0.8999999999999999,0.9056603773584906,0.9914,100,0.5,0.47375263215688296,0.7149068679195818,1000.0,0.9771591449079632,1.0,1000.0
text_delta_direction_basis_to_changed,35,focus_and_given_new_marking,length_punct,0.5,0.5,0.0,0.5,800,0.5,0.5,0.5,0.0,0.5,100,0.5,0.5,0.5,0.0,0.5,100,0.5,,,,,,
text_sentence_basis_changed,36,genericity_and_kind_level_reference,word_tfidf,1.0,1.0,1.0,1.0,800,0.5,0.68,0.6799999999999999,0.7241379310344828,0.7165999999999999,100,0.5,0.71,0.71,0.7433628318584071,0.8291999999999999,100,0.5,,,,,,
text_delta_direction_basis_to_changed,36,genericity_and_kind_level_reference,word_tfidf,0.64625,0.64625,0.6329442282749675,0.77144375,800,0.5,0.81,0.81,0.8,0.9168,100,0.5,0.73,0.73,0.7216494845360825,0.8086,100,0.5,0.8606666626725221,0.9625942180150748,1000.0,0.7165660225442834,0.8911612202712745,1000.0
text_sentence_basis_changed,36,genericity_and_kind_level_reference,char_tfidf,0.93875,0.93875,0.939877300613497,0.9818875,800,0.5,0.66,0.66,0.6964285714285714,0.7758000000000002,100,0.5,0.76,0.76,0.7818181818181819,0.8615999999999999,100,0.5,0.6831919191919192,0.8639168916754162,1000.0,0.7769220465524814,0.9361348697236082,1000.0
text_delta_direction_basis_to_changed,36,genericity_and_kind_level_reference,char_tfidf,0.65375,0.65375,0.649810366624526,0.716990625,800,0.5,0.71,0.71,0.6881720430107527,0.777,100,0.5,0.61,0.61,0.6138613861386139,0.6357999999999999,100,0.5,,,,,,
text_sentence_basis_changed,36,genericity_and_kind_level_reference,length_punct,0.58875,0.58875,0.5653896961690885,0.6360156250000001,800,0.5,0.54,0.54,0.6166666666666667,0.594,100,0.5,0.55,0.55,0.6666666666666666,0.5149999999999999,100,0.5,,,,,,
text_delta_direction_basis_to_changed,36,genericity_and_kind_level_reference,length_punct,0.5,0.5,0.0,0.5,800,0.5,0.5,0.5,0.0,0.5,100,0.5,0.5,0.5,0.0,0.5,100,0.5,,,,,,
text_sentence_basis_changed,37,social_deixis_honorifics_status_encoding,word_tfidf,1.0,1.0,1.0,1.0,800,0.5,0.5,0.5,0.0,0.879,100,0.5,0.5,0.5,0.0,0.5,100,0.5,,,,,,
text_delta_direction_basis_to_changed,37,social_deixis_honorifics_status_encoding,word_tfidf,0.91625,0.91625,0.9216374269005848,0.9859718749999999,800,0.5,0.5,0.5,0.6666666666666666,0.7999999999999999,100,0.5,0.5,0.5,0.6575342465753424,0.5512,100,0.5,,,,,,
text_sentence_basis_changed,37,social_deixis_honorifics_status_encoding,char_tfidf,1.0,1.0,1.0,1.0,800,0.5,0.5,0.5,0.0,0.95,100,0.5,0.66,0.6599999999999999,0.7068965517241379,0.7276,100,0.5,0.9059926556829628,0.9839980594510532,1000.0,0.6138245703741152,0.8349360909822867,1000.0
text_delta_direction_basis_to_changed,37,social_deixis_honorifics_status_encoding,char_tfidf,0.91625,0.91625,0.9085948158253752,0.985971875,800,0.5,0.5,0.5,0.6666666666666666,0.8527999999999999,100,0.5,0.5,0.5,0.5,0.5512,100,0.5,0.7516835206100937,0.9402054924242423,1000.0,0.43448715423669465,0.6604078571428571,1000.0
text_sentence_basis_changed,37,social_deixis_honorifics_status_encoding,length_punct,0.8125,0.8125,0.8299319727891157,0.9202593750000001,800,0.5,0.52,0.52,0.6363636363636364,0.7792000000000001,100,0.5,0.57,0.57,0.656,0.5737999999999999,100,0.5,,,,,,
text_delta_direction_basis_to_changed,37,social_deixis_honorifics_status_encoding,length_punct,0.5,0.5,0.0,0.5,800,0.5,0.5,0.5,0.0,0.5,100,0.5,0.5,0.5,0.0,0.5,100,0.5,,,,,,
text_sentence_basis_changed,38,speech_act_force_and_request_directness,word_tfidf,0.9175,0.9175,0.9172932330827067,0.98466875,800,0.5,0.61,0.61,0.48,0.7084,100,0.5,0.63,0.63,0.5647058823529412,0.6752,100,0.5,,,,,,
text_delta_direction_basis_to_changed,38,speech_act_force_and_request_directness,word_tfidf,0.825,0.825,0.826302729528536,0.931340625,800,0.5,0.75,0.75,0.7524752475247525,0.8132,100,0.5,0.49,0.49,0.4631578947368421,0.5222,100,0.5,,,,,,
text_sentence_basis_changed,38,speech_act_force_and_request_directness,char_tfidf,0.90875,0.90875,0.9086357947434293,0.97589375,800,0.5,0.57,0.5700000000000001,0.37681159420289856,0.5868,100,0.5,0.63,0.63,0.5934065934065934,0.726,100,0.5,,,,,,
text_delta_direction_basis_to_changed,38,speech_act_force_and_request_directness,char_tfidf,0.79375,0.79375,0.7980416156670747,0.8578625000000001,800,0.5,0.8,0.8,0.7959183673469388,0.87,100,0.5,0.52,0.52,0.6417910447761194,0.468,100,0.5,0.7896358180032533,0.9351743475167844,1000.0,0.3529919642857143,0.5794406660875745,1000.0
text_sentence_basis_changed,38,speech_act_force_and_request_directness,length_punct,0.6725,0.6725,0.603030303030303,0.6671656250000001,800,0.5,0.8,0.8,0.8275862068965517,0.8964,100,0.5,0.52,0.52,0.4,0.6040000000000001,100,0.5,0.8238895558223289,0.9499198717948717,1000.0,0.4941278787878788,0.7123893419692536,1000.0
text_delta_direction_basis_to_changed,38,speech_act_force_and_request_directness,length_punct,0.5,0.5,0.0,0.5,800,0.5,0.5,0.5,0.0,0.5,100,0.5,0.5,0.5,0.0,0.5,100,0.5,,,,,,
text_sentence_basis_changed,39,deixis_and_perspective_anchoring,word_tfidf,1.0,1.0,1.0,1.0,800,0.5,0.5,0.5,0.16666666666666666,0.48,100,0.5,0.59,0.59,0.36923076923076925,0.6365999999999999,100,0.5,,,,,,
text_delta_direction_basis_to_changed,39,deixis_and_perspective_anchoring,word_tfidf,0.5975,0.5975,0.3263598326359833,0.6759875000000001,800,0.5,0.5,0.5,0.0,0.5,100,0.5,0.5,0.5,0.0,0.49999999999999994,100,0.5,0.3882710430499037,0.6096028971028971,1000.0,0.3860507246376812,0.616394816390506,1000.0
text_sentence_basis_changed,39,deixis_and_perspective_anchoring,char_tfidf,1.0,1.0,1.0,1.0,800,0.5,0.55,0.55,0.47058823529411764,0.515,100,0.5,0.6,0.6,0.6,0.6719999999999999,100,0.5,,,,,,
text_delta_direction_basis_to_changed,39,deixis_and_perspective_anchoring,char_tfidf,0.51625,0.51625,0.34071550255536626,0.5339937499999999,800,0.5,0.5,0.5,0.16666666666666666,0.5,100,0.5,0.5,0.5,0.10714285714285714,0.49999999999999994,100,0.5,,,,,,
text_sentence_basis_changed,39,deixis_and_perspective_anchoring,length_punct,0.55875,0.55875,0.5170998632010944,0.5576406250000001,800,0.5,0.5,0.5,0.5,0.54,100,0.5,0.5,0.5,0.5614035087719298,0.491,100,0.5,0.423743315069906,0.6542079372921764,1000.0,0.38463067573356186,0.603242551566081,1000.0
text_delta_direction_basis_to_changed,39,deixis_and_perspective_anchoring,length_punct,0.5,0.5,0.0,0.5,800,0.5,0.5,0.5,0.0,0.5,100,0.5,0.5,0.5,0.0,0.5,100,0.5,,,,,,
text_sentence_basis_changed,40,orthographic_and_tokenization_interface,word_tfidf,0.83125,0.83125,0.8253557567917206,0.9416968750000001,800,0.5,0.5,0.5,0.6666666666666666,0.5,100,0.5,0.5,0.5,0.6666666666666666,0.5,100,0.5,,,,,,
text_delta_direction_basis_to_changed,40,orthographic_and_tokenization_interface,word_tfidf,0.53125,0.53125,0.11764705882352941,0.560546875,800,0.5,0.5,0.5,0.6666666666666666,0.5,100,0.5,0.5,0.5,0.6666666666666666,0.5,100,0.5,,,,,,
text_sentence_basis_changed,40,orthographic_and_tokenization_interface,char_tfidf,0.885,0.885,0.885,0.9650375,800,0.5,0.5,0.5,0.0,0.5,100,0.5,0.5,0.5,0.0,0.5,100,0.5,,,,,,
text_delta_direction_basis_to_changed,40,orthographic_and_tokenization_interface,char_tfidf,0.51,0.51,0.6683587140439933,0.5197375,800,0.5,0.5,0.5,0.6666666666666666,1.0,100,0.5,0.5,0.5,0.6666666666666666,0.5,100,0.5,1.0,1.0,1000.0,0.5,0.5,1000.0
text_sentence_basis_changed,40,orthographic_and_tokenization_interface,length_punct,0.76,0.76,0.7681159420289855,0.8589249999999999,800,0.5,0.5,0.5,0.0,0.7756,100,0.5,0.5,0.5,0.0,0.49999999999999994,100,0.5,0.6794325196984132,0.8639873798076924,1000.0,0.3920065625,0.6082195905258931,1000.0
text_delta_direction_basis_to_changed,40,orthographic_and_tokenization_interface,length_punct,0.5,0.5,0.0,0.5,800,0.5,0.5,0.5,0.0,0.5,100,0.5,0.5,0.5,0.0,0.5,100,0.5,,,,,,
