probe_family,variable_id,variable,activation_representation,activation_layer_idx,activation_layer_name,activation_val_auroc,activation_val_auroc_ci_lower,activation_val_auroc_ci_upper,activation_test_auroc,activation_test_auroc_ci_lower,activation_test_auroc_ci_upper,activation_test_accuracy,best_text_model_kind,best_text_val_auroc,best_text_val_auroc_ci_lower,best_text_val_auroc_ci_upper,best_text_test_auroc,best_text_test_auroc_ci_lower,best_text_test_auroc_ci_upper,activation_minus_text_test_auroc,best_null_val_auroc,best_null_test_auroc,activation_minus_null_test_auroc,suspiciously_high_test_auroc,possible_overfit,weak_signal
delta_direction_basis_to_changed,1,Subject expression / pro-drop,final_token,0,layer_0,1.0,0.9999999999999999,1.0,1.0,0.9999999999999999,1.0,1.0,word_tfidf,0.5000000000000001,0.38441059883004924,0.6153853873946206,0.5,0.3899376517433896,0.6135602949787732,0.5,,,,True,False,False
delta_direction_basis_to_changed,2,basic_constituent_order,mean_pooled,12,layer_12,0.9740000000000001,0.9474069734781123,0.9923350794863399,0.6220000000000001,0.5126044451871657,0.7304192467948717,0.5,word_tfidf,0.5,0.5,0.5,0.5002000000000001,0.4166641414141413,0.577401457367736,0.12180000000000002,,,,False,False,False
delta_direction_basis_to_changed,3,nominal_modifier_order,mean_pooled,10,layer_10,1.0,0.9999999999999999,1.0,0.5324,0.4195095984836878,0.6442508012820513,0.54,word_tfidf,0.5,0.5,0.5,0.5,0.5,0.5,0.032399999999999984,,,,False,False,True
delta_direction_basis_to_changed,4,case_marking,final_token,8,layer_8,1.0,0.9999999999999999,1.0,0.966,0.9291623769507804,0.9931970373376623,0.9,word_tfidf,0.7008,0.6017813798701299,0.7947264955761509,0.6301999999999999,0.5202036824345122,0.7392283775252525,0.3358000000000001,,,,False,False,False
delta_direction_basis_to_changed,5,morphosyntactic_alignment,final_token,3,layer_3,0.9808,0.9565076855511638,0.9963869931754314,0.9684,0.9367792767577251,0.9895836459583834,0.86,word_tfidf,0.9462,0.90625730259324,0.979532935213427,0.844,0.7687134593214756,0.913671875,0.12440000000000007,,,,False,False,False
delta_direction_basis_to_changed,6,transitivity_valency,final_token,0,layer_0,1.0,0.9999999999999999,1.0,1.0,0.9999999999999999,1.0,1.0,word_tfidf,0.5,0.5,0.5,0.5,0.5,0.5,0.5,,,,True,False,False
delta_direction_basis_to_changed,7,voice_and_agent_prominence,final_token,0,layer_0,1.0,0.9999999999999999,1.0,0.98,0.9560702405282676,0.9967987515006002,0.92,word_tfidf,0.5,0.3825604217980296,0.6251006441223832,0.875,0.8040315413752913,0.9328866988629307,0.10499999999999998,,,,True,False,False
delta_direction_basis_to_changed,8,causativity_and_valency_change,final_token,0,layer_0,1.0,0.9999999999999999,1.0,0.9600000000000001,0.9212846377518021,0.9855769230769231,0.8,word_tfidf,0.5886,0.4731109532828284,0.7007915711447164,0.47959999999999997,0.3645241477272728,0.5891433298107891,0.4804000000000001,,,,False,False,False
delta_direction_basis_to_changed,9,analytic_vs_synthetic_encoding,final_token,0,layer_0,1.0,0.9999999999999999,1.0,1.0,0.9999999999999999,1.0,1.0,word_tfidf,0.5,0.3981481481481482,0.6062690131132012,0.5197999999999999,0.4081422463768117,0.6322565786314526,0.48020000000000007,,,,True,False,False
delta_direction_basis_to_changed,10,morphological_segmentation_type,final_token,0,layer_0,1.0,0.9999999999999999,1.0,0.9772000000000001,0.9503009744169921,0.9943977591036415,0.9,word_tfidf,0.5,0.5,0.5,0.5,0.5,0.5,0.47720000000000007,,,,True,False,False
delta_direction_basis_to_changed,11,agreement_indexing_density,final_token,0,layer_0,1.0,0.9999999999999999,1.0,0.7316,0.6161429924242425,0.8287426948051948,0.5,char_tfidf,0.5,0.3901994721542228,0.6178506799354357,0.8766,0.8019821156162185,0.9326334511077159,-0.14500000000000002,,,,False,False,False
delta_direction_basis_to_changed,12,optionality_vs_obligatoriness_of_marking,final_token,0,layer_0,1.0,0.9999999999999999,1.0,0.6644000000000001,0.5531230757389164,0.7687515885108468,0.54,word_tfidf,0.5,0.5,0.5,0.5,0.40395902360944386,0.5930109343737494,0.1644000000000001,,,,False,False,False
delta_direction_basis_to_changed,13,redundancy_cumulative_exponence,final_token,3,layer_3,1.0,0.9999999999999999,1.0,0.878,0.8104497313031797,0.9363487835166979,0.74,word_tfidf,0.5,0.5,0.5,0.5,0.5,0.5,0.378,,,,False,False,False
delta_direction_basis_to_changed,14,definiteness_and_specificity,final_token,18,layer_18,1.0,0.9999999999999999,1.0,0.986,0.9631291399036532,1.0,0.98,char_tfidf,0.5924,0.4742953956483601,0.7049171098078687,0.6386000000000001,0.5288689281413087,0.7447250879655772,0.34739999999999993,,,,True,False,False
delta_direction_basis_to_changed,15,number_marking,final_token,19,layer_19,0.7864,0.6884030702902516,0.8715267896354852,0.4376,0.3243614954541477,0.5596084644522145,0.4,word_tfidf,0.5,0.5,0.5,0.5,0.5,0.5,-0.06240000000000001,,,,False,True,True
delta_direction_basis_to_changed,16,gender_noun_class,final_token,0,layer_0,1.0,0.9999999999999999,1.0,0.9884000000000001,0.9718482252141983,0.9991883116883117,0.94,word_tfidf,1.0,0.9999999999999999,1.0,1.0,0.9999999999999999,1.0,-0.011599999999999944,,,,True,False,False
delta_direction_basis_to_changed,17,animacy_and_humanness,final_token,20,layer_20,1.0,0.9999999999999999,1.0,0.9248,0.8696508196721311,0.965206892814131,0.8,word_tfidf,0.5,0.5,0.5,0.5,0.5,0.5,0.42479999999999996,,,,False,False,False
delta_direction_basis_to_changed,18,person_marking_and_person_hierarchy,mean_pooled,11,layer_11,0.8996,0.8218155958624709,0.9612156346069389,0.8208,0.734763592937175,0.8948972094715629,0.72,word_tfidf,0.8238,0.7306167700437501,0.9021919846380358,0.8055999999999999,0.7107432303585051,0.8795839342948718,0.015200000000000102,,,,False,False,False
delta_direction_basis_to_changed,19,inclusive_exclusive_distinction,mean_pooled,9,layer_9,0.9908,0.9771586174242425,0.9991919923876446,0.9096000000000001,0.855068245684464,0.9536171428571428,0.76,word_tfidf,0.5,0.38766178085199826,0.6148329117147708,0.5,0.3854641675510783,0.6176266988695537,0.4096000000000001,,,,False,False,False
delta_direction_basis_to_changed,20,pronoun_richness_and_reduction,final_token,1,layer_1,1.0,0.9999999999999999,1.0,1.0,0.9999999999999999,1.0,1.0,word_tfidf,0.5,0.40943509615384616,0.589698527502689,0.5,0.41456299307162486,0.590506046037296,0.5,,,,True,False,False
delta_direction_basis_to_changed,21,possession_and_alienability,final_token,5,layer_5,0.9604,0.9259681637077908,0.9878271260744086,0.8735999999999999,0.8003185984252386,0.9350703570534586,0.76,word_tfidf,0.5,0.5,0.5,0.5,0.5,0.5,0.37359999999999993,,,,False,False,False
delta_direction_basis_to_changed,22,tense_prominence,final_token,1,layer_1,0.8248,0.741866038961039,0.898042954636692,0.9252,0.8687497462753218,0.9721069343800322,0.86,char_tfidf,0.7196,0.6221129445102513,0.8106910647301271,0.7458,0.6487268518518519,0.8283170162416086,0.1794,,,,False,True,False
delta_direction_basis_to_changed,23,aspect_and_event_structure,final_token,18,layer_18,0.9616,0.9266772411616161,0.985945429181109,0.38359999999999994,0.2801779891304348,0.4951696627647714,0.46,word_tfidf,0.5,0.5,0.5,0.5,0.5,0.5,-0.11640000000000006,,,,False,False,True
delta_direction_basis_to_changed,24,modality_and_mood,final_token,21,layer_21,0.9683999999999999,0.9371748699479792,0.9911690004014452,0.7444,0.6329106909875553,0.8355549492524282,0.62,word_tfidf,0.5,0.3860244785414166,0.6152632467532467,0.5,0.39351768283799543,0.6072750030244656,0.24439999999999995,,,,False,False,False
delta_direction_basis_to_changed,25,epistemic_modality,mean_pooled,0,layer_0,1.0,0.9999999999999999,1.0,0.7515999999999999,0.6448452976168754,0.84542077020202,0.82,word_tfidf,0.5,0.38779547275641035,0.610679527549177,0.6472,0.5341161253429011,0.7510116185897435,0.10439999999999994,,,,False,False,False
delta_direction_basis_to_changed,26,evidentiality,final_token,6,layer_6,0.8855999999999999,0.8210024350649351,0.9404335693885878,0.7020000000000001,0.5874076354679802,0.796685275974026,0.58,char_tfidf,0.7658,0.6595728000109793,0.8597071256038646,0.4866,0.3747379797824303,0.5949786098563271,0.2154000000000001,,,,False,False,False
delta_direction_basis_to_changed,27,mirativity_stance_and_affect_marking,final_token,0,layer_0,1.0,0.9999999999999999,1.0,1.0,0.9999999999999999,1.0,1.0,char_tfidf,0.98,0.9545736063950199,0.9975914494101843,0.9528,0.8962111299261084,0.9904091690084303,0.04720000000000002,,,,True,False,False
delta_direction_basis_to_changed,28,negation_and_polarity_structure,mean_pooled,2,layer_2,0.7867999999999999,0.6978327410509659,0.8634863812756224,0.9604,0.9235035133948176,0.9856030028559771,0.82,length_punct,0.5,0.5,0.5,0.5,0.5,0.5,0.46040000000000003,,,,False,True,False
delta_direction_basis_to_changed,29,quantifier_scope_and_distributivity,final_token,0,layer_0,1.0,0.9999999999999999,1.0,0.9743999999999999,0.9471134142496848,0.99278875,0.84,char_tfidf,0.7435999999999999,0.639975827922078,0.837832352050304,0.6472,0.5372220643939395,0.7501106021661662,0.32719999999999994,,,,True,False,False
delta_direction_basis_to_changed,30,conditional_and_counterfactual_marking,final_token,0,layer_0,1.0,0.9999999999999999,1.0,0.9284,0.8754062499999999,0.9747899159663865,0.9,length_punct,0.5,0.5,0.5,0.5,0.5,0.5,0.4284,,,,False,False,False
delta_direction_basis_to_changed,31,subordination_and_embedding,final_token,0,layer_0,1.0,0.9999999999999999,1.0,0.7468,0.6397802183977456,0.83219300519489,0.5,word_tfidf,0.5,0.38933903875559894,0.6168283719737895,0.5,0.384209375,0.6116147524350649,0.24680000000000002,,,,False,False,False
delta_direction_basis_to_changed,32,quotation_and_reported_speech_structure,final_token,0,layer_0,1.0,0.9999999999999999,1.0,1.0,0.9999999999999999,1.0,1.0,word_tfidf,0.8304,0.7549083975037408,0.8949893051448083,0.5,0.39332710376255614,0.6046026884283421,0.5,,,,True,False,False
delta_direction_basis_to_changed,33,discourse_relation_marking,final_token,5,layer_5,0.75,0.649279356060606,0.8516099999999999,0.0864,0.03899378717004044,0.1452691019589654,0.16,length_punct,0.5,0.5,0.5,0.5,0.5,0.5,-0.41359999999999997,,,,False,True,True
delta_direction_basis_to_changed,34,topic_comment_structure,mean_pooled,12,layer_12,0.944,0.8976048278854382,0.9775641025641025,0.9995999999999999,0.997598967471604,1.0,0.98,char_tfidf,0.6638000000000001,0.5592001859739935,0.7587327628740024,0.5784,0.46592648559444544,0.683290771113831,0.4211999999999999,,,,True,False,False
delta_direction_basis_to_changed,35,focus_and_given_new_marking,final_token,0,layer_0,1.0,0.9999999999999999,1.0,1.0,0.9999999999999999,1.0,1.0,word_tfidf,0.5,0.3855846487354476,0.6152645854014682,0.7238,0.6314052483974358,0.8030208339574183,0.2762,,,,True,False,False
delta_direction_basis_to_changed,36,genericity_and_kind_level_reference,final_token,12,layer_12,0.9556,0.9134615384615385,0.9834955234981198,0.9472,0.8971588635454182,0.9829646915584416,0.92,word_tfidf,0.9168,0.8558957389774091,0.9635416666666666,0.8086,0.7213873560981149,0.8910903330273358,0.13860000000000006,,,,False,False,False
delta_direction_basis_to_changed,37,social_deixis_honorifics_status_encoding,final_token,0,layer_0,1.0,0.9999999999999999,1.0,0.75,0.6514289772727273,0.8457963564213565,0.5,char_tfidf,0.8527999999999999,0.7581874102011494,0.9417334902711084,0.5512,0.4291675911490667,0.6589953244652834,0.19879999999999998,,,,False,False,False
delta_direction_basis_to_changed,38,speech_act_force_and_request_directness,final_token,2,layer_2,1.0,0.9999999999999999,1.0,0.58,0.4653686112126009,0.6888557247350351,0.56,char_tfidf,0.87,0.7962982954545454,0.938007532051282,0.468,0.359792354476114,0.5772448263888889,0.11199999999999993,,,,False,False,True
delta_direction_basis_to_changed,39,deixis_and_perspective_anchoring,mean_pooled,14,layer_14,0.81,0.7133579961937047,0.8928814674908425,0.8816,0.8091980912364947,0.9437656959335459,0.84,word_tfidf,0.5,0.38856696457326895,0.6096571681557238,0.49999999999999994,0.3923406923155736,0.6096500441589723,0.3816000000000001,,,,False,True,False
delta_direction_basis_to_changed,40,orthographic_and_tokenization_interface,final_token,0,layer_0,0.8508,0.7707825252525253,0.9151447353638562,0.518,0.4045461982113086,0.6335018770495864,0.5,char_tfidf,1.0,1.0,1.0,0.5,0.5,0.5,0.018000000000000016,,,,False,False,True
sentence_basis_changed,1,Subject expression / pro-drop,mean_pooled,12,layer_12,0.9683999999999999,0.9353669776853237,0.9915703254404934,0.9503999999999999,0.9098311734745081,0.9818211014196563,0.5,length_punct,0.7642,0.6659699508394155,0.8490415925729198,0.8332,0.748440194259522,0.9057793603096818,0.11719999999999986,0.8268000000000001,0.574,0.37639999999999996,False,False,False
sentence_basis_changed,2,basic_constituent_order,mean_pooled,8,layer_8,0.9216000000000001,0.8599646464646463,0.9675560095642063,0.5928,0.4787428863910077,0.7085708550782818,0.54,char_tfidf,0.8098,0.7135115191142101,0.8953418089695956,0.6178,0.5001950780312124,0.7236250501806503,-0.025000000000000022,0.6324,0.5771999999999999,0.015600000000000058,False,False,True
sentence_basis_changed,3,nominal_modifier_order,mean_pooled,9,layer_9,0.8944,0.8264672946859902,0.9478888888888889,0.5312,0.4198948153286898,0.6415161697574343,0.51,length_punct,0.7152,0.5990487306025833,0.8084943352340935,0.5142,0.39943812500000003,0.6286601740696278,0.017000000000000015,0.8271999999999999,0.49879999999999997,0.03240000000000004,False,False,True
sentence_basis_changed,4,case_marking,mean_pooled,18,layer_18,0.992,0.9786549088796964,0.999594200937951,0.9916,0.9771634615384616,1.0,0.97,char_tfidf,0.9024000000000001,0.8415985878489327,0.9529043697848045,0.982,0.9605302034182963,0.9963298286413709,0.009600000000000053,0.8603999999999999,0.5112,0.48040000000000005,True,False,False
sentence_basis_changed,5,morphosyntactic_alignment,mean_pooled,8,layer_8,0.8516,0.7672230113636364,0.9184376645314145,0.8208000000000001,0.7259772509003601,0.895059631642512,0.78,word_tfidf,0.9328,0.8784114728493124,0.9746416136239814,0.8757999999999999,0.8054054961497755,0.9366224999999999,-0.05499999999999983,0.6739999999999999,0.5504,0.2704000000000001,False,False,False
sentence_basis_changed,6,transitivity_valency,final_token,14,layer_14,0.864,0.7825031004547334,0.9294013127060373,0.9644,0.9290793749999999,0.9907963185274109,0.51,length_punct,0.9738,0.9432516766020865,0.9956093749999999,0.9964,0.9889259178743962,1.0,-0.03199999999999992,0.8572,0.6364000000000001,0.32799999999999996,False,False,False
sentence_basis_changed,7,voice_and_agent_prominence,final_token,0,layer_0,1.0,0.9999999999999999,1.0,0.8595999999999999,0.7856362592834204,0.9204633838383838,0.76,word_tfidf,1.0,0.9999999999999999,1.0,0.6286,0.50755509860127,0.736398042929293,0.23099999999999987,0.6216,0.64,0.2195999999999999,False,False,False
sentence_basis_changed,8,causativity_and_valency_change,final_token,13,layer_13,0.9952000000000001,0.9827926002131622,1.0,0.8572,0.7732105795502312,0.9253717542270531,0.8,length_punct,0.9802,0.9577294685990339,0.9960049619847939,0.7486,0.6536904580013824,0.8385746570277438,0.10859999999999992,0.7944,0.4915999999999999,0.36560000000000004,False,False,False
sentence_basis_changed,9,analytic_vs_synthetic_encoding,mean_pooled,7,layer_7,1.0,0.9999999999999999,1.0,0.9952,0.9863941490057562,1.0,0.93,word_tfidf,0.9952,0.9859098228663447,1.0,0.978,0.951092612108524,0.9956073727422003,0.017199999999999993,0.84,0.5836,0.41159999999999997,True,False,False
sentence_basis_changed,10,morphological_segmentation_type,mean_pooled,1,layer_1,0.9812,0.9569207755565994,0.9968031609195402,0.9556,0.9126370028721755,0.98798125,0.79,word_tfidf,1.0,0.9999999999999999,1.0,0.8608,0.772916958041958,0.933941098603688,0.0948,0.8659999999999999,0.5992,0.35640000000000005,False,False,False
sentence_basis_changed,11,agreement_indexing_density,final_token,0,layer_0,1.0,0.9999999999999999,1.0,0.7536,0.6473240115718418,0.8433344574059735,0.69,word_tfidf,1.0,0.9999999999999999,1.0,0.7365999999999999,0.63621148989899,0.8283462062709698,0.017000000000000126,0.7879999999999999,0.6024,0.1512,False,False,False
sentence_basis_changed,12,optionality_vs_obligatoriness_of_marking,mean_pooled,12,layer_12,0.9868000000000001,0.9664626941685766,1.0,0.6275999999999999,0.515224358974359,0.7396022041062803,0.58,char_tfidf,0.8948,0.8298620243691112,0.95500200080032,0.49939999999999996,0.3900041596542227,0.6224775296592066,0.12819999999999998,0.7052,0.5364,0.09119999999999995,False,False,False
sentence_basis_changed,13,redundancy_cumulative_exponence,mean_pooled,23,layer_23,0.994,0.9811658775252525,1.0,0.6208,0.4993282747615571,0.7320073229291716,0.52,char_tfidf,0.9576,0.9221184554891284,0.9851561445926293,0.5396,0.41327193055924955,0.6649635529887631,0.08120000000000005,0.646,0.5204,0.10040000000000004,False,False,False
sentence_basis_changed,14,definiteness_and_specificity,mean_pooled,13,layer_13,0.8956,0.8219245104705872,0.9546055139755603,0.8204,0.7286368599033817,0.8956089595838336,0.73,word_tfidf,0.767,0.6640319922504025,0.8642676530839609,0.7892,0.6859898718594372,0.8679484993997599,0.031200000000000006,0.7727999999999999,0.5712,0.24919999999999998,False,False,False
sentence_basis_changed,15,number_marking,final_token,23,layer_23,0.6096,0.49305741645649437,0.7174468109231694,0.4376,0.3293066374276984,0.5478291316526611,0.46,word_tfidf,0.5198,0.40904608226093253,0.6376260660514206,0.5392,0.42680500123183057,0.6521821678446491,-0.10160000000000002,0.9279999999999999,0.45999999999999996,-0.022399999999999975,False,True,True
sentence_basis_changed,16,gender_noun_class,final_token,0,layer_0,1.0,0.9999999999999999,1.0,0.8667999999999999,0.7834997744447096,0.9383094919083649,0.84,word_tfidf,1.0,0.9999999999999999,1.0,0.9007999999999999,0.8359589654043436,0.9527315546772067,-0.03400000000000003,0.684,0.5916,0.2751999999999999,False,False,False
sentence_basis_changed,17,animacy_and_humanness,final_token,12,layer_12,0.7328,0.6383812494519399,0.8241296600877193,0.7931999999999999,0.7018149978041283,0.8711840140535794,0.67,length_punct,0.6448,0.5309526194299478,0.7437592113263594,0.5434000000000001,0.42668229166666666,0.6532736097249017,0.2497999999999998,0.7332,0.5404000000000001,0.2527999999999998,False,True,False
sentence_basis_changed,18,person_marking_and_person_hierarchy,final_token,9,layer_9,0.7312000000000001,0.6306422569027611,0.8263977049180329,0.6776,0.5702249142081075,0.7842131417941298,0.59,word_tfidf,0.7624,0.6611802488960258,0.8534112500000001,0.7642,0.6688704278359093,0.8577480992396959,-0.08660000000000001,0.5888,0.538,0.13959999999999995,False,True,False
sentence_basis_changed,19,inclusive_exclusive_distinction,mean_pooled,11,layer_11,0.8776,0.8031929166666667,0.9337930194805195,0.7435999999999998,0.6335106363922962,0.8358189482135688,0.71,char_tfidf,0.5566000000000001,0.44572660193885255,0.6788977581521739,0.6312,0.5135860167930809,0.742855014733166,0.11239999999999983,0.7696000000000001,0.6368,0.10679999999999978,False,False,False
sentence_basis_changed,20,pronoun_richness_and_reduction,mean_pooled,12,layer_12,0.992,0.9771908763505402,1.0,0.922,0.8618952790044159,0.9716935422817776,0.91,char_tfidf,0.9808,0.9583838262577759,0.9963768115942029,0.8316000000000001,0.7366874164438503,0.9131702681072429,0.09039999999999992,0.6804,0.5916000000000001,0.3303999999999999,False,False,False
sentence_basis_changed,21,possession_and_alienability,mean_pooled,15,layer_15,0.8356,0.7494789050428743,0.9028568654715823,0.7276,0.6271763629064633,0.8217300982893158,0.69,word_tfidf,0.9006,0.8303158716979971,0.9553577681072429,0.8464,0.7651988639100762,0.9152678343320327,-0.11880000000000002,0.6328,0.5436,0.18400000000000005,False,True,False
sentence_basis_changed,22,tense_prominence,final_token,5,layer_5,0.7076,0.6052255878739219,0.7996653796653796,0.6624000000000001,0.5510044322827485,0.7662901785714286,0.6,char_tfidf,0.6646,0.5597696216026427,0.7624256331430245,0.6684,0.564393672187825,0.7634615384615384,-0.005999999999999894,0.6712,0.46280000000000004,0.19960000000000006,False,True,False
sentence_basis_changed,23,aspect_and_event_structure,mean_pooled,14,layer_14,0.7084,0.5965076800520335,0.8061317095711228,0.4696,0.3587922641509434,0.5944586501489807,0.44,char_tfidf,0.6063999999999999,0.48740868506493507,0.7124188311688311,0.33920000000000006,0.2342923325083236,0.44657863145258103,0.13039999999999996,0.7779999999999999,0.5568,-0.08719999999999994,False,True,True
sentence_basis_changed,24,modality_and_mood,final_token,21,layer_21,0.7656000000000001,0.6682406724231242,0.8583333333333333,0.6376000000000001,0.5253292224080268,0.7418932629870129,0.61,length_punct,0.7541999999999999,0.6538524138621795,0.8469004510895267,0.535,0.4209768028846154,0.6461426847290641,0.10260000000000002,0.826,0.6128,0.024800000000000044,False,True,False
sentence_basis_changed,25,epistemic_modality,mean_pooled,10,layer_10,0.8031999999999999,0.7099952421309307,0.8951596816968459,0.7236,0.6199653149615668,0.8214687293580736,0.64,length_punct,0.619,0.5068525297130275,0.7383833362605379,0.6599999999999999,0.5521306818181818,0.7726484160518756,0.0636000000000001,0.7232,0.5768,0.14680000000000004,False,True,False
sentence_basis_changed,26,evidentiality,final_token,6,layer_6,0.772,0.6735898653610771,0.8683678221288514,0.48279999999999995,0.36663491491712746,0.6081231789044289,0.5,char_tfidf,0.6112,0.48456382553021204,0.7205047348484848,0.10560000000000001,0.05201235542293842,0.17055644496873013,0.3771999999999999,0.9164,0.7996000000000001,-0.31680000000000014,False,True,True
sentence_basis_changed,27,mirativity_stance_and_affect_marking,final_token,0,layer_0,1.0,0.9999999999999999,1.0,0.8324000000000001,0.7531430214904434,0.9079409218232748,0.74,length_punct,1.0,1.0,1.0,0.8518,0.7816897954834109,0.9176350342365968,-0.019399999999999862,0.8755999999999999,0.5408000000000001,0.2916000000000001,False,False,False
sentence_basis_changed,28,negation_and_polarity_structure,mean_pooled,4,layer_4,0.7568,0.646490264405135,0.8485822453981592,0.8272,0.7389632191480018,0.9034413041059308,0.65,word_tfidf,0.6781999999999999,0.5671310196708151,0.7792302288237656,0.8560000000000001,0.7768358781012406,0.92017111192303,-0.028800000000000048,0.6632,0.40599999999999997,0.4212000000000001,False,True,False
sentence_basis_changed,29,quantifier_scope_and_distributivity,mean_pooled,1,layer_1,0.922,0.8685224277610492,0.9684848484848485,0.86,0.783202544255198,0.9293973312315704,0.76,char_tfidf,0.8512,0.7731068722943724,0.9162589173600475,0.8535999999999999,0.7791745454545455,0.9213330414462051,0.006400000000000072,0.6896,0.58,0.28,False,False,False
sentence_basis_changed,30,conditional_and_counterfactual_marking,final_token,15,layer_15,0.7192,0.6162443765384942,0.8156134524287434,0.7072,0.5957298517085751,0.8031612645058024,0.57,length_punct,0.8046000000000001,0.7153753512645524,0.8829606721915819,0.5808,0.4751711368511368,0.6879557291666666,0.12640000000000007,0.8904,0.41800000000000004,0.2892,False,True,False
sentence_basis_changed,31,subordination_and_embedding,final_token,0,layer_0,1.0,0.9999999999999999,1.0,0.5,0.3599622641509434,0.6327941815023881,0.25,word_tfidf,1.0,0.9999999999999999,1.0,0.5,0.3599622641509434,0.6327941815023881,0.0,0.8271999999999999,0.5272,-0.027200000000000002,False,False,True
sentence_basis_changed,32,quotation_and_reported_speech_structure,mean_pooled,6,layer_6,0.9812,0.952795736651947,0.9987924156911928,0.998,0.9935974389755903,1.0,0.95,word_tfidf,0.9352,0.8965337643678162,0.9661868127250901,0.9421999999999999,0.9078479400843035,0.9690038427755818,0.05580000000000007,0.8604,0.596,0.402,True,False,False
sentence_basis_changed,33,discourse_relation_marking,final_token,6,layer_6,0.6624,0.55254221660808,0.7679213178539469,0.4592,0.3353341336534614,0.5653444732669411,0.5,length_punct,0.6204,0.5054213120642861,0.7325824072767007,0.046400000000000004,0.015224358974358974,0.0864178402248093,0.4128,0.7792,0.8635999999999999,-0.4043999999999999,False,True,True
sentence_basis_changed,34,topic_comment_structure,mean_pooled,7,layer_7,0.8872,0.8108874198717949,0.9479182297919168,0.8855999999999999,0.8110881806823097,0.948,0.58,char_tfidf,0.7398,0.6359986609089124,0.8332028636424462,0.7604,0.6670014472494091,0.8421292586753873,0.12519999999999998,0.7328,0.5416000000000001,0.34399999999999986,False,False,False
sentence_basis_changed,35,focus_and_given_new_marking,final_token,0,layer_0,0.6275999999999999,0.5140224358974359,0.7313571844821845,0.8976,0.8239195678271308,0.9602311947506275,0.87,length_punct,0.598,0.4804999175203531,0.7153883240502756,0.9914,0.9749889834721767,1.0,-0.0938,0.7372,0.44880000000000003,0.4487999999999999,False,True,False
sentence_basis_changed,36,genericity_and_kind_level_reference,final_token,12,layer_12,0.8364,0.7519909812215293,0.9082822402597404,0.8064,0.7164412117503062,0.8847972386582034,0.75,char_tfidf,0.7758000000000002,0.68318,0.8713920003607504,0.8615999999999999,0.7791116446578632,0.9357785887781873,-0.055199999999999916,0.6836,0.5336000000000001,0.27279999999999993,False,True,False
sentence_basis_changed,37,social_deixis_honorifics_status_encoding,mean_pooled,3,layer_3,0.9456,0.8961410663715762,0.9825487012987013,0.5544,0.4270445478723405,0.6711207729468599,0.66,char_tfidf,0.95,0.9034028952490086,0.982738720772988,0.7276,0.6130342221191969,0.8225216027699718,-0.17320000000000002,0.9348,0.5768,-0.022399999999999975,False,False,True
sentence_basis_changed,38,speech_act_force_and_request_directness,mean_pooled,22,layer_22,0.8936,0.8261217948717948,0.9484495038015206,0.7192,0.6099258646817525,0.8103349098259993,0.65,length_punct,0.8964,0.8295223558173269,0.9555388621794872,0.6040000000000001,0.4931707653160352,0.7119777598539416,0.11519999999999986,0.8616,0.5816,0.13759999999999994,False,False,False
sentence_basis_changed,39,deixis_and_perspective_anchoring,final_token,0,layer_0,0.62,0.5103753003309307,0.7284074481384121,0.5972000000000001,0.47244458128078826,0.7111340274746263,0.55,length_punct,0.54,0.4294771634615385,0.6676735965384475,0.491,0.38448509584718826,0.6037669186992978,0.10620000000000007,1.0,0.41679999999999995,0.18040000000000012,False,True,True
sentence_basis_changed,40,orthographic_and_tokenization_interface,final_token,0,layer_0,0.731,0.6482816870629371,0.8101023706896552,0.49,0.4666666666666667,0.5,0.5,length_punct,0.7756,0.6663685249039399,0.863956514096023,0.49999999999999994,0.3901939197792869,0.6024212685864953,-0.009999999999999953,1.0,0.4468,0.043200000000000016,False,True,True
