variable_id,variable,inspection_grade,ablation_screen_category,split,dose,primary_dose,target_feature,feature_high_side,steering_side,train_target_activation_gap,control_features,target_mean_attenuation,matched_control_mean_attenuation,target_minus_control_attenuation,target_minus_control_ci_low,target_minus_control_ci_high,target_minus_control_bootstrap_p
1,Subject expression / pro-drop,C,specific_positive,val,0.5,False,8041,changed,basis,0.007096752524375895,"9728,7247,1302",0.0006136980373412371,-7.85280208219774e-05,0.0006922261067666114,-0.0002441474756633397,0.0016126974892686121,0.1329335332333833
1,Subject expression / pro-drop,C,specific_positive,val,1.0,True,8041,changed,basis,0.007096752524375895,"9728,7247,1302",-3.734439451363869e-05,-8.208315557567403e-05,4.47387684835121e-05,-0.0008388295616023242,0.000990897462441353,0.927536231884058
1,Subject expression / pro-drop,C,specific_positive,val,2.0,False,8041,changed,basis,0.007096752524375895,"9728,7247,1302",-0.0005461493274196982,-0.0009243439417332411,0.00037819458171725276,-0.0008320105487655382,0.0014845415706513448,0.5157421289355323
1,Subject expression / pro-drop,C,specific_positive,test,0.5,False,8041,changed,basis,0.007096752524375895,"9728,7247,1302",0.000492058985400945,0.0009758357773534954,-0.0004837767465505749,-0.0014522322078701108,0.0005232109651260539,0.3288355822088955
1,Subject expression / pro-drop,C,specific_positive,test,1.0,True,8041,changed,basis,0.007096752524375895,"9728,7247,1302",0.0005524319130927324,0.0004857031162828207,6.672881660051644e-05,-0.0010456197728344705,0.0012224955355050024,0.9405297351324338
1,Subject expression / pro-drop,C,specific_positive,test,2.0,False,8041,changed,basis,0.007096752524375895,"9728,7247,1302",-0.0007972603780217469,-0.0007486587855964899,-4.860166576690972e-05,-0.001016609334415989,0.0008816656873968891,0.9155422288855573
2,basic_constituent_order,C,positive_control_advantage,val,0.5,False,932,changed,basis,0.016185056505492,"1887,1302,7136",-0.0001445289672119543,-0.0011256594443693757,0.0009811305021867156,0.00011417111297487283,0.0018656374420679632,0.031984007996002
2,basic_constituent_order,C,positive_control_advantage,val,1.0,True,932,changed,basis,0.016185056505492,"1887,1302,7136",0.0005382733070291579,0.0005758415209129453,-3.756823483854532e-05,-0.0007540568069089205,0.0007419074462377465,0.9425287356321839
2,basic_constituent_order,C,positive_control_advantage,val,2.0,False,932,changed,basis,0.016185056505492,"1887,1302,7136",0.0038813555147498846,0.0006380685372278094,0.0032432868174510077,0.0020502819810499203,0.004362280034576542,0.0009995002498750624
2,basic_constituent_order,C,positive_control_advantage,test,0.5,False,932,changed,basis,0.016185056505492,"1887,1302,7136",0.0012804885627701879,0.0003685187257360667,0.0009119698032736778,-1.155227655544877e-05,0.0018198287555715067,0.053973013493253376
2,basic_constituent_order,C,positive_control_advantage,test,1.0,True,932,changed,basis,0.016185056505492,"1887,1302,7136",0.0018324911361560225,0.0013101479271426797,0.0005223431682679803,-0.0003632215584511869,0.0014230368184507821,0.25287356321839083
2,basic_constituent_order,C,positive_control_advantage,test,2.0,False,932,changed,basis,0.016185056505492,"1887,1302,7136",0.004518290515989065,0.0020799017511308193,0.002438388839364052,0.001492839717597235,0.003436023210291751,0.0009995002498750624
3,nominal_modifier_order,C,positive_control_advantage,val,0.5,False,4426,basis,changed,0.014806400751694999,"8685,1385,12995",0.0010037771426141262,0.0029252534732222557,-0.0019214766146615147,-0.0034383961842395366,-0.0004255393717903645,0.01199400299850075
3,nominal_modifier_order,C,positive_control_advantage,val,1.0,True,4426,basis,changed,0.014806400751694999,"8685,1385,12995",0.0005211998359300196,0.002920443657785654,-0.0023992436821572483,-0.0041351548449601976,-0.00061470244784141,0.0069965017491254375
3,nominal_modifier_order,C,positive_control_advantage,val,2.0,False,4426,basis,changed,0.014806400751694999,"8685,1385,12995",0.0027271860744804144,0.003612317843362689,-0.0008851313979539554,-0.0027738109727506524,0.0010011544150365797,0.34782608695652173
3,nominal_modifier_order,C,positive_control_advantage,test,0.5,False,4426,basis,changed,0.014806400751694999,"8685,1385,12995",5.047544618719257e-06,0.0003598808543756604,-0.00035483324201777576,-0.0022952231246745215,0.0016376272767665786,0.7286356821589205
3,nominal_modifier_order,C,positive_control_advantage,test,1.0,True,4426,basis,changed,0.014806400751694999,"8685,1385,12995",0.0008069535251706839,0.0013964378740638494,-0.000589484233641997,-0.002369527343194932,0.0011671814584988157,0.5487256371814093
3,nominal_modifier_order,C,positive_control_advantage,test,2.0,False,4426,basis,changed,0.014806400751694999,"8685,1385,12995",0.0024303977843374014,0.0010247572790831327,0.0014056404074653983,-0.0009683153802761809,0.003832414210424757,0.22688655672163918
4,case_marking,B,null_or_reverse,val,0.5,False,13269,changed,basis,0.0063829266000539,"6618,4814,12995",-0.0007487253751605749,0.0005409510340541601,-0.0012896763428580016,-0.0026333689214661717,8.227298542624272e-05,0.06996501749125437
4,case_marking,B,null_or_reverse,val,1.0,True,13269,changed,basis,0.0063829266000539,"6618,4814,12995",0.0004876471939496696,-0.0003091432445216924,0.0007967904792167246,-0.000617790236894507,0.0021974678605329243,0.26686656671664166
4,case_marking,B,null_or_reverse,val,2.0,False,13269,changed,basis,0.0063829266000539,"6618,4814,12995",-0.0009463295573368669,-0.0025255531072616577,0.0015792234672699123,1.1378311726730326e-05,0.0029486589706502844,0.04897551224387806
4,case_marking,B,null_or_reverse,test,0.5,False,13269,changed,basis,0.0063829266000539,"6618,4814,12995",-0.0027822924312204123,-0.0008881491958163679,-0.001894143163226545,-0.0034220481747761367,-0.000320077983371448,0.025987006496751622
4,case_marking,B,null_or_reverse,test,1.0,True,13269,changed,basis,0.0063829266000539,"6618,4814,12995",-0.00114016595762223,-0.0011665640631690621,2.6398098561912775e-05,-0.001260300562076736,0.0011847346142167222,0.9775112443778111
4,case_marking,B,null_or_reverse,test,2.0,False,13269,changed,basis,0.0063829266000539,"6618,4814,12995",0.00021328985167201608,-0.0022193724289536476,0.0024326624581590293,0.0009450271950336173,0.00398928956023883,0.0029985007496251873
5,morphosyntactic_alignment,D,null_or_reverse,val,0.5,False,7247,basis,changed,0.018862634897232,"1302,8041,9728",0.0010004363721236587,0.0028248245362192392,-0.0018243883596733212,-0.0048920553689822555,0.0014170852694660404,0.2608695652173913
5,morphosyntactic_alignment,D,null_or_reverse,val,1.0,True,7247,basis,changed,0.018862634897232,"1302,8041,9728",0.0007699435809627175,0.0011646002531051636,-0.00039465660927817225,-0.0030653959367773495,0.002214301503729075,0.7616191904047976
5,morphosyntactic_alignment,D,null_or_reverse,val,2.0,False,7247,basis,changed,0.018862634897232,"1302,8041,9728",-0.0017273422563448548,0.004186886362731457,-0.00591422878409503,-0.008558302233868744,-0.003196701341257722,0.0009995002498750624
5,morphosyntactic_alignment,D,null_or_reverse,test,0.5,False,7247,basis,changed,0.018862634897232,"1302,8041,9728",7.651515625184402e-05,0.0005704686627723277,-0.0004939533770084381,-0.0030246342472964897,0.0019956129944184776,0.6636681659170415
5,morphosyntactic_alignment,D,null_or_reverse,test,1.0,True,7247,basis,changed,0.018862634897232,"1302,8041,9728",-0.004797209519892931,-0.0028871663380414248,-0.001910042951349169,-0.0047717823462444355,0.0008469139498192775,0.17691154422788605
5,morphosyntactic_alignment,D,null_or_reverse,test,2.0,False,7247,basis,changed,0.018862634897232,"1302,8041,9728",-0.0030868342146277428,-0.0008548654150217772,-0.0022319689020514487,-0.005040523299598135,0.0007315874518826597,0.12593703148425786
6,transitivity_valency,C,specific_positive,val,0.5,False,164,changed,basis,0.11584952473640447,"7247,8041,9728",-0.004583280999213457,-0.0033839219249784946,-0.0011993592511862516,-0.0031020148771349343,0.0007135713088791809,0.26186906546726635
6,transitivity_valency,C,specific_positive,val,1.0,True,164,changed,basis,0.11584952473640447,"7247,8041,9728",-0.0010610431199893355,-0.006923179142177105,0.005862136017531157,0.002597801815136336,0.009036405859864316,0.0009995002498750624
6,transitivity_valency,C,specific_positive,val,2.0,False,164,changed,basis,0.11584952473640447,"7247,8041,9728",0.0037450308445841074,-0.01191477570682764,0.01565980654209852,0.009690239591989667,0.021613378172274676,0.0009995002498750624
6,transitivity_valency,C,specific_positive,test,0.5,False,164,changed,basis,0.11584952473640447,"7247,8041,9728",0.0006538283778354526,-0.0033950014039874077,0.004048829646781087,0.0021434015148552137,0.0058386820347514,0.0009995002498750624
6,transitivity_valency,C,specific_positive,test,1.0,True,164,changed,basis,0.11584952473640447,"7247,8041,9728",0.004053013399243355,-0.0037601448129862547,0.007813157998025417,0.004956112960702739,0.010826071170682553,0.0009995002498750624
6,transitivity_valency,C,specific_positive,test,2.0,False,164,changed,basis,0.11584952473640447,"7247,8041,9728",0.012553922832012177,-0.008787326514720917,0.021341250892728567,0.016066334541887044,0.02675309359887615,0.0009995002498750624
7,voice_and_agent_prominence,A,positive_control_advantage,val,0.5,False,8235,changed,basis,0.0332987844012677,"9728,8041,7247",0.002059456193819642,0.0009239283972419798,0.0011355277057737113,0.0003077641613490414,0.0019100882673519664,0.008995502248875561
7,voice_and_agent_prominence,A,positive_control_advantage,val,1.0,True,8235,changed,basis,0.0332987844012677,"9728,8041,7247",0.0015441454015672207,0.000990885659120977,0.0005532596673583612,-0.00017142925450752954,0.0012781563229218587,0.12993503248375812
7,voice_and_agent_prominence,A,positive_control_advantage,val,2.0,False,8235,changed,basis,0.0332987844012677,"9728,8041,7247",0.0056505328975617886,0.003124629845842719,0.002525902985362336,0.0015700532587943597,0.003540767330181551,0.0009995002498750624
7,voice_and_agent_prominence,A,positive_control_advantage,test,0.5,False,8235,changed,basis,0.0332987844012677,"9728,8041,7247",0.001126265269704163,0.0007023651851341128,0.0004239000228699297,-0.0004815196656854823,0.00135795169218909,0.36681659170414793
7,voice_and_agent_prominence,A,positive_control_advantage,test,1.0,True,8235,changed,basis,0.0332987844012677,"9728,8041,7247",0.0022878076415508986,0.0012320363894104958,0.0010557712917216122,-6.485854540369474e-05,0.002123294742166763,0.063968015992004
7,voice_and_agent_prominence,A,positive_control_advantage,test,2.0,False,8235,changed,basis,0.0332987844012677,"9728,8041,7247",0.005976730491966009,0.002141741570085287,0.003834988963790238,0.002286949140834622,0.005353139825398101,0.0009995002498750624
8,causativity_and_valency_change,D,positive_control_advantage,val,0.5,False,8182,changed,basis,0.13819611072540283,"164,7247,8041",-0.0026501768734306097,-0.0016086656833067536,-0.0010415110387839376,-0.0037466291099553925,0.001537046118988655,0.42278860569715143
8,causativity_and_valency_change,D,positive_control_advantage,val,1.0,True,8182,changed,basis,0.13819611072540283,"164,7247,8041",0.0010586953721940517,-0.0019012806005775928,0.0029599760693963615,-0.0006574989623040892,0.006326555418316273,0.11094452773613193
8,causativity_and_valency_change,D,positive_control_advantage,val,2.0,False,8182,changed,basis,0.13819611072540283,"164,7247,8041",-0.0070405094884335995,-0.007030516397207975,-9.992783889174461e-06,-0.005700858151307329,0.005698626792058348,0.9505247376311844
8,causativity_and_valency_change,D,positive_control_advantage,test,0.5,False,8182,changed,basis,0.13819611072540283,"164,7247,8041",-0.0026300279423594475,-0.0023556845262646675,-0.0002743431134149432,-0.0027340249014087023,0.0022491820955183343,0.8545727136431784
8,causativity_and_valency_change,D,positive_control_advantage,test,1.0,True,8182,changed,basis,0.13819611072540283,"164,7247,8041",-0.0009341183467768133,-0.0032700246665626764,0.0023359061649534853,-0.0005836393807840067,0.005409474536543711,0.13193403298350825
8,causativity_and_valency_change,D,positive_control_advantage,test,2.0,False,8182,changed,basis,0.13819611072540283,"164,7247,8041",-0.007951837033033371,-0.0070463065057992935,-0.0009055303502827883,-0.006752393113216385,0.005412193505791947,0.768615692153923
9,analytic_vs_synthetic_encoding,C,specific_positive,val,0.5,False,144,basis,changed,0.010161088313907399,"758,6216,6900",-0.0017562946304678917,-0.0012801934499293566,-0.0004761012247763574,-0.0014929561788740101,0.000646463180833961,0.41379310344827586
9,analytic_vs_synthetic_encoding,C,specific_positive,val,1.0,True,144,basis,changed,0.010161088313907399,"758,6216,6900",2.4640858100610785e-05,-0.0008529481128789485,0.0008775888558011502,-0.0003314663938072044,0.00202436423790641,0.14992503748125938
9,analytic_vs_synthetic_encoding,C,specific_positive,val,2.0,False,144,basis,changed,0.010161088313907399,"758,6216,6900",-0.0008085144800134003,0.00014316115994006395,-0.0009516756352968514,-0.002307290309545351,0.000451397554861614,0.17691154422788605
9,analytic_vs_synthetic_encoding,C,specific_positive,test,0.5,False,144,basis,changed,0.010161088313907399,"758,6216,6900",0.0003817451070062816,-0.00038740038871765137,0.0007691454677842557,-0.0005596887457941193,0.002101695579709485,0.2708645677161419
9,analytic_vs_synthetic_encoding,C,specific_positive,test,1.0,True,144,basis,changed,0.010161088313907399,"758,6216,6900",-0.00021183020726311952,0.0010020615300163627,-0.0012138916959520429,-0.003082669974392047,0.0005765085848106519,0.21489255372313842
9,analytic_vs_synthetic_encoding,C,specific_positive,test,2.0,False,144,basis,changed,0.010161088313907399,"758,6216,6900",0.0011375807225704193,0.0008400047663599253,0.0002975760045228526,-0.0013404341682326049,0.0018972239129943734,0.7296351824087957
10,morphological_segmentation_type,B,specific_positive,val,0.5,False,15843,changed,basis,0.025248312391340698,"8685,6618,5205",0.0016487931134179235,-0.0009247373673133552,0.002573530370136723,0.0015265795402810908,0.003609318177303066,0.0009995002498750624
10,morphological_segmentation_type,B,specific_positive,val,1.0,True,15843,changed,basis,0.025248312391340698,"8685,6618,5205",0.004462325479835272,-0.0015845182351768017,0.006046843542717398,0.005071186740766279,0.007100062894402071,0.0009995002498750624
10,morphological_segmentation_type,B,specific_positive,val,2.0,False,15843,changed,basis,0.025248312391340698,"8685,6618,5205",0.008270087651908398,-0.001375460298731923,0.009645547708496452,0.007830798371578566,0.011333652752568013,0.0009995002498750624
10,morphological_segmentation_type,B,specific_positive,test,0.5,False,15843,changed,basis,0.025248312391340698,"8685,6618,5205",-0.0007242006249725819,-0.00012270866136532277,-0.0006014919356675818,-0.0017726725529064423,0.0006836299589922417,0.3708145927036482
10,morphological_segmentation_type,B,specific_positive,test,1.0,True,15843,changed,basis,0.025248312391340698,"8685,6618,5205",0.004075041972100735,-0.0005295141600072384,0.0046045560122001915,0.0033000407624349465,0.00596264953672653,0.0009995002498750624
10,morphological_segmentation_type,B,specific_positive,test,2.0,False,15843,changed,basis,0.025248312391340698,"8685,6618,5205",0.00811071414500475,-0.0010872575221583247,0.009197971536777913,0.007795593828312121,0.010643894930952228,0.0009995002498750624
11,agreement_indexing_density,C,specific_positive,val,0.5,False,758,changed,basis,0.06319031026214361,"7247,5205,8041",0.00019401550525799394,-0.001124818343669176,0.0013188338500913232,0.00046187915251357485,0.002126346725883194,0.0029985007496251873
11,agreement_indexing_density,C,specific_positive,val,1.0,True,758,changed,basis,0.06319031026214361,"7247,5205,8041",6.201267387950793e-05,-0.0021295626647770405,0.00219157537445426,0.0009976906482479534,0.0034203585332143118,0.0009995002498750624
11,agreement_indexing_density,C,specific_positive,val,2.0,False,758,changed,basis,0.06319031026214361,"7247,5205,8041",0.0009699058718979359,-0.0046559409238398075,0.005625846328912303,0.0034282696251175366,0.007878732953395228,0.0009995002498750624
11,agreement_indexing_density,C,specific_positive,test,0.5,False,758,changed,basis,0.06319031026214361,"7247,5205,8041",0.0010982892708852887,-0.0007811065297573805,0.0018793957936577498,0.0009260427708213683,0.0028137956828577435,0.0009995002498750624
11,agreement_indexing_density,C,specific_positive,test,1.0,True,758,changed,basis,0.06319031026214361,"7247,5205,8041",0.00218402873724699,-0.0014194354880601168,0.0036034640920115635,0.0023616812514665074,0.00486009039239434,0.0009995002498750624
11,agreement_indexing_density,C,specific_positive,test,2.0,False,758,changed,basis,0.06319031026214361,"7247,5205,8041",0.003396760206669569,-0.0043523963540792465,0.007749156903009861,0.005567529305408243,0.009764409811410586,0.0009995002498750624
12,optionality_vs_obligatoriness_of_marking,D,null_or_reverse,val,0.5,False,9607,changed,basis,0.0020566713064909,"12995,6216,8551",1.8751919924397953e-05,-0.0004924815730191767,0.0005112335231387988,4.519969431567006e-05,0.0009501266819279407,0.03298350824587706
12,optionality_vs_obligatoriness_of_marking,D,null_or_reverse,val,1.0,True,9607,changed,basis,0.0020566713064909,"12995,6216,8551",-0.00030336587224155664,0.00020245184714440256,-0.0005058177217142656,-0.0009649239322607172,-8.834913760074414e-05,0.0239880059970015
12,optionality_vs_obligatoriness_of_marking,D,null_or_reverse,val,2.0,False,9607,changed,basis,0.0020566713064909,"12995,6216,8551",-0.0005151641089469194,-0.0002450167085044086,-0.00027014744002372025,-0.0007095088172936812,0.0001820285458088619,0.24287856071964017
12,optionality_vs_obligatoriness_of_marking,D,null_or_reverse,test,0.5,False,9607,changed,basis,0.0020566713064909,"12995,6216,8551",-6.037209095666185e-05,-9.13008552743122e-05,3.0928744236007334e-05,-0.000596125046024099,0.000710350893234135,0.9395302348825587
12,optionality_vs_obligatoriness_of_marking,D,null_or_reverse,test,1.0,True,9607,changed,basis,0.0020566713064909,"12995,6216,8551",0.000678685144521296,0.000525389623362571,0.00015329555099015125,-0.0002388400712516159,0.0005555806884949557,0.43778110944527737
12,optionality_vs_obligatoriness_of_marking,D,null_or_reverse,test,2.0,False,9607,changed,basis,0.0020566713064909,"12995,6216,8551",-0.00030512086232192814,6.103227860876359e-05,-0.0003661531300167553,-0.0008901209110626951,0.0001886603483872022,0.18690654672663667
13,redundancy_cumulative_exponence,B,null_or_reverse,val,0.5,False,4814,changed,basis,0.02246557921171191,"7247,8041,5205",-0.0015603059437125921,0.0009884630562737584,-0.0025487689202418552,-0.0032191872855182736,-0.0018444416749553059,0.0009995002498750624
13,redundancy_cumulative_exponence,B,null_or_reverse,val,1.0,True,4814,changed,basis,0.02246557921171191,"7247,8041,5205",-0.0035652106162160635,0.0010444613872095942,-0.004609672308433801,-0.0054556194224278445,-0.0038897051508538436,0.0009995002498750624
13,redundancy_cumulative_exponence,B,null_or_reverse,val,2.0,False,4814,changed,basis,0.02246557921171191,"7247,8041,5205",-0.004988290835171938,0.00123640859965235,-0.006224699078593403,-0.007225660410709679,-0.00528122379060369,0.0009995002498750624
13,redundancy_cumulative_exponence,B,null_or_reverse,test,0.5,False,4814,changed,basis,0.02246557921171191,"7247,8041,5205",-0.0005918810493312776,0.00026157600223086774,-0.0008534570370102301,-0.0015785127183626172,-0.00012184664330561667,0.02498750624687656
13,redundancy_cumulative_exponence,B,null_or_reverse,test,1.0,True,4814,changed,basis,0.02246557921171191,"7247,8041,5205",-0.0014132128562778234,-0.0005453773192130029,-0.0008678356622112915,-0.001518786521293805,-0.0002689746446412756,0.001999000499750125
13,redundancy_cumulative_exponence,B,null_or_reverse,test,2.0,False,4814,changed,basis,0.02246557921171191,"7247,8041,5205",-0.004013242200016975,0.0006314340280368924,-0.004644675884628668,-0.005469863158505177,-0.003795580491074361,0.0009995002498750624
14,definiteness_and_specificity,C,specific_positive,val,0.5,False,12995,basis,changed,0.0107368240132928,"3132,13197,15325",0.0003924541233573109,-0.0011940858094021678,0.001586539769778028,0.00022416304011130706,0.0029125487655255696,0.022988505747126436
14,definiteness_and_specificity,C,specific_positive,val,1.0,True,12995,basis,changed,0.0107368240132928,"3132,13197,15325",-0.00019323393644299358,-0.0013872593408450484,0.0011940255324589088,0.00019895856860966887,0.002239469852938782,0.022988505747126436
14,definiteness_and_specificity,C,specific_positive,val,2.0,False,12995,basis,changed,0.0107368240132928,"3132,13197,15325",0.0026650410145521164,-0.0006835133535787463,0.0033485544065479187,0.0020697321766929237,0.0046590925856726225,0.0009995002498750624
14,definiteness_and_specificity,C,specific_positive,test,0.5,False,12995,basis,changed,0.0107368240132928,"3132,13197,15325",0.0015348850283771753,0.0004102648817934096,0.0011246200720779597,-4.679449694231152e-05,0.002277417168865213,0.06696651674162919
14,definiteness_and_specificity,C,specific_positive,test,1.0,True,12995,basis,changed,0.0107368240132928,"3132,13197,15325",0.0024366260040551424,-0.00013391482934821397,0.002570540850283578,0.0014187704769428819,0.0037197849172225686,0.0009995002498750624
14,definiteness_and_specificity,C,specific_positive,test,2.0,False,12995,basis,changed,0.0107368240132928,"3132,13197,15325",0.0036777013447135687,7.09475134499371e-05,0.003606753962812945,0.002467431712517282,0.004771099275763843,0.0009995002498750624
15,number_marking,B,positive_nonspecific,val,0.5,False,8685,changed,basis,0.0219481493113563,"5205,758,9728",0.002394086914137006,0.001289730193093419,0.0011043567408341914,-0.00023539922418422065,0.002365744781098327,0.09295352323838081
15,number_marking,B,positive_nonspecific,val,1.0,True,8685,changed,basis,0.0219481493113563,"5205,758,9728",0.005104562267661095,0.002320794388651848,0.0027837676997296513,0.0016678150101797655,0.0038501416629005687,0.0009995002498750624
15,number_marking,B,positive_nonspecific,val,2.0,False,8685,changed,basis,0.0219481493113563,"5205,758,9728",0.010325546376407146,0.0012051040539517999,0.009120441963896156,0.0076682382678845895,0.01053404457285069,0.0009995002498750624
15,number_marking,B,positive_nonspecific,test,0.5,False,8685,changed,basis,0.0219481493113563,"5205,758,9728",0.0010034728329628706,0.0012092078104615211,-0.00020573498331941665,-0.00156476846341684,0.001147067863232223,0.7876061969015492
15,number_marking,B,positive_nonspecific,test,1.0,True,8685,changed,basis,0.0219481493113563,"5205,758,9728",0.0038829378318041563,0.0018819347023963928,0.0020010031154379247,0.0005182725611666683,0.0034784129653708078,0.01199400299850075
15,number_marking,B,positive_nonspecific,test,2.0,False,8685,changed,basis,0.0219481493113563,"5205,758,9728",0.00910131074488163,0.0023759352043271065,0.00672537510166876,0.005216294186247978,0.008215413615253055,0.0009995002498750624
16,gender_noun_class,A,specific_positive,val,0.5,False,5205,changed,basis,0.1237051449716091,"7247,8041,9728",0.037406373769044876,0.0014803565572947264,0.035926015637815,0.03311661626119167,0.038619365894235674,0.0009995002498750624
16,gender_noun_class,A,specific_positive,val,1.0,True,5205,changed,basis,0.1237051449716091,"7247,8041,9728",0.08339895308017731,0.002268493641167879,0.08113046064972877,0.07624923427402973,0.08620512825250624,0.0009995002498750624
16,gender_noun_class,A,specific_positive,val,2.0,False,5205,changed,basis,0.1237051449716091,"7247,8041,9728",0.19129221141338348,0.006732542533427477,0.1845596455037594,0.1726941162124276,0.1955144911892712,0.0009995002498750624
16,gender_noun_class,A,specific_positive,test,0.5,False,5205,changed,basis,0.1237051449716091,"7247,8041,9728",0.0356355644762516,-0.0010264604352414608,0.03666202537715435,0.03486244923807681,0.03847998960316181,0.0009995002498750624
16,gender_noun_class,A,specific_positive,test,1.0,True,5205,changed,basis,0.1237051449716091,"7247,8041,9728",0.07862719148397446,-0.00023268861696124077,0.07885987684130669,0.0748379871211946,0.08307594434916972,0.0009995002498750624
16,gender_noun_class,A,specific_positive,test,2.0,False,5205,changed,basis,0.1237051449716091,"7247,8041,9728",0.1784854680299759,0.001098454580642283,0.17738700523972512,0.16642227584496141,0.188412261813879,0.0009995002498750624
17,animacy_and_humanness,D,specific_positive,val,0.5,False,6618,changed,basis,0.021168870851397497,"5205,7247,8041",0.007957237772643566,0.0003349437902215868,0.007622293853200972,0.006840456246980466,0.00847523024061229,0.0009995002498750624
17,animacy_and_humanness,D,specific_positive,val,1.0,True,6618,changed,basis,0.021168870851397497,"5205,7247,8041",0.022675905376672745,0.0010244701988995075,0.021651437878608702,0.020080172788351773,0.023407554471865297,0.0009995002498750624
17,animacy_and_humanness,D,specific_positive,val,2.0,False,6618,changed,basis,0.021168870851397497,"5205,7247,8041",0.04725208133459091,0.0013942718505859375,0.04585781525820494,0.04250724598485976,0.049469978498294945,0.0009995002498750624
17,animacy_and_humanness,D,specific_positive,test,0.5,False,6618,changed,basis,0.021168870851397497,"5205,7247,8041",0.008328519761562347,0.0005495625082403421,0.007778957143891603,0.006968734843248967,0.008577720224566291,0.0009995002498750624
17,animacy_and_humanness,D,specific_positive,test,1.0,True,6618,changed,basis,0.021168870851397497,"5205,7247,8041",0.02174343168735504,0.0003645707620307803,0.021378858890384437,0.019989059729035943,0.022651024607010187,0.0009995002498750624
17,animacy_and_humanness,D,specific_positive,test,2.0,False,6618,changed,basis,0.021168870851397497,"5205,7247,8041",0.04661599174141884,0.0009468100033700466,0.045669185891747476,0.042889833617955446,0.04852892691362649,0.0009995002498750624
18,person_marking_and_person_hierarchy,B,null_or_reverse,val,0.5,False,13235,changed,basis,0.0016332971863449,"12995,6944,6216",0.0014671746175736189,0.0008913501515053213,0.0005758244427852332,-0.0010257867054315284,0.0021802836898714303,0.47976011994003
18,person_marking_and_person_hierarchy,B,null_or_reverse,val,1.0,True,13235,changed,basis,0.0016332971863449,"12995,6944,6216",0.0012196928728371859,0.0008180702570825815,0.0004016226693056524,-0.0013425433115917258,0.002163743839191738,0.6316841579210395
18,person_marking_and_person_hierarchy,B,null_or_reverse,val,2.0,False,13235,changed,basis,0.0016332971863449,"12995,6944,6216",0.0013701235875487328,0.0012250964064151049,0.00014502724632620812,-0.0013224455165909603,0.0017155880642239934,0.8705647176411794
18,person_marking_and_person_hierarchy,B,null_or_reverse,test,0.5,False,13235,changed,basis,0.0016332971863449,"12995,6944,6216",0.00046505924547091126,-7.82589049777016e-05,0.0005433181865373626,-0.0006374335922591853,0.0016862765483820108,0.3588205897051474
18,person_marking_and_person_hierarchy,B,null_or_reverse,test,1.0,True,13235,changed,basis,0.0016332971863449,"12995,6944,6216",0.0006930452072992921,0.0006439045537263155,4.914063611067831e-05,-0.0013320112542423886,0.0014755481379979752,0.9665167416291854
18,person_marking_and_person_hierarchy,B,null_or_reverse,test,2.0,False,13235,changed,basis,0.0016332971863449,"12995,6944,6216",0.0010946991387754679,0.0004517219203989953,0.0006429772742558271,-0.0007098190251417692,0.001941397000657161,0.3698150924537731
19,inclusive_exclusive_distinction,C,specific_positive,val,0.5,False,6062,basis,changed,0.0077425763010978005,"9728,8041,15325",0.0015799805987626314,0.001053412677720189,0.0005265679361764341,-0.00026918440815643406,0.0013272287651780058,0.17791104447776113
19,inclusive_exclusive_distinction,C,specific_positive,val,1.0,True,6062,basis,changed,0.0077425763010978005,"9728,8041,15325",0.0026406985707581043,0.0006238556816242635,0.002016842585289851,0.0011792656159668696,0.0028858547378913498,0.0009995002498750624
19,inclusive_exclusive_distinction,C,specific_positive,val,2.0,False,6062,basis,changed,0.0077425763010978005,"9728,8041,15325",0.0023380296770483255,0.0009065245976671576,0.0014315050095319748,0.0007188914187427145,0.0021010894688370174,0.0009995002498750624
19,inclusive_exclusive_distinction,C,specific_positive,test,0.5,False,6062,basis,changed,0.0077425763010978005,"9728,8041,15325",0.0019404110498726368,0.0010783921461552382,0.0008620191103545949,8.731958868156653e-05,0.0016666424536379053,0.03498250874562719
19,inclusive_exclusive_distinction,C,specific_positive,test,1.0,True,6062,basis,changed,0.0077425763010978005,"9728,8041,15325",0.0024354865308851004,0.0006659261998720467,0.0017695605085464195,0.0009451171918190084,0.0026280458213732336,0.0009995002498750624
19,inclusive_exclusive_distinction,C,specific_positive,test,2.0,False,6062,basis,changed,0.0077425763010978005,"9728,8041,15325",0.003005904145538807,0.00036796287167817354,0.0026379414647817612,0.0017336034583859145,0.003563705970998853,0.0009995002498750624
20,pronoun_richness_and_reduction,A,specific_positive,val,0.5,False,6944,basis,changed,0.0237159398384392,"8041,9728,6618",0.0006064567132852972,0.00029198190895840526,0.0003144748113118112,-0.0007269365112879313,0.001458493420796003,0.591704147926037
20,pronoun_richness_and_reduction,A,specific_positive,val,1.0,True,6944,basis,changed,0.0237159398384392,"8041,9728,6618",0.002476275200024247,6.374307122314349e-05,0.002412532172165811,0.001128278654301539,0.003822418660216499,0.0009995002498750624
20,pronoun_richness_and_reduction,A,specific_positive,val,2.0,False,6944,basis,changed,0.0237159398384392,"8041,9728,6618",0.00755862845107913,-0.00043838267447426915,0.007997011211700737,0.00648245283664437,0.009675035144959111,0.0009995002498750624
20,pronoun_richness_and_reduction,A,specific_positive,test,0.5,False,6944,basis,changed,0.0237159398384392,"8041,9728,6618",0.0009379844414070249,0.0003855821560136974,0.000552402341272682,-0.000519946014333982,0.0015986298329080447,0.3008495752123938
20,pronoun_richness_and_reduction,A,specific_positive,test,1.0,True,6944,basis,changed,0.0237159398384392,"8041,9728,6618",0.002534921746701002,0.0007655671215616167,0.0017693548370152712,0.0006726276586414315,0.002923945006856229,0.001999000499750125
20,pronoun_richness_and_reduction,A,specific_positive,test,2.0,False,6944,basis,changed,0.0237159398384392,"8041,9728,6618",0.005669977515935898,0.0009305075509473681,0.004739469932392239,0.003352593193412758,0.006206776620587334,0.0009995002498750624
21,possession_and_alienability,C,specific_positive,val,0.5,False,15325,changed,basis,0.0507176965475083,"4426,7247,8041",0.002800998743623495,0.00017561190179549158,0.002625386817380786,0.0005164408145938069,0.004769311828596983,0.014992503748125937
21,possession_and_alienability,C,specific_positive,val,1.0,True,15325,changed,basis,0.0507176965475083,"4426,7247,8041",0.009997053071856499,-0.0009727594442665577,0.010969812654657289,0.0086186278781679,0.013190795743226772,0.0009995002498750624
21,possession_and_alienability,C,specific_positive,val,2.0,False,15325,changed,basis,0.0507176965475083,"4426,7247,8041",0.01617431826889515,0.0011739255860447884,0.015000391979701816,0.011605028626392596,0.01847263004630804,0.0009995002498750624
21,possession_and_alienability,C,specific_positive,test,0.5,False,15325,changed,basis,0.0507176965475083,"4426,7247,8041",0.0068259816616773605,0.0020005495753139257,0.004825432219076902,0.0033948093859944494,0.006337998034898191,0.0009995002498750624
21,possession_and_alienability,C,specific_positive,test,1.0,True,15325,changed,basis,0.0507176965475083,"4426,7247,8041",0.014199788682162762,0.0008596215629950166,0.013340166579000652,0.011015499336412176,0.01553300369356293,0.0009995002498750624
21,possession_and_alienability,C,specific_positive,test,2.0,False,15325,changed,basis,0.0507176965475083,"4426,7247,8041",0.024385223165154457,0.0017418472561985254,0.022643376146443187,0.019806275091832505,0.02571854350029025,0.0009995002498750624
22,tense_prominence,C,null_or_reverse,val,0.5,False,1385,basis,changed,0.0135760980192572,"8551,3132,758",0.0015278959181159735,-0.0005971406935714185,0.0021250366856111215,0.001158642270223936,0.003151928777107967,0.0009995002498750624
22,tense_prominence,C,null_or_reverse,val,1.0,True,1385,basis,changed,0.0135760980192572,"8551,3132,758",0.0033520034048706293,-0.0015957062132656574,0.0049477095663314685,0.003915423667349387,0.005914762279790011,0.0009995002498750624
22,tense_prominence,C,null_or_reverse,val,2.0,False,1385,basis,changed,0.0135760980192572,"8551,3132,758",0.010465554893016815,-0.0017983815632760525,0.012263937201350928,0.010851229619234801,0.01367980722489301,0.0009995002498750624
22,tense_prominence,C,null_or_reverse,test,0.5,False,1385,basis,changed,0.0135760980192572,"8551,3132,758",0.0019099634373560548,0.00028221061802469194,0.0016277527646161615,0.0006852511837496422,0.0026617921396973536,0.0009995002498750624
22,tense_prominence,C,null_or_reverse,test,1.0,True,1385,basis,changed,0.0135760980192572,"8551,3132,758",0.004445300903171301,-0.00023221741139423102,0.004677518396638334,0.0034183184551075103,0.005921897104592061,0.0009995002498750624
22,tense_prominence,C,null_or_reverse,test,2.0,False,1385,basis,changed,0.0135760980192572,"8551,3132,758",0.009360114112496376,-0.00033551958040334284,0.009695633656810969,0.008257667363621294,0.011212818701169452,0.0009995002498750624
23,aspect_and_event_structure,B,specific_positive,val,0.5,False,6216,basis,changed,0.021952417679131,"8685,6618,758",0.0012756299693137407,-0.00014156078395899385,0.0014171908353455365,-0.00012138004996813833,0.003120347081974613,0.07196401799100449
23,aspect_and_event_structure,B,specific_positive,val,1.0,True,6216,basis,changed,0.021952417679131,"8685,6618,758",0.001453331089578569,-0.0014602483715862036,0.00291357944952324,0.001428044693078846,0.004303577238344583,0.0009995002498750624
23,aspect_and_event_structure,B,specific_positive,val,2.0,False,6216,basis,changed,0.021952417679131,"8685,6618,758",0.007697416469454765,-0.00463524367660284,0.012332660518586636,0.010350561760249549,0.014417353265103879,0.0009995002498750624
23,aspect_and_event_structure,B,specific_positive,test,0.5,False,6216,basis,changed,0.021952417679131,"8685,6618,758",0.0013874568976461887,-0.00022707133030053228,0.0016145283274818212,0.00029616501659620556,0.0029354705206060296,0.01999000499750125
23,aspect_and_event_structure,B,specific_positive,test,1.0,True,6216,basis,changed,0.021952417679131,"8685,6618,758",0.0018992307595908642,-0.002282390370965004,0.004181621101452038,0.002564094323286554,0.005788593807024881,0.0009995002498750624
23,aspect_and_event_structure,B,specific_positive,test,2.0,False,6216,basis,changed,0.021952417679131,"8685,6618,758",0.003943982534110546,-0.006430875509977341,0.010374858027789742,0.00812707621906884,0.012696968393807764,0.0009995002498750624
24,modality_and_mood,A,specific_positive,val,0.5,False,13197,changed,basis,0.021928828675299897,"15325,6618,5205",0.0039247930981218815,-0.00034120495547540486,0.004265998047776521,0.003503082047973294,0.0049912132843746805,0.0009995002498750624
24,modality_and_mood,A,specific_positive,val,1.0,True,13197,changed,basis,0.021928828675299897,"15325,6618,5205",0.009213807992637157,-0.002513379789888859,0.011727188262157143,0.010938424313324504,0.012558527777320706,0.0009995002498750624
24,modality_and_mood,A,specific_positive,val,2.0,False,13197,changed,basis,0.021928828675299897,"15325,6618,5205",0.020742231979966164,-0.004629266913980246,0.025371499322354794,0.02422968864440918,0.026522010644897818,0.0009995002498750624
24,modality_and_mood,A,specific_positive,test,0.5,False,13197,changed,basis,0.021928828675299897,"15325,6618,5205",0.0026497109793126583,-0.001111202989704907,0.0037609139806590976,0.003070551797572989,0.004455834430991672,0.0009995002498750624
24,modality_and_mood,A,specific_positive,test,1.0,True,13197,changed,basis,0.021928828675299897,"15325,6618,5205",0.007116337306797504,-0.0037893287371844053,0.010905666667968035,0.01009967748215422,0.011633851556573063,0.0009995002498750624
24,modality_and_mood,A,specific_positive,test,2.0,False,13197,changed,basis,0.021928828675299897,"15325,6618,5205",0.016691716387867928,-0.005947945639491081,0.022639662101864813,0.02181383050698787,0.02346014640852809,0.0009995002498750624
25,epistemic_modality,A,positive_nonspecific,val,0.5,False,15221,changed,basis,0.027596618980169303,"8041,9728,7247",-8.891262405086309e-05,-0.000961181940510869,0.0008722693141316996,-0.00047960223654808936,0.0021748653289250792,0.2128935532233883
25,epistemic_modality,A,positive_nonspecific,val,1.0,True,15221,changed,basis,0.027596618980169303,"8041,9728,7247",0.00487947091460228,0.0027129545342177153,0.0021665165503509344,0.0006681054887594655,0.0037131989650661125,0.004997501249375313
25,epistemic_modality,A,positive_nonspecific,val,2.0,False,15221,changed,basis,0.027596618980169303,"8041,9728,7247",0.015366367995738983,0.005571803543716669,0.009794563907198607,0.007905926219886169,0.01161779386200942,0.0009995002498750624
25,epistemic_modality,A,positive_nonspecific,test,0.5,False,15221,changed,basis,0.027596618980169303,"8041,9728,7247",0.0015615258598700166,0.0019150712760165334,-0.00035354525782167913,-0.0015961449621245264,0.000858495531196238,0.6036981509245377
25,epistemic_modality,A,positive_nonspecific,test,1.0,True,15221,changed,basis,0.027596618980169303,"8041,9728,7247",0.006633768789470196,0.0034083446953445673,0.003225424560951069,0.0020249346037453505,0.004231099690514384,0.0009995002498750624
25,epistemic_modality,A,positive_nonspecific,test,2.0,False,15221,changed,basis,0.027596618980169303,"8041,9728,7247",0.0138323362916708,0.0073418086394667625,0.006490527288988233,0.005459213429596275,0.007581410467159002,0.0009995002498750624
26,evidentiality,B,positive_control_advantage,val,0.5,False,6900,changed,basis,0.0339163499884308,"6618,1302,11461",0.0030441253911703825,0.0005426506977528334,0.0025014748331159352,-0.00020678761857561765,0.005339039397542363,0.07096451774112944
26,evidentiality,B,positive_control_advantage,val,1.0,True,6900,changed,basis,0.0339163499884308,"6618,1302,11461",0.005748453084379435,0.0019551010336726904,0.0037933518656063825,0.0014229511936136986,0.006118617570085914,0.00399800099950025
26,evidentiality,B,positive_control_advantage,val,2.0,False,6900,changed,basis,0.0339163499884308,"6618,1302,11461",0.013933044858276844,0.0068429880775511265,0.007090057558380067,0.003985218779998832,0.010281903704511932,0.0009995002498750624
26,evidentiality,B,positive_control_advantage,test,0.5,False,6900,changed,basis,0.0339163499884308,"6618,1302,11461",0.0023699963930994272,-0.0014892884064465761,0.003859284706413746,0.0018119025808700825,0.005836775724688777,0.001999000499750125
26,evidentiality,B,positive_control_advantage,test,1.0,True,6900,changed,basis,0.0339163499884308,"6618,1302,11461",0.001383989118039608,-0.003518512472510338,0.004902501761680469,0.002547410340397619,0.007250088249362306,0.0009995002498750624
26,evidentiality,B,positive_control_advantage,test,2.0,False,6900,changed,basis,0.0339163499884308,"6618,1302,11461",0.0019676494412124157,-0.0022488536778837442,0.004216503135394305,0.0014412351472419687,0.006853922790905926,0.0009995002498750624
27,mirativity_stance_and_affect_marking,C,specific_positive,val,0.5,False,1887,changed,basis,0.0355112140532583,"8041,9728,7247",0.0029729807283729315,0.0010062583023682237,0.0019667224236764014,0.0009001798459794372,0.003065226096601691,0.0009995002498750624
27,mirativity_stance_and_affect_marking,C,specific_positive,val,1.0,True,1887,changed,basis,0.0355112140532583,"8041,9728,7247",0.006267874967306852,0.0028941959608346224,0.003373679097276181,0.0022405787450843493,0.0044999905187869445,0.0009995002498750624
27,mirativity_stance_and_affect_marking,C,specific_positive,val,2.0,False,1887,changed,basis,0.0355112140532583,"8041,9728,7247",0.012685775756835938,0.005682799033820629,0.0070029765879735355,0.005327919024392031,0.008588205467211082,0.0009995002498750624
27,mirativity_stance_and_affect_marking,C,specific_positive,test,0.5,False,1887,changed,basis,0.0355112140532583,"8041,9728,7247",0.0030307681299746037,0.0007470697164535522,0.0022836982691660525,0.0010555122449586634,0.003516206093423534,0.0009995002498750624
27,mirativity_stance_and_affect_marking,C,specific_positive,test,1.0,True,1887,changed,basis,0.0355112140532583,"8041,9728,7247",0.006262123119086027,0.0024843686260282993,0.0037777545547578485,0.0026332205343060195,0.004855036546330665,0.0009995002498750624
27,mirativity_stance_and_affect_marking,C,specific_positive,test,2.0,False,1887,changed,basis,0.0355112140532583,"8041,9728,7247",0.0132660623639822,0.006960013881325722,0.006306048415135592,0.005079543414758518,0.007506382763385773,0.0009995002498750624
28,negation_and_polarity_structure,D,null_or_reverse,val,0.5,False,4382,changed,basis,0.0022940805647523005,"1385,6900,8685",0.00035562549601309,0.0008466584840789437,-0.0004910330334678292,-0.0018488128525204956,0.0008713472610106689,0.5067466266866567
28,negation_and_polarity_structure,D,null_or_reverse,val,1.0,True,4382,changed,basis,0.0022940805647523005,"1385,6900,8685",0.001156159327365458,0.001051155268214643,0.00010500416392460466,-0.0013207533048116603,0.001654159194906242,0.894552723638181
28,negation_and_polarity_structure,D,null_or_reverse,val,2.0,False,4382,changed,basis,0.0022940805647523005,"1385,6900,8685",0.0008224277989938855,-0.0003662297094706446,0.0011886573833180592,-0.00014549180955509655,0.002601539884068187,0.08695652173913043
28,negation_and_polarity_structure,D,null_or_reverse,test,0.5,False,4382,changed,basis,0.0022940805647523005,"1385,6900,8685",-0.001962956739589572,-0.0005257110460661352,-0.0014372456003911792,-0.0026735358186706433,-0.00025680825451854743,0.01999000499750125
28,negation_and_polarity_structure,D,null_or_reverse,test,1.0,True,4382,changed,basis,0.0022940805647523005,"1385,6900,8685",0.0007026185048744082,-0.001999259926378727,0.0027018784987740217,0.0012803466439945622,0.004049966475518886,0.0009995002498750624
28,negation_and_polarity_structure,D,null_or_reverse,test,2.0,False,4382,changed,basis,0.0022940805647523005,"1385,6900,8685",-0.0001773511612555012,-0.0014087461167946458,0.0012313948158407585,9.424137200403494e-05,0.002402191475557628,0.028985507246376812
29,quantifier_scope_and_distributivity,B,specific_positive,val,0.5,False,8551,changed,basis,0.023095207288861302,"1858,7247,9728",0.0012654275633394718,-0.0006889327778480947,0.0019543604230784694,0.0013762077101491742,0.0025439547755040618,0.0009995002498750624
29,quantifier_scope_and_distributivity,B,specific_positive,val,1.0,True,8551,changed,basis,0.023095207288861302,"1858,7247,9728",0.00330880144611001,-0.0017394834430888295,0.005048284877557307,0.0043808572618290785,0.005674697844020556,0.0009995002498750624
29,quantifier_scope_and_distributivity,B,specific_positive,val,2.0,False,8551,changed,basis,0.023095207288861302,"1858,7247,9728",0.006394358817487955,-0.00266852043569088,0.009062879325356335,0.007965598108712585,0.010110595805919729,0.0009995002498750624
29,quantifier_scope_and_distributivity,B,specific_positive,test,0.5,False,8551,changed,basis,0.023095207288861302,"1858,7247,9728",0.0012599144829437137,-0.0006867289775982499,0.0019466434593778104,0.0012997847106598782,0.002560025514074368,0.0009995002498750624
29,quantifier_scope_and_distributivity,B,specific_positive,test,1.0,True,8551,changed,basis,0.023095207288861302,"1858,7247,9728",0.0034690669272094965,-0.0010863690404221416,0.004555435937363655,0.0038620124477893114,0.0052700325685436835,0.0009995002498750624
29,quantifier_scope_and_distributivity,B,specific_positive,test,2.0,False,8551,changed,basis,0.023095207288861302,"1858,7247,9728",0.006476449780166149,-0.0022816224955022335,0.00875807241536677,0.00787732336355839,0.009696181286126374,0.0009995002498750624
30,conditional_and_counterfactual_marking,B,positive_control_advantage,val,0.5,False,11810,changed,basis,0.0153300108504482,"6944,758,6216",-0.00139174226205796,1.2644312846532557e-05,-0.001404386559734121,-0.0022902272420760707,-0.0004672056493000128,0.005997001499250375
30,conditional_and_counterfactual_marking,B,positive_control_advantage,val,1.0,True,11810,changed,basis,0.0153300108504482,"6944,758,6216",0.0008452426409348845,0.0003882476012222469,0.00045699507871177047,-0.00030494035335141233,0.0012153873922943596,0.2448775612193903
30,conditional_and_counterfactual_marking,B,positive_control_advantage,val,2.0,False,11810,changed,basis,0.0153300108504482,"6944,758,6216",0.0016763433814048767,0.00028946067322976887,0.0013868827169062569,0.0005480876572546548,0.002228215178984101,0.0029985007496251873
30,conditional_and_counterfactual_marking,B,positive_control_advantage,test,0.5,False,11810,changed,basis,0.0153300108504482,"6944,758,6216",-0.0009880197467282414,0.0005892233457416296,-0.0015772431239020079,-0.0023565357052139006,-0.0008030307367735082,0.001999000499750125
30,conditional_and_counterfactual_marking,B,positive_control_advantage,test,1.0,True,11810,changed,basis,0.0153300108504482,"6944,758,6216",0.0006226709228940308,0.0008769336855039,-0.0002542627049842849,-0.001027644663307001,0.0005147613417939271,0.5427286356821589
30,conditional_and_counterfactual_marking,B,positive_control_advantage,test,2.0,False,11810,changed,basis,0.0153300108504482,"6944,758,6216",0.002867987845093012,0.00012795472866855562,0.0027400330197997393,0.0018948411880410276,0.003570102012366987,0.0009995002498750624
31,subordination_and_embedding,B,positive_nonspecific,val,0.5,False,11461,changed,basis,0.0647963978117332,"7247,8041,9728",0.006963938474655151,0.00048767600674182177,0.0064762623573187735,0.005341571565892082,0.007692442244573612,0.0009995002498750624
31,subordination_and_embedding,B,positive_nonspecific,val,1.0,True,11461,changed,basis,0.0647963978117332,"7247,8041,9728",0.009679984301328659,0.00021691955043934286,0.00946306440513581,0.007936762286117302,0.011048987669404596,0.0009995002498750624
31,subordination_and_embedding,B,positive_nonspecific,val,2.0,False,11461,changed,basis,0.0647963978117332,"7247,8041,9728",0.019478293135762215,0.0017316843150183558,0.017746607521548868,0.015246702574659139,0.0201064951417502,0.0009995002498750624
31,subordination_and_embedding,B,positive_nonspecific,test,0.5,False,11461,changed,basis,0.0647963978117332,"7247,8041,9728",0.004516501445323229,-0.00013239862164482474,0.00464890006929636,0.00341339246975258,0.0058617112225620065,0.0009995002498750624
31,subordination_and_embedding,B,positive_nonspecific,test,1.0,True,11461,changed,basis,0.0647963978117332,"7247,8041,9728",0.008766749873757362,-3.363283758517355e-05,0.008800382991321385,0.007067755676689558,0.010656538505107165,0.0009995002498750624
31,subordination_and_embedding,B,positive_nonspecific,test,2.0,False,11461,changed,basis,0.0647963978117332,"7247,8041,9728",0.016302360221743584,7.097409979905933e-05,0.016231386181898413,0.013252729880972765,0.019068385378690433,0.0009995002498750624
32,quotation_and_reported_speech_structure,B,specific_positive,val,0.5,False,1754,basis,changed,0.042380368104204605,"6618,5205,11461",0.0020907544530928135,-0.002043858403339982,0.004134613047353923,0.0032716386681422593,0.005069063645321875,0.0009995002498750624
32,quotation_and_reported_speech_structure,B,specific_positive,val,1.0,True,1754,basis,changed,0.042380368104204605,"6618,5205,11461",0.0056753517128527164,-0.003958994057029486,0.00963434563484043,0.008540530621772631,0.010808687089476734,0.0009995002498750624
32,quotation_and_reported_speech_structure,B,specific_positive,val,2.0,False,1754,basis,changed,0.042380368104204605,"6618,5205,11461",0.011052913963794708,-0.006341727916151285,0.017394640538841485,0.015829924527788537,0.01907267108885571,0.0009995002498750624
32,quotation_and_reported_speech_structure,B,specific_positive,test,0.5,False,1754,basis,changed,0.042380368104204605,"6618,5205,11461",0.002711398061364889,-0.00023627259361092,0.0029476705775596202,0.0017522265758598222,0.0040790735812042825,0.0009995002498750624
32,quotation_and_reported_speech_structure,B,specific_positive,test,1.0,True,1754,basis,changed,0.042380368104204605,"6618,5205,11461",0.006576579995453358,-0.001503783161751926,0.008080363017506897,0.006898803743417375,0.009245776035939342,0.0009995002498750624
32,quotation_and_reported_speech_structure,B,specific_positive,test,2.0,False,1754,basis,changed,0.042380368104204605,"6618,5205,11461",0.011148221790790558,-0.002846545772626996,0.013994767502881587,0.012882892600609921,0.015105340292910115,0.0009995002498750624
33,discourse_relation_marking,D,null_or_reverse,val,0.5,False,9728,basis,changed,0.0019506383687258044,"8041,7247,6618",-0.00016194321506191045,-3.9731796277919784e-05,-0.0001222114427946508,-0.0006690608521457761,0.00045366406167158835,0.656671664167916
33,discourse_relation_marking,D,null_or_reverse,val,1.0,True,9728,basis,changed,0.0019506383687258044,"8041,7247,6618",-0.00020537346426863223,0.0001450176496291533,-0.0003503911156440154,-0.0010159455242101103,0.00035538875739439296,0.3148425787106447
33,discourse_relation_marking,D,null_or_reverse,val,2.0,False,9728,basis,changed,0.0019506383687258044,"8041,7247,6618",-0.0004427250532899052,-0.0007690924685448408,0.0003263674897607416,-0.0003602918682154268,0.0010569876502268011,0.36081959020489757
33,discourse_relation_marking,D,null_or_reverse,test,0.5,False,9728,basis,changed,0.0019506383687258044,"8041,7247,6618",0.0002357374905841425,-0.00010710555943660438,0.0003428430570056662,-0.00020376229827525093,0.0008657374814792998,0.21189405297351324
33,discourse_relation_marking,D,null_or_reverse,test,1.0,True,9728,basis,changed,0.0019506383687258044,"8041,7247,6618",0.0004136555944569409,-0.000301219813991338,0.0007148754136869684,7.958413455344272e-05,0.001331565164073254,0.025987006496751622
33,discourse_relation_marking,D,null_or_reverse,test,2.0,False,9728,basis,changed,0.0019506383687258044,"8041,7247,6618",-0.001131823635660112,-0.0005470050382427871,-0.0005848185165086761,-0.0013285587780264905,0.00010214178131718571,0.079960019990005
34,topic_comment_structure,D,positive_nonspecific,val,0.5,False,1302,changed,basis,0.0049818903207779,"1887,8041,7247",0.0013650527689605951,0.000951661029830575,0.0004133917100261897,-0.0006751610691426321,0.0015247105539892777,0.44377811094452774
34,topic_comment_structure,D,positive_nonspecific,val,1.0,True,1302,changed,basis,0.0049818903207779,"1887,8041,7247",-0.000190600156201981,0.0011412587482482195,-0.0013318588864058257,-0.0022065444046165793,-0.0004849196672730614,0.0009995002498750624
34,topic_comment_structure,D,positive_nonspecific,val,2.0,False,1302,changed,basis,0.0049818903207779,"1887,8041,7247",0.000289962743408978,0.0007722021546214819,-0.00048223944002529607,-0.0013433067255828064,0.0004423287727986462,0.2868565717141429
34,topic_comment_structure,D,positive_nonspecific,test,0.5,False,1302,changed,basis,0.0049818903207779,"1887,8041,7247",0.0017824125243350863,0.001064570969901979,0.0007178415264934301,-2.5244807387934996e-05,0.0014501836750423528,0.06196901549225387
34,topic_comment_structure,D,positive_nonspecific,test,1.0,True,1302,changed,basis,0.0049818903207779,"1887,8041,7247",0.00030150890233926475,0.0014204512117430568,-0.001118942367611453,-0.0019330541400413494,-0.0002709454598079906,0.01199400299850075
34,topic_comment_structure,D,positive_nonspecific,test,2.0,False,1302,changed,basis,0.0049818903207779,"1887,8041,7247",0.0013987332349643111,0.0008244991768151522,0.0005742340534925461,-0.0002321736630401574,0.0014348414790874803,0.18490754622688654
35,focus_and_given_new_marking,B,null_or_reverse,val,0.5,False,7136,changed,basis,0.0097061826381833,"1385,1887,932",0.00025722349528223276,0.00022824069310445338,2.8982816729694605e-05,-0.0007419394648168235,0.0008262768485292325,0.9675162418790605
35,focus_and_given_new_marking,B,null_or_reverse,val,1.0,True,7136,changed,basis,0.0097061826381833,"1385,1887,932",-0.0011649465886875987,0.0006746925646439195,-0.0018396391393616796,-0.0026168262469000183,-0.0011309585548006005,0.0009995002498750624
35,focus_and_given_new_marking,B,null_or_reverse,val,2.0,False,7136,changed,basis,0.0097061826381833,"1385,1887,932",-0.000944581173826009,0.0022715593222528696,-0.0032161403680220245,-0.00425134061195422,-0.0021541106933436823,0.0009995002498750624
35,focus_and_given_new_marking,B,null_or_reverse,test,0.5,False,7136,changed,basis,0.0097061826381833,"1385,1887,932",0.00024070817744359374,-1.4933024431229569e-05,0.0002556411716795992,-0.0005200335678018746,0.0011096661826304624,0.5307346326836582
35,focus_and_given_new_marking,B,null_or_reverse,test,1.0,True,7136,changed,basis,0.0097061826381833,"1385,1887,932",-0.0015691298758611083,0.0006240012589842081,-0.002193131159292534,-0.003328106611210387,-0.0010828878362663093,0.0009995002498750624
35,focus_and_given_new_marking,B,null_or_reverse,test,2.0,False,7136,changed,basis,0.0097061826381833,"1385,1887,932",-0.0009572583949193358,0.002253488637506962,-0.0032107472472125663,-0.00426838589469844,-0.0021221913541085093,0.0009995002498750624
36,genericity_and_kind_level_reference,D,specific_positive,val,0.5,False,1858,changed,basis,0.0060619679279626,"6944,4426,14441",-4.006817835033871e-05,0.00012307692668400705,-0.0001631450722925365,-0.0009099538695882075,0.0006371757904998952,0.7076461769115442
36,genericity_and_kind_level_reference,D,specific_positive,val,1.0,True,1858,changed,basis,0.0060619679279626,"6944,4426,14441",0.0010827673831954598,-0.0005552227958105505,0.0016379901999607682,0.00031817638233769686,0.003030385311722055,0.01899050474762619
36,genericity_and_kind_level_reference,D,specific_positive,val,2.0,False,1858,changed,basis,0.0060619679279626,"6944,4426,14441",-0.0010925543028861284,-0.00038517016218975186,-0.000707384186098352,-0.0021511429106176364,0.0007190100128063931,0.3448275862068966
36,genericity_and_kind_level_reference,D,specific_positive,test,0.5,False,1858,changed,basis,0.0060619679279626,"6944,4426,14441",-0.00034023253829218447,-0.0003464920446276665,6.2594260089099404e-06,-0.001274256097152829,0.0013429196309298274,0.9625187406296851
36,genericity_and_kind_level_reference,D,specific_positive,test,1.0,True,1858,changed,basis,0.0060619679279626,"6944,4426,14441",-0.0005468526505865157,0.0005280912155285478,-0.0010749438806669787,-0.002452877396979602,0.000258706705630174,0.12493753123438281
36,genericity_and_kind_level_reference,D,specific_positive,test,2.0,False,1858,changed,basis,0.0060619679279626,"6944,4426,14441",0.00039660261245444417,0.0010160389356315136,-0.0006194363022223115,-0.002040079823229462,0.0007372141903615554,0.36081959020489757
37,social_deixis_honorifics_status_encoding,A,specific_positive,val,0.5,False,2081,changed,basis,0.0285831007640809,"8551,1302,5205",0.003114206250756979,-0.00035435150493867695,0.003468557893647812,0.0021381638920429397,0.004762294168715014,0.0009995002498750624
37,social_deixis_honorifics_status_encoding,A,specific_positive,val,1.0,True,2081,changed,basis,0.0285831007640809,"8551,1302,5205",0.006653257645666599,6.342457345454022e-05,0.006589833240723237,0.0051233478771464435,0.008068391777400392,0.0009995002498750624
37,social_deixis_honorifics_status_encoding,A,specific_positive,val,2.0,False,2081,changed,basis,0.0285831007640809,"8551,1302,5205",0.014310760423541069,-0.000543227419257164,0.014853987600654364,0.01306047641648911,0.016774062719428908,0.0009995002498750624
37,social_deixis_honorifics_status_encoding,A,specific_positive,test,0.5,False,2081,changed,basis,0.0285831007640809,"8551,1302,5205",0.004796977154910564,0.0008349143899977207,0.003962062576320023,0.0029528602940845305,0.00498202006064821,0.0009995002498750624
37,social_deixis_honorifics_status_encoding,A,specific_positive,test,1.0,True,2081,changed,basis,0.0285831007640809,"8551,1302,5205",0.005791796371340752,-1.2667104556385311e-06,0.00579306336119771,0.005048924136790448,0.006524494277662597,0.0009995002498750624
37,social_deixis_honorifics_status_encoding,A,specific_positive,test,2.0,False,2081,changed,basis,0.0285831007640809,"8551,1302,5205",0.015478759072721004,0.0007358348229900002,0.014742923798039556,0.01339657553914003,0.016056528758723286,0.0009995002498750624
38,speech_act_force_and_request_directness,C,specific_positive,val,0.5,False,14406,changed,basis,0.008002341724932199,"11810,758,4426",-0.00011681236355798319,-5.800505095976405e-05,-5.880731448996812e-05,-0.0008556838351942133,0.0008604437665926518,0.8575712143928036
38,speech_act_force_and_request_directness,C,specific_positive,val,1.0,True,14406,changed,basis,0.008002341724932199,"11810,758,4426",0.00038794250576756895,-0.0004017419705633074,0.0007896843855269253,2.1453952474985272e-05,0.0015620363616035316,0.04597701149425287
38,speech_act_force_and_request_directness,C,specific_positive,val,2.0,False,14406,changed,basis,0.008002341724932199,"11810,758,4426",-0.00021210350678302348,0.00014273752458393574,-0.00035484100691974163,-0.0011195323202991857,0.0003928978315670968,0.34782608695652173
38,speech_act_force_and_request_directness,C,specific_positive,test,0.5,False,14406,changed,basis,0.008002341724932199,"11810,758,4426",0.0001630900806048885,-0.0007656939560547471,0.0009287840258912183,0.0003140606140223099,0.0015427896785768097,0.004997501249375313
38,speech_act_force_and_request_directness,C,specific_positive,test,1.0,True,14406,changed,basis,0.008002341724932199,"11810,758,4426",-0.00038361363112926483,-0.0007016097661107779,0.0003179961402202025,-0.0004984690802375553,0.001090790717571508,0.41179410294852575
38,speech_act_force_and_request_directness,C,specific_positive,test,2.0,False,14406,changed,basis,0.008002341724932199,"11810,758,4426",-0.001069317921064794,0.0005385617259889841,-0.0016078796848887577,-0.0024324180902331135,-0.0007383211462292826,0.0009995002498750624
39,deixis_and_perspective_anchoring,A,positive_nonspecific,val,0.5,False,14441,basis,changed,0.015619576719473099,"5205,6216,6618",-0.0014615729451179504,-0.0014994139783084393,3.784100990742445e-05,-0.0011573094037594272,0.0010754149449057869,0.9055472263868066
39,deixis_and_perspective_anchoring,A,positive_nonspecific,val,1.0,True,14441,basis,changed,0.015619576719473099,"5205,6216,6618",0.00028436220600269735,-0.0020918240770697594,0.002376186242327094,0.0011411630422808229,0.003554604659555479,0.0009995002498750624
39,deixis_and_perspective_anchoring,A,positive_nonspecific,val,2.0,False,14441,basis,changed,0.015619576719473099,"5205,6216,6618",0.0022538744378834963,-0.0002031970798270777,0.0024570715613663197,2.253058832138777e-05,0.004817537249997257,0.047976011994003
39,deixis_and_perspective_anchoring,A,positive_nonspecific,test,0.5,False,14441,basis,changed,0.015619576719473099,"5205,6216,6618",0.000955813389737159,-0.00027889854391105473,0.0012347119441255927,-0.00017062596679897978,0.0026966946129687126,0.08495752123938032
39,deixis_and_perspective_anchoring,A,positive_nonspecific,test,1.0,True,14441,basis,changed,0.015619576719473099,"5205,6216,6618",0.00013520002539735287,-0.0018937221029773355,0.0020289221731945874,0.0005403071966720745,0.003715906392899338,0.01699150424787606
39,deixis_and_perspective_anchoring,A,positive_nonspecific,test,2.0,False,14441,basis,changed,0.015619576719473099,"5205,6216,6618",0.005021104123443365,-0.001983100548386574,0.007004204399418085,0.0052135022000875325,0.008920539837155954,0.0009995002498750624
40,orthographic_and_tokenization_interface,B,positive_nonspecific,val,0.5,False,3132,basis,changed,0.0027302161906845998,"15325,8235,14406",-0.0010107554262503982,-0.0012019514106214046,0.00019119596807286144,-0.0004628810570575297,0.0008339774547494014,0.5807096451774113
40,orthographic_and_tokenization_interface,B,positive_nonspecific,val,1.0,True,3132,basis,changed,0.0027302161906845998,"15325,8235,14406",-0.0015019639395177364,-0.0010343636386096478,-0.00046760039491346107,-0.0009883999240410048,8.338942038972148e-05,0.08995502248875563
40,orthographic_and_tokenization_interface,B,positive_nonspecific,val,2.0,False,3132,basis,changed,0.0027302161906845998,"15325,8235,14406",-0.0004063502710778266,-0.00012086334027117118,-0.00028548692644108086,-0.0008527786568156443,0.0003183682112285166,0.3408295852073963
40,orthographic_and_tokenization_interface,B,positive_nonspecific,test,0.5,False,3132,basis,changed,0.0027302161906845998,"15325,8235,14406",-0.0007568105938844383,-0.0011550912167876959,0.00039828070999647024,-0.00041352494427701457,0.0012119394530836864,0.33883058470764615
40,orthographic_and_tokenization_interface,B,positive_nonspecific,test,1.0,True,3132,basis,changed,0.0027302161906845998,"15325,8235,14406",-0.0016675302758812904,-0.0014155524550005794,-0.00025197776267305017,-0.000857990168442484,0.00037876444915309446,0.44877561219390305
40,orthographic_and_tokenization_interface,B,positive_nonspecific,test,2.0,False,3132,basis,changed,0.0027302161906845998,"15325,8235,14406",-0.0015154894208535552,-0.00011423358955653384,-0.0014012557914247737,-0.002227359928394435,-0.0006159133045584903,0.0009995002498750624
