variable_id,variable,sentence_activation_test_auroc,sentence_activation_test_auroc_ci_lower,sentence_activation_test_auroc_ci_upper,sentence_activation_val_auroc,sentence_activation_val_auroc_ci_lower,sentence_activation_val_auroc_ci_upper,sentence_best_text_test_auroc,sentence_best_text_test_auroc_ci_lower,sentence_best_text_test_auroc_ci_upper,sentence_best_text_model_kind,sentence_activation_minus_text,sentence_activation_minus_null,sentence_best_layer_idx,sentence_best_representation,sentence_possible_overfit,delta_direction_activation_test_auroc,delta_direction_activation_test_auroc_ci_lower,delta_direction_activation_test_auroc_ci_upper,delta_direction_activation_val_auroc,delta_direction_activation_val_auroc_ci_lower,delta_direction_activation_val_auroc_ci_upper,delta_direction_best_text_test_auroc,delta_direction_best_text_test_auroc_ci_lower,delta_direction_best_text_test_auroc_ci_upper,delta_direction_best_text_model_kind,delta_direction_activation_minus_text,delta_direction_best_layer_idx,delta_direction_best_representation,delta_direction_possible_overfit,train_marker_family_count,val_marker_family_count,test_marker_family_count,train_lexical_domain_count,val_lexical_domain_count,test_lexical_domain_count,test_has_heldout_marker_family,test_has_heldout_lexical_domain,test_marker_families_all_heldout_from_train,test_lexical_domains_all_heldout_from_train,test_marker_train_overlap_count,test_lexical_train_overlap_count,val_marker_train_overlap_count,val_lexical_train_overlap_count,split_control_strength,train_marker_families,test_marker_families,train_lexical_domains,test_lexical_domains,sentence_layer_stability_layer_stability_threshold,sentence_layer_stability_best_layer_idx,sentence_layer_stability_best_layer_name,sentence_layer_stability_best_representation,sentence_layer_stability_best_val_auroc,sentence_layer_stability_best_test_auroc,sentence_layer_stability_layers_above_threshold_count,sentence_layer_stability_max_adjacent_layers_above_threshold,sentence_layer_stability_signal_beyond_layer_2,sentence_layer_stability_layers_above_threshold,delta_direction_layer_stability_layer_stability_threshold,delta_direction_layer_stability_best_layer_idx,delta_direction_layer_stability_best_layer_name,delta_direction_layer_stability_best_representation,delta_direction_layer_stability_best_val_auroc,delta_direction_layer_stability_best_test_auroc,delta_direction_layer_stability_layers_above_threshold_count,delta_direction_layer_stability_max_adjacent_layers_above_threshold,delta_direction_layer_stability_signal_beyond_layer_2,delta_direction_layer_stability_layers_above_threshold,level_1_activation_recoverability_pass,level_1_threshold,level_2_text_evidence_category,level_2_text_artifact_status,level_2_activation_beats_text_pass,level_2_text_control_nonblocking,level_2_surface_visible_nonblocking,level_3_directional_consistency_pass,level_3_threshold,level_4_split_generalization_pass,level_4_has_test_marker_or_domain_holdout,level_4_strong_marker_and_domain_holdout,learned_activation_direction_viability_pass,learned_activation_direction_viability_status,early_layer_artifact_risk,null_label_control_pass,possible_overfit_flag,evidence_status,ready_for_learned_activation_direction_viability,mechanistic_claim_allowed,claim_scope,recommended_next_action
1,Subject expression / pro-drop,0.9503999999999999,0.9079609400578412,0.9832008044763799,0.9683999999999999,0.9326923076923077,0.992797118847539,0.8332,0.747703099989996,0.9097057801662586,length_punct,0.11719999999999986,0.3767999999999999,12,mean_pooled,False,1.0,0.9999999999999999,1.0,1.0,0.9999999999999999,1.0,0.5,0.39202724358974367,0.6145898984593838,word_tfidf,0.5,0,final_token,False,3,1,2,6,2,3,True,True,True,True,0,0,0,0,strong_test_marker_and_domain_holdout,"[""agreement_recoverable_zero_subject"", ""overt_lexical_np_subject"", ""overt_pronoun_subject""]","[""contrastive_context_zero_subject"", ""coordinated_clause_zero_subject""]","[""community_services"", ""education"", ""engineering"", ""healthcare"", ""logistics"", ""workplace_operations""]","[""legal"", ""public_administration"", ""scientific_research""]",0.7,12,layer_12,mean_pooled,0.9683999999999999,0.9503999999999999,24,24,True,"[0, 1, 2, 3, 4, 5, 6, 7, 8, 9, 10, 11, 12, 13, 14, 15, 16, 17, 18, 19, 20, 21, 22, 23]",0.7,0,layer_0,final_token,1.0,1.0,24,24,True,"[0, 1, 2, 3, 4, 5, 6, 7, 8, 9, 10, 11, 12, 13, 14, 15, 16, 17, 18, 19, 20, 21, 22, 23]",True,0.65,A_activation_stronger_than_text,A_activation_stronger_than_text,True,True,False,True,0.65,True,True,True,False,not_run,False,True,False,levels1_3_4_passed_ready_for_learned_activation_direction_viability,True,False,activation-recoverable structural cue with activation stronger than text baseline,Run the learned activation direction viability check before treating the direction as stable enough for deeper interpretation.
2,basic_constituent_order,0.5928,0.47824939644481196,0.7060035527900441,0.9216000000000001,0.8619128286417689,0.9681905982252141,0.6178,0.5063376492423894,0.7358276022541819,char_tfidf,-0.025000000000000022,0.0464,8,mean_pooled,False,0.6220000000000001,0.4985844319614811,0.730023133116883,0.9740000000000001,0.9457997751906864,0.992006574264321,0.5002000000000001,0.4242932224025975,0.5747534091479325,word_tfidf,0.12180000000000002,12,mean_pooled,False,2,1,2,6,2,3,True,True,True,True,0,0,0,0,strong_test_marker_and_domain_holdout,"[""canonical_sov_particle_marked_order"", ""english_argument_order_control""]","[""adjunct_intervened_order_shift"", ""object_fronting_role_preserved""]","[""community_services"", ""education"", ""engineering"", ""healthcare"", ""logistics"", ""workplace_operations""]","[""legal"", ""public_administration"", ""scientific_research""]",0.7,8,layer_8,mean_pooled,0.9216000000000001,0.5928,0,0,False,[],0.7,12,layer_12,mean_pooled,0.9740000000000001,0.6220000000000001,3,3,True,"[21, 22, 23]",False,0.65,B_activation_comparable_to_text,B_activation_comparable_to_text,False,True,True,False,0.65,False,True,True,False,not_run,False,False,False,level1_failed_low_activation_recoverability,False,False,activation-recoverable structural cue; surface-visible text cue also present,Do not pursue this variable under the current model/dataset until activation recoverability improves.
3,nominal_modifier_order,0.5312,0.41744115259740266,0.6370432449494949,0.8944,0.8268327875325158,0.9499035280339628,0.5142,0.39365749979145714,0.628467189766312,length_punct,0.017000000000000015,-0.06799999999999995,9,mean_pooled,False,0.5324,0.41904060990338166,0.6510613009155708,1.0,0.9999999999999999,1.0,0.5,0.5,0.5,word_tfidf,0.032399999999999984,10,mean_pooled,False,3,1,2,6,2,3,True,True,True,True,0,0,0,0,strong_test_marker_and_domain_holdout,"[""adjective_noun_order"", ""noun_adjective_order"", ""prenominal_possessive""]","[""relative_clause_modifier_order"", ""stacked_modifier_reordering""]","[""community_services"", ""education"", ""engineering"", ""healthcare"", ""logistics"", ""workplace_operations""]","[""legal"", ""public_administration"", ""scientific_research""]",0.7,9,layer_9,mean_pooled,0.8944,0.5312,0,0,False,[],0.7,10,layer_10,mean_pooled,1.0,0.5324,10,3,True,"[3, 4, 5, 10, 11, 12, 17, 21, 22, 23]",False,0.65,B_activation_comparable_to_text,B_activation_comparable_to_text,False,True,True,False,0.65,False,True,True,False,not_run,False,False,False,level1_failed_low_activation_recoverability,False,False,activation-recoverable structural cue; surface-visible text cue also present,Do not pursue this variable under the current model/dataset until activation recoverability improves.
4,case_marking,0.9916,0.9767888528353936,1.0,0.992,0.9788934892138674,0.9991996798719488,0.982,0.9614121510673235,0.9959745179263706,char_tfidf,0.009600000000000053,0.48040000000000005,18,mean_pooled,False,0.966,0.9301792307832223,0.9950770443349753,1.0,0.9999999999999999,1.0,0.6301999999999999,0.5175644110301126,0.7346694669640803,word_tfidf,0.3358000000000001,8,final_token,False,3,1,2,6,2,3,True,True,True,True,0,0,0,0,strong_test_marker_and_domain_holdout,"[""canonical_case_order"", ""nominative_accusative_case"", ""nominative_dative_case""]","[""oblique_argument_case_marking"", ""role_reversal_case_change""]","[""community_services"", ""education"", ""engineering"", ""healthcare"", ""logistics"", ""workplace_operations""]","[""legal"", ""public_administration"", ""scientific_research""]",0.7,18,layer_18,mean_pooled,0.992,0.9916,21,20,True,"[0, 4, 5, 6, 7, 8, 9, 10, 11, 12, 13, 14, 15, 16, 17, 18, 19, 20, 21, 22, 23]",0.7,8,layer_8,mean_pooled,1.0,1.0,24,24,True,"[0, 1, 2, 3, 4, 5, 6, 7, 8, 9, 10, 11, 12, 13, 14, 15, 16, 17, 18, 19, 20, 21, 22, 23]",True,0.65,B_activation_comparable_to_text,B_activation_comparable_to_text,False,True,True,True,0.65,True,True,True,False,not_run,False,True,False,levels1_3_4_passed_ready_for_learned_activation_direction_viability,True,False,activation-recoverable structural cue; surface-visible text cue also present,Run the learned activation direction viability check before treating the direction as stable enough for deeper interpretation.
5,morphosyntactic_alignment,0.8208000000000001,0.7280542194323809,0.8965755709807434,0.8516,0.7731132344934747,0.9194882006161342,0.8757999999999999,0.795883655394525,0.9379836025319218,word_tfidf,-0.05499999999999983,0.3056000000000001,8,mean_pooled,False,0.9684,0.9397786391007626,0.9899367974266071,0.9808,0.9583333333333333,0.996695011779398,0.844,0.7700030438311689,0.9090936363636365,word_tfidf,0.12440000000000007,3,final_token,False,3,1,2,6,2,3,True,True,True,True,0,0,0,0,strong_test_marker_and_domain_holdout,"[""accusative_object_case"", ""intransitive_subject_frame"", ""nominative_subject_case""]","[""patient_like_subject_control"", ""role_swap_case_alignment""]","[""community_services"", ""education"", ""engineering"", ""healthcare"", ""logistics"", ""workplace_operations""]","[""legal"", ""public_administration"", ""scientific_research""]",0.7,8,layer_8,mean_pooled,0.8516,0.8208000000000001,24,24,True,"[0, 1, 2, 3, 4, 5, 6, 7, 8, 9, 10, 11, 12, 13, 14, 15, 16, 17, 18, 19, 20, 21, 22, 23]",0.7,3,layer_3,final_token,0.9808,0.9684,24,24,True,"[0, 1, 2, 3, 4, 5, 6, 7, 8, 9, 10, 11, 12, 13, 14, 15, 16, 17, 18, 19, 20, 21, 22, 23]",True,0.65,C_text_stronger_than_activation,C_text_stronger_than_activation,False,True,True,True,0.65,True,True,True,False,not_run,False,True,False,levels1_3_4_passed_ready_for_learned_activation_direction_viability,True,False,activation-recoverable structural cue; surface-visible text cue also present,Run the learned activation direction viability check before treating the direction as stable enough for deeper interpretation.
6,transitivity_valency,0.9644,0.9283313204508857,0.9931329622758194,0.864,0.7833680416258533,0.9326968584251326,0.9964,0.9894889004822387,1.0,length_punct,-0.03199999999999992,0.236,14,final_token,False,1.0,0.9999999999999999,1.0,1.0,0.9999999999999999,1.0,0.5,0.5,0.5,word_tfidf,0.5,0,final_token,False,3,2,2,6,2,3,True,True,True,True,0,0,0,0,strong_test_marker_and_domain_holdout,"[""ditransitive_frame"", ""intransitive_frame"", ""transitive_frame""]","[""caused_motion_frame"", ""instrument_frame""]","[""community_services"", ""education"", ""engineering"", ""healthcare"", ""logistics"", ""workplace_operations""]","[""legal"", ""public_administration"", ""scientific_research""]",0.7,14,layer_14,final_token,0.864,0.9644,24,24,True,"[0, 1, 2, 3, 4, 5, 6, 7, 8, 9, 10, 11, 12, 13, 14, 15, 16, 17, 18, 19, 20, 21, 22, 23]",0.7,0,layer_0,final_token,1.0,1.0,24,24,True,"[0, 1, 2, 3, 4, 5, 6, 7, 8, 9, 10, 11, 12, 13, 14, 15, 16, 17, 18, 19, 20, 21, 22, 23]",True,0.65,B_activation_comparable_to_text,B_activation_comparable_to_text,False,True,True,True,0.65,True,True,True,False,not_run,False,True,False,levels1_3_4_passed_ready_for_learned_activation_direction_viability,True,False,activation-recoverable structural cue; surface-visible text cue also present,Run the learned activation direction viability check before treating the direction as stable enough for deeper interpretation.
7,voice_and_agent_prominence,0.8595999999999999,0.7843978431372549,0.9214773193760263,1.0,0.9999999999999999,1.0,0.6286,0.5156681150721157,0.7411195326615494,word_tfidf,0.23099999999999987,0.25239999999999985,0,final_token,False,0.98,0.9566643668831168,0.9959983993597439,1.0,0.9999999999999999,1.0,0.875,0.8087755132850241,0.929147166112822,word_tfidf,0.10499999999999998,0,final_token,False,3,1,2,6,2,3,True,True,True,True,0,0,0,0,strong_test_marker_and_domain_holdout,"[""active_voice"", ""agentless_passive"", ""by_phrase_passive""]","[""impersonal_voice"", ""middle_like_voice""]","[""community_services"", ""education"", ""engineering"", ""healthcare"", ""logistics"", ""workplace_operations""]","[""legal"", ""public_administration"", ""scientific_research""]",0.7,19,layer_19,final_token,1.0,0.988,24,24,True,"[0, 1, 2, 3, 4, 5, 6, 7, 8, 9, 10, 11, 12, 13, 14, 15, 16, 17, 18, 19, 20, 21, 22, 23]",0.7,17,layer_17,final_token,1.0,1.0,24,24,True,"[0, 1, 2, 3, 4, 5, 6, 7, 8, 9, 10, 11, 12, 13, 14, 15, 16, 17, 18, 19, 20, 21, 22, 23]",True,0.65,A_activation_stronger_than_text,A_activation_stronger_than_text,True,True,False,True,0.65,True,True,True,False,not_run,False,True,False,levels1_3_4_passed_ready_for_learned_activation_direction_viability,True,False,activation-recoverable structural cue with activation stronger than text baseline,Run the learned activation direction viability check before treating the direction as stable enough for deeper interpretation.
8,causativity_and_valency_change,0.8572,0.7827952173913043,0.9232132796916438,0.9952000000000001,0.984172077922078,1.0,0.7486,0.6532548530775947,0.837351976276797,length_punct,0.10859999999999992,0.22239999999999993,13,final_token,False,0.9600000000000001,0.9206550184729063,0.9855486964611061,1.0,0.9999999999999999,1.0,0.47959999999999997,0.3585438520566351,0.5995825847909344,word_tfidf,0.4804000000000001,0,final_token,False,3,2,2,6,2,3,True,True,True,True,0,0,0,0,strong_test_marker_and_domain_holdout,"[""english_periphrastic_have_cause"", ""english_periphrastic_make_cause"", ""turkish_morphological_causative""]","[""causer_added_morphological"", ""coercive_causative""]","[""community_services"", ""education"", ""engineering"", ""healthcare"", ""logistics"", ""workplace_operations""]","[""legal"", ""public_administration"", ""scientific_research""]",0.7,13,layer_13,final_token,0.9952000000000001,0.8572,24,24,True,"[0, 1, 2, 3, 4, 5, 6, 7, 8, 9, 10, 11, 12, 13, 14, 15, 16, 17, 18, 19, 20, 21, 22, 23]",0.7,13,layer_13,final_token,1.0,1.0,24,24,True,"[0, 1, 2, 3, 4, 5, 6, 7, 8, 9, 10, 11, 12, 13, 14, 15, 16, 17, 18, 19, 20, 21, 22, 23]",True,0.65,A_activation_stronger_than_text,A_activation_stronger_than_text,True,True,False,True,0.65,True,True,True,False,not_run,False,True,False,levels1_3_4_passed_ready_for_learned_activation_direction_viability,True,False,activation-recoverable structural cue with activation stronger than text baseline,Run the learned activation direction viability check before treating the direction as stable enough for deeper interpretation.
9,analytic_vs_synthetic_encoding,0.9952,0.9867501672688345,1.0,1.0,0.9999999999999999,1.0,0.978,0.9495917370129869,0.9952339409722222,word_tfidf,0.017199999999999993,0.40479999999999994,7,mean_pooled,False,1.0,0.9999999999999999,1.0,1.0,0.9999999999999999,1.0,0.5197999999999999,0.40001877127840124,0.6278511404561825,word_tfidf,0.48020000000000007,0,final_token,False,3,1,2,6,2,3,True,True,True,True,0,0,0,0,strong_test_marker_and_domain_holdout,"[""english_function_word_relation"", ""english_prepositional_relation"", ""turkish_bound_case_relation""]","[""analytic_to_synthetic_parallel"", ""turkish_multi_suffix_compression""]","[""community_services"", ""education"", ""engineering"", ""healthcare"", ""logistics"", ""workplace_operations""]","[""legal"", ""public_administration"", ""scientific_research""]",0.7,7,layer_7,mean_pooled,1.0,0.9952,24,24,True,"[0, 1, 2, 3, 4, 5, 6, 7, 8, 9, 10, 11, 12, 13, 14, 15, 16, 17, 18, 19, 20, 21, 22, 23]",0.7,0,layer_0,final_token,1.0,1.0,24,24,True,"[0, 1, 2, 3, 4, 5, 6, 7, 8, 9, 10, 11, 12, 13, 14, 15, 16, 17, 18, 19, 20, 21, 22, 23]",True,0.65,B_activation_comparable_to_text,B_activation_comparable_to_text,False,True,True,True,0.65,True,True,True,False,not_run,False,True,False,levels1_3_4_passed_ready_for_learned_activation_direction_viability,True,False,activation-recoverable structural cue; surface-visible text cue also present,Run the learned activation direction viability check before treating the direction as stable enough for deeper interpretation.
10,morphological_segmentation_type,0.9556,0.9099467205589583,0.9890968054933571,0.9812,0.9599807807506785,0.9971900243118818,0.8608,0.7774975449116844,0.9363930917874397,word_tfidf,0.0948,0.36160000000000003,1,mean_pooled,False,0.9772000000000001,0.9507211538461539,0.9944069777669522,1.0,0.9999999999999999,1.0,0.5,0.5,0.5,word_tfidf,0.47720000000000007,0,final_token,False,3,1,2,6,2,3,True,True,True,True,0,0,0,0,strong_test_marker_and_domain_holdout,"[""hyphenated_morpheme_chain"", ""suffix_stack_surface"", ""unsegmented_agglutinated_form""]","[""derivational_inflectional_stack"", ""possessive_number_case_stack""]","[""community_services"", ""education"", ""engineering"", ""healthcare"", ""logistics"", ""workplace_operations""]","[""legal"", ""public_administration"", ""scientific_research""]",0.7,1,layer_1,mean_pooled,0.9812,0.9556,24,24,True,"[0, 1, 2, 3, 4, 5, 6, 7, 8, 9, 10, 11, 12, 13, 14, 15, 16, 17, 18, 19, 20, 21, 22, 23]",0.7,0,layer_0,mean_pooled,1.0,1.0,24,24,True,"[0, 1, 2, 3, 4, 5, 6, 7, 8, 9, 10, 11, 12, 13, 14, 15, 16, 17, 18, 19, 20, 21, 22, 23]",True,0.65,A_activation_stronger_than_text,A_activation_stronger_than_text,True,True,False,True,0.65,True,True,True,False,not_run,False,True,False,levels1_3_4_passed_ready_for_learned_activation_direction_viability,True,False,activation-recoverable structural cue with activation stronger than text baseline,Run the learned activation direction viability check before treating the direction as stable enough for deeper interpretation.
11,agreement_indexing_density,0.7536,0.6550545218087235,0.841054638804961,1.0,0.9999999999999999,1.0,0.7365999999999999,0.6271395125713995,0.8305303945249598,word_tfidf,0.017000000000000126,0.14240000000000008,0,final_token,False,0.7316,0.6212970451984058,0.8314977931085643,1.0,0.9999999999999999,1.0,0.8766,0.8046689437399356,0.9357823958910488,char_tfidf,-0.14500000000000002,0,final_token,False,3,1,2,6,2,3,True,True,True,True,0,0,0,0,strong_test_marker_and_domain_holdout,"[""adjective_noun_agreement"", ""determiner_noun_gender_agreement"", ""subject_verb_number_agreement""]","[""agreement_shift_without_lexical_change"", ""verb_person_indexing""]","[""community_services"", ""education"", ""engineering"", ""healthcare"", ""logistics"", ""workplace_operations""]","[""legal"", ""public_administration"", ""scientific_research""]",0.7,3,layer_3,final_token,1.0,0.8103999999999999,24,24,True,"[0, 1, 2, 3, 4, 5, 6, 7, 8, 9, 10, 11, 12, 13, 14, 15, 16, 17, 18, 19, 20, 21, 22, 23]",0.7,23,layer_23,final_token,1.0,0.854,24,24,True,"[0, 1, 2, 3, 4, 5, 6, 7, 8, 9, 10, 11, 12, 13, 14, 15, 16, 17, 18, 19, 20, 21, 22, 23]",True,0.65,B_activation_comparable_to_text,B_activation_comparable_to_text,False,True,True,True,0.65,True,True,True,False,not_run,False,True,False,levels1_3_4_passed_ready_for_learned_activation_direction_viability,True,False,activation-recoverable structural cue; surface-visible text cue also present,Run the learned activation direction viability check before treating the direction as stable enough for deeper interpretation.
12,optionality_vs_obligatoriness_of_marking,0.6275999999999999,0.5116633479975639,0.7335170048309179,0.9868000000000001,0.9630603653151345,1.0,0.49939999999999996,0.3865214773183462,0.6162807081601318,char_tfidf,0.12819999999999998,0.18839999999999996,12,mean_pooled,False,0.6644000000000001,0.5506914464845499,0.7701984848484847,1.0,0.9999999999999999,1.0,0.5,0.4109119501893827,0.5935483541877975,word_tfidf,0.1644000000000001,0,final_token,False,3,1,2,6,2,3,True,True,True,True,0,0,0,0,strong_test_marker_and_domain_holdout,"[""aspect_marker_optional"", ""bare_nominal_context"", ""temporal_adverb_optional""]","[""context_only_temporal_inference"", ""marker_absence_with_context""]","[""community_services"", ""education"", ""engineering"", ""healthcare"", ""logistics"", ""workplace_operations""]","[""legal"", ""public_administration"", ""scientific_research""]",0.7,12,layer_12,mean_pooled,0.9868000000000001,0.6275999999999999,1,1,True,[19],0.7,1,layer_1,final_token,1.0,0.8116,24,24,True,"[0, 1, 2, 3, 4, 5, 6, 7, 8, 9, 10, 11, 12, 13, 14, 15, 16, 17, 18, 19, 20, 21, 22, 23]",False,0.65,A_activation_stronger_than_text,A_activation_stronger_than_text,True,True,False,True,0.65,False,True,True,False,not_run,False,True,False,level1_failed_low_activation_recoverability,False,False,activation-recoverable structural cue with activation stronger than text baseline,Do not pursue this variable under the current model/dataset until activation recoverability improves.
13,redundancy_cumulative_exponence,0.6208,0.5088965518514144,0.7263432533013205,0.994,0.981665,1.0,0.5396,0.41142007026789634,0.6696185992133901,char_tfidf,0.08120000000000005,0.12920000000000004,23,mean_pooled,False,0.878,0.812490591128061,0.9363893066344575,1.0,0.9999999999999999,1.0,0.5,0.5,0.5,word_tfidf,0.378,3,final_token,False,3,1,2,6,2,3,True,True,True,True,0,0,0,0,strong_test_marker_and_domain_holdout,"[""multi_site_agreement"", ""noun_adjective_case_agreement"", ""subject_verb_agreement""]","[""agreement_bundle_shift"", ""redundant_stack_reduction""]","[""community_services"", ""education"", ""engineering"", ""healthcare"", ""logistics"", ""workplace_operations""]","[""legal"", ""public_administration"", ""scientific_research""]",0.7,23,layer_23,mean_pooled,0.994,0.6208,0,0,False,[],0.7,9,layer_9,final_token,1.0,0.9688,24,24,True,"[0, 1, 2, 3, 4, 5, 6, 7, 8, 9, 10, 11, 12, 13, 14, 15, 16, 17, 18, 19, 20, 21, 22, 23]",False,0.65,A_activation_stronger_than_text,A_activation_stronger_than_text,True,True,False,True,0.65,False,True,True,False,not_run,False,True,False,level1_failed_low_activation_recoverability,False,False,activation-recoverable structural cue with activation stronger than text baseline,Do not pursue this variable under the current model/dataset until activation recoverability improves.
14,definiteness_and_specificity,0.8204,0.7250312416996683,0.8985665790013616,0.8956,0.8231192476990796,0.9535877418008553,0.7892,0.6895907364827202,0.8679649758454105,word_tfidf,0.031200000000000006,0.31800000000000006,13,mean_pooled,False,0.986,0.9599983974358974,1.0,1.0,0.9999999999999999,1.0,0.6386000000000001,0.5235342229228098,0.7449088300092764,char_tfidf,0.34739999999999993,18,final_token,False,3,1,2,6,2,3,True,True,True,True,0,0,0,0,strong_test_marker_and_domain_holdout,"[""bare_plural_generic"", ""definite_article"", ""indefinite_article""]","[""specificity_context_marker"", ""unique_reference_description""]","[""community_services"", ""education"", ""engineering"", ""healthcare"", ""logistics"", ""workplace_operations""]","[""legal"", ""public_administration"", ""scientific_research""]",0.7,13,layer_13,mean_pooled,0.8956,0.8204,24,24,True,"[0, 1, 2, 3, 4, 5, 6, 7, 8, 9, 10, 11, 12, 13, 14, 15, 16, 17, 18, 19, 20, 21, 22, 23]",0.7,19,layer_19,final_token,1.0,0.9904,24,24,True,"[0, 1, 2, 3, 4, 5, 6, 7, 8, 9, 10, 11, 12, 13, 14, 15, 16, 17, 18, 19, 20, 21, 22, 23]",True,0.65,B_activation_comparable_to_text,B_activation_comparable_to_text,False,True,True,True,0.65,True,True,True,False,not_run,False,True,False,levels1_3_4_passed_ready_for_learned_activation_direction_viability,True,False,activation-recoverable structural cue; surface-visible text cue also present,Run the learned activation direction viability check before treating the direction as stable enough for deeper interpretation.
15,number_marking,0.4376,0.3252199473313305,0.5525274172168867,0.6096,0.5042383701188455,0.7266595868732301,0.5392,0.4288529006476505,0.6533859212003792,word_tfidf,-0.10160000000000002,-0.04920000000000002,23,final_token,True,0.4376,0.31992622018699096,0.5545072115384615,0.7864,0.687665596146126,0.8731654801343615,0.5,0.5,0.5,word_tfidf,-0.06240000000000001,19,final_token,True,3,1,2,6,2,3,True,True,True,True,0,0,0,0,strong_test_marker_and_domain_holdout,"[""arabic_plural_agreement"", ""arabic_singular_dual"", ""english_singular_plural""]","[""collective_singulative_control"", ""dual_modifier_agreement""]","[""community_services"", ""education"", ""engineering"", ""healthcare"", ""logistics"", ""workplace_operations""]","[""legal"", ""public_administration"", ""scientific_research""]",0.7,23,layer_23,final_token,0.6096,0.4376,0,0,False,[],0.7,19,layer_19,final_token,0.7864,0.4376,0,0,False,[],False,0.65,C_text_stronger_than_activation,C_text_stronger_than_activation,False,True,True,False,0.65,False,True,True,False,not_run,False,False,True,level1_failed_low_activation_recoverability,False,False,activation-recoverable structural cue; surface-visible text cue also present,Do not pursue this variable under the current model/dataset until activation recoverability improves.
16,gender_noun_class,0.8667999999999999,0.7853733170134639,0.9330431547619048,1.0,0.9999999999999999,1.0,0.9007999999999999,0.8378312858312859,0.9517049743357487,word_tfidf,-0.03400000000000003,0.36639999999999984,0,final_token,False,0.9884000000000001,0.971986546525475,0.9991883116883117,1.0,0.9999999999999999,1.0,1.0,0.9999999999999999,1.0,word_tfidf,-0.011599999999999944,0,final_token,False,3,1,2,6,2,3,True,True,True,True,0,0,0,0,strong_test_marker_and_domain_holdout,"[""determiner_gender"", ""feminine_agreement"", ""masculine_agreement""]","[""gender_number_interaction"", ""inanimate_gender_agreement""]","[""community_services"", ""education"", ""engineering"", ""healthcare"", ""logistics"", ""workplace_operations""]","[""legal"", ""public_administration"", ""scientific_research""]",0.7,0,layer_0,final_token,1.0,0.8667999999999999,24,24,True,"[0, 1, 2, 3, 4, 5, 6, 7, 8, 9, 10, 11, 12, 13, 14, 15, 16, 17, 18, 19, 20, 21, 22, 23]",0.7,9,layer_9,final_token,1.0,1.0,24,24,True,"[0, 1, 2, 3, 4, 5, 6, 7, 8, 9, 10, 11, 12, 13, 14, 15, 16, 17, 18, 19, 20, 21, 22, 23]",True,0.65,B_activation_comparable_to_text,B_activation_comparable_to_text,False,True,True,True,0.65,True,True,True,False,not_run,False,True,False,levels1_3_4_passed_ready_for_learned_activation_direction_viability,True,False,activation-recoverable structural cue; surface-visible text cue also present,Run the learned activation direction viability check before treating the direction as stable enough for deeper interpretation.
17,animacy_and_humanness,0.7931999999999999,0.700372938578884,0.8764107142857143,0.7328,0.6285971685568046,0.8222407333065702,0.5434000000000001,0.424320399904302,0.6500727279548183,length_punct,0.2497999999999998,0.23839999999999983,12,final_token,True,0.9248,0.8689703525641027,0.9699583584943638,1.0,0.9999999999999999,1.0,0.5,0.5,0.5,word_tfidf,0.42479999999999996,20,final_token,False,3,1,2,6,2,3,True,True,True,True,0,0,0,0,strong_test_marker_and_domain_holdout,"[""animal_patient_lexical_set"", ""human_agent_lexical_set"", ""inanimate_object_lexical_set""]","[""artifact_agent_control"", ""living_nonliving_boundary""]","[""community_services"", ""education"", ""engineering"", ""healthcare"", ""logistics"", ""workplace_operations""]","[""legal"", ""public_administration"", ""scientific_research""]",0.7,12,layer_12,final_token,0.7328,0.7931999999999999,22,22,True,"[2, 3, 4, 5, 6, 7, 8, 9, 10, 11, 12, 13, 14, 15, 16, 17, 18, 19, 20, 21, 22, 23]",0.7,12,layer_12,mean_pooled,1.0,0.9948,24,24,True,"[0, 1, 2, 3, 4, 5, 6, 7, 8, 9, 10, 11, 12, 13, 14, 15, 16, 17, 18, 19, 20, 21, 22, 23]",True,0.65,A_activation_stronger_than_text,A_activation_stronger_than_text,True,True,False,True,0.65,True,True,True,False,not_run,False,True,True,overfit_risk_needs_rerun_or_more_data,False,False,activation-recoverable structural cue with activation stronger than text baseline,Rerun with stronger regularization or more examples; do not interpret before overfit risk is resolved.
18,person_marking_and_person_hierarchy,0.6776,0.5697832939964199,0.7772291024933349,0.7312000000000001,0.6306132271090255,0.8261611815619967,0.7642,0.6694191113169748,0.8521271850233362,word_tfidf,-0.08660000000000001,0.28279999999999994,9,final_token,True,0.8208,0.7355937802035922,0.8946225229916838,0.8996,0.8259242223459431,0.955040388990108,0.8055999999999999,0.7191988961038961,0.8800138055222089,word_tfidf,0.015200000000000102,11,mean_pooled,False,3,1,2,6,2,3,True,True,True,True,0,0,0,0,strong_test_marker_and_domain_holdout,"[""english_person_pronoun"", ""singular_person_marking"", ""spanish_verb_person_indexing""]","[""addressee_reference_shift"", ""pronounless_verb_indexing""]","[""community_services"", ""education"", ""engineering"", ""healthcare"", ""logistics"", ""workplace_operations""]","[""legal"", ""public_administration"", ""scientific_research""]",0.7,9,layer_9,final_token,0.7312000000000001,0.6776,1,1,True,[7],0.7,11,layer_11,mean_pooled,0.8996,0.8208,24,24,True,"[0, 1, 2, 3, 4, 5, 6, 7, 8, 9, 10, 11, 12, 13, 14, 15, 16, 17, 18, 19, 20, 21, 22, 23]",True,0.65,C_text_stronger_than_activation,C_text_stronger_than_activation,False,True,True,True,0.65,True,True,True,False,not_run,False,True,True,overfit_risk_needs_rerun_or_more_data,False,False,activation-recoverable structural cue; surface-visible text cue also present,Rerun with stronger regularization or more examples; do not interpret before overfit risk is resolved.
19,inclusive_exclusive_distinction,0.7435999999999998,0.6427864225690275,0.8369909920489935,0.8776,0.8039722601364914,0.9358771436896437,0.6312,0.5102565582764936,0.7388443587662338,char_tfidf,0.11239999999999983,0.23599999999999988,11,mean_pooled,False,0.9096000000000001,0.8554977560179519,0.9579798828622358,0.9908,0.9759278199560032,0.9987981129951982,0.5,0.3919567827130852,0.6070833873028334,word_tfidf,0.4096000000000001,9,mean_pooled,False,3,1,2,6,2,3,True,True,True,True,0,0,0,0,strong_test_marker_and_domain_holdout,"[""exclusive_lexical_phrase"", ""inclusive_lexical_phrase"", ""zanmen_women_contrast""]","[""explicit_addressee_exclusion"", ""group_membership_contextual_we""]","[""community_services"", ""education"", ""engineering"", ""healthcare"", ""logistics"", ""workplace_operations""]","[""legal"", ""public_administration"", ""scientific_research""]",0.7,11,layer_11,mean_pooled,0.8776,0.7435999999999998,16,9,True,"[6, 7, 8, 9, 10, 11, 12, 13, 14, 17, 18, 19, 20, 21, 22, 23]",0.7,9,layer_9,mean_pooled,0.9908,0.9096000000000001,24,24,True,"[0, 1, 2, 3, 4, 5, 6, 7, 8, 9, 10, 11, 12, 13, 14, 15, 16, 17, 18, 19, 20, 21, 22, 23]",True,0.65,A_activation_stronger_than_text,A_activation_stronger_than_text,True,True,False,True,0.65,True,True,True,False,not_run,False,True,False,levels1_3_4_passed_ready_for_learned_activation_direction_viability,True,False,activation-recoverable structural cue with activation stronger than text baseline,Run the learned activation direction viability check before treating the direction as stable enough for deeper interpretation.
20,pronoun_richness_and_reduction,0.922,0.864176353663446,0.9704239425238694,0.992,0.9775629767161782,1.0,0.8316000000000001,0.7272165347130614,0.9171818727490996,char_tfidf,0.09039999999999992,0.4076000000000001,12,mean_pooled,False,1.0,0.9999999999999999,1.0,1.0,0.9999999999999999,1.0,0.5,0.4092683661180249,0.589778286372002,word_tfidf,0.5,1,final_token,False,3,1,2,6,2,3,True,True,True,True,0,0,0,0,strong_test_marker_and_domain_holdout,"[""english_overt_pronoun"", ""japanese_zero_subject"", ""repeated_pronoun_reduction""]","[""cross_sentence_pronoun_omission"", ""zero_object_reference""]","[""community_services"", ""education"", ""engineering"", ""healthcare"", ""logistics"", ""workplace_operations""]","[""legal"", ""public_administration"", ""scientific_research""]",0.7,12,layer_12,mean_pooled,0.992,0.922,24,24,True,"[0, 1, 2, 3, 4, 5, 6, 7, 8, 9, 10, 11, 12, 13, 14, 15, 16, 17, 18, 19, 20, 21, 22, 23]",0.7,1,layer_1,final_token,1.0,1.0,24,24,True,"[0, 1, 2, 3, 4, 5, 6, 7, 8, 9, 10, 11, 12, 13, 14, 15, 16, 17, 18, 19, 20, 21, 22, 23]",True,0.65,A_activation_stronger_than_text,A_activation_stronger_than_text,True,True,False,True,0.65,True,True,True,False,not_run,False,True,False,levels1_3_4_passed_ready_for_learned_activation_direction_viability,True,False,activation-recoverable structural cue with activation stronger than text baseline,Run the learned activation direction viability check before treating the direction as stable enough for deeper interpretation.
21,possession_and_alienability,0.7276,0.6136044491354213,0.8213165951839604,0.8356,0.7518507402961185,0.9095638255302121,0.8464,0.7696922405325767,0.9156275279040925,word_tfidf,-0.11880000000000002,0.12719999999999998,15,mean_pooled,True,0.8735999999999999,0.8020740896572827,0.93678488373278,0.9604,0.9217068866751474,0.9883914262820512,0.5,0.5,0.5,word_tfidf,0.37359999999999993,5,final_token,False,3,1,2,6,2,3,True,True,True,True,0,0,0,0,strong_test_marker_and_domain_holdout,"[""body_part_possession"", ""kinship_possession"", ""ownership_possession""]","[""associated_relation_low_control"", ""legal_ownership_relation""]","[""community_services"", ""education"", ""engineering"", ""healthcare"", ""logistics"", ""workplace_operations""]","[""legal"", ""public_administration"", ""scientific_research""]",0.7,15,layer_15,mean_pooled,0.8356,0.7276,24,24,True,"[0, 1, 2, 3, 4, 5, 6, 7, 8, 9, 10, 11, 12, 13, 14, 15, 16, 17, 18, 19, 20, 21, 22, 23]",0.7,5,layer_5,final_token,0.9604,0.8735999999999999,24,24,True,"[0, 1, 2, 3, 4, 5, 6, 7, 8, 9, 10, 11, 12, 13, 14, 15, 16, 17, 18, 19, 20, 21, 22, 23]",True,0.65,C_text_stronger_than_activation,C_text_stronger_than_activation,False,True,True,True,0.65,True,True,True,False,not_run,False,True,True,overfit_risk_needs_rerun_or_more_data,False,False,activation-recoverable structural cue; surface-visible text cue also present,Rerun with stronger regularization or more examples; do not interpret before overfit risk is resolved.
22,tense_prominence,0.6624000000000001,0.555598888888889,0.7644045833333333,0.7076,0.608963641658992,0.7999396135265701,0.6684,0.5459719910240719,0.7681401315912185,char_tfidf,-0.005999999999999894,0.19960000000000006,5,final_token,True,0.9252,0.8669812683900799,0.9727650792854277,0.8248,0.7419381435006436,0.8958908279220779,0.7458,0.650036945729717,0.8283166119341103,char_tfidf,0.1794,1,final_token,True,3,1,2,6,2,3,True,True,True,True,0,0,0,0,strong_test_marker_and_domain_holdout,"[""english_morphological_tense"", ""explicit_time_anchor"", ""mandarin_temporal_adverb""]","[""discourse_time_inference"", ""unmarked_event_time_reference""]","[""community_services"", ""education"", ""engineering"", ""healthcare"", ""logistics"", ""workplace_operations""]","[""legal"", ""public_administration"", ""scientific_research""]",0.7,5,layer_5,final_token,0.7076,0.6624000000000001,13,6,True,"[0, 1, 2, 7, 11, 13, 14, 15, 16, 17, 18, 22, 23]",0.7,1,layer_1,final_token,0.8248,0.9252,24,24,True,"[0, 1, 2, 3, 4, 5, 6, 7, 8, 9, 10, 11, 12, 13, 14, 15, 16, 17, 18, 19, 20, 21, 22, 23]",True,0.65,B_activation_comparable_to_text,B_activation_comparable_to_text,False,True,True,True,0.65,True,True,True,False,not_run,False,True,True,overfit_risk_needs_rerun_or_more_data,False,False,activation-recoverable structural cue; surface-visible text cue also present,Rerun with stronger regularization or more examples; do not interpret before overfit risk is resolved.
23,aspect_and_event_structure,0.4696,0.3537169512708833,0.5837742803945251,0.7084,0.5998256951381953,0.8124025032938075,0.33920000000000006,0.23199355365157082,0.4520920719809566,char_tfidf,0.13039999999999996,0.0031999999999999806,14,mean_pooled,True,0.38359999999999994,0.2708870869033048,0.4894133895982636,0.9616,0.9259681637077908,0.9868036026111792,0.5,0.5,0.5,word_tfidf,-0.11640000000000006,18,final_token,False,3,2,2,6,2,3,True,True,True,True,0,0,0,0,strong_test_marker_and_domain_holdout,"[""english_progressive"", ""russian_imperfective"", ""russian_perfective""]","[""completive_ongoing_contrast"", ""punctual_event_structure""]","[""community_services"", ""education"", ""engineering"", ""healthcare"", ""logistics"", ""workplace_operations""]","[""legal"", ""public_administration"", ""scientific_research""]",0.7,14,layer_14,mean_pooled,0.7084,0.4696,0,0,False,[],0.7,18,layer_18,final_token,0.9616,0.38359999999999994,0,0,False,[],False,0.65,A_activation_stronger_than_text,A_activation_stronger_than_text,True,True,False,False,0.65,False,True,True,False,not_run,False,False,True,level1_failed_low_activation_recoverability,False,False,activation-recoverable structural cue with activation stronger than text baseline,Do not pursue this variable under the current model/dataset until activation recoverability improves.
24,modality_and_mood,0.6376000000000001,0.5342161516217226,0.7450040463907521,0.7656000000000001,0.6729768719081837,0.8575058713925385,0.535,0.4325162677499634,0.6448759134615384,length_punct,0.10260000000000002,0.15360000000000007,21,final_token,True,0.7444,0.6456161616161618,0.838568132717396,0.9683999999999999,0.9350541015364348,0.9919484702093397,0.5,0.3943140645586298,0.610394048016447,word_tfidf,0.24439999999999995,21,final_token,False,3,1,2,6,2,3,True,True,True,True,0,0,0,0,strong_test_marker_and_domain_holdout,"[""imperative_mood"", ""modal_auxiliary"", ""modal_periphrastic""]","[""impersonal_modality"", ""nominalized_modality""]","[""community_services"", ""education"", ""engineering"", ""healthcare"", ""logistics"", ""workplace_operations""]","[""legal"", ""public_administration"", ""scientific_research""]",0.7,21,layer_21,final_token,0.7656000000000001,0.6376000000000001,2,1,True,"[12, 17]",0.7,21,layer_21,final_token,0.9683999999999999,0.7444,24,24,True,"[0, 1, 2, 3, 4, 5, 6, 7, 8, 9, 10, 11, 12, 13, 14, 15, 16, 17, 18, 19, 20, 21, 22, 23]",False,0.65,A_activation_stronger_than_text,A_activation_stronger_than_text,True,True,False,True,0.65,False,True,True,False,not_run,False,True,True,level1_failed_low_activation_recoverability,False,False,activation-recoverable structural cue with activation stronger than text baseline,Do not pursue this variable under the current model/dataset until activation recoverability improves.
25,epistemic_modality,0.7236,0.6198381076568559,0.8177138042717086,0.8031999999999999,0.703509963768116,0.8914308698815736,0.6599999999999999,0.5453614912280701,0.7694345738408271,length_punct,0.0636000000000001,0.2368,10,mean_pooled,True,0.7515999999999999,0.6478563043574919,0.852171717171717,1.0,0.9999999999999999,1.0,0.6472,0.5367964663461537,0.754042371392542,word_tfidf,0.10439999999999994,0,mean_pooled,False,3,1,2,6,2,3,True,True,True,True,0,0,0,0,strong_test_marker_and_domain_holdout,"[""certainty_adverb"", ""possibility_adverb"", ""probability_adverb""]","[""evidential_like_apparent_marker"", ""low_confidence_periphrasis""]","[""community_services"", ""education"", ""engineering"", ""healthcare"", ""logistics"", ""workplace_operations""]","[""legal"", ""public_administration"", ""scientific_research""]",0.7,10,layer_10,mean_pooled,0.8031999999999999,0.7236,22,16,True,"[0, 1, 2, 3, 4, 5, 8, 9, 10, 11, 12, 13, 14, 15, 16, 17, 18, 19, 20, 21, 22, 23]",0.7,0,layer_0,mean_pooled,1.0,0.7515999999999999,21,16,True,"[0, 1, 2, 3, 4, 8, 9, 10, 11, 12, 13, 14, 15, 16, 17, 18, 19, 20, 21, 22, 23]",True,0.65,A_activation_stronger_than_text,A_activation_stronger_than_text,True,True,False,True,0.65,True,True,True,False,not_run,False,True,True,overfit_risk_needs_rerun_or_more_data,False,False,activation-recoverable structural cue with activation stronger than text baseline,Rerun with stronger regularization or more examples; do not interpret before overfit risk is resolved.
26,evidentiality,0.48279999999999995,0.3673504433497537,0.6046418567426971,0.772,0.6678403493058667,0.8686007402838996,0.10560000000000001,0.050470802545156006,0.17350228345648602,char_tfidf,0.3771999999999999,-0.07160000000000005,6,final_token,True,0.7020000000000001,0.5957534271284273,0.7965029761904762,0.8855999999999999,0.81596976328458,0.9382185704602142,0.4866,0.37286476408745317,0.5985681249999999,char_tfidf,0.2154000000000001,6,final_token,False,3,1,2,6,2,3,True,True,True,True,0,0,0,0,strong_test_marker_and_domain_holdout,"[""english_reported_source_phrase"", ""turkish_direct_past"", ""turkish_reported_evidential""]","[""hearsay_source_construction"", ""inference_source_construction""]","[""community_services"", ""education"", ""engineering"", ""healthcare"", ""logistics"", ""workplace_operations""]","[""legal"", ""public_administration"", ""scientific_research""]",0.7,6,layer_6,final_token,0.772,0.48279999999999995,0,0,False,[],0.7,6,layer_6,final_token,0.8855999999999999,0.7020000000000001,1,1,True,[6],False,0.65,A_activation_stronger_than_text,A_activation_stronger_than_text,True,True,False,True,0.65,False,True,True,False,not_run,False,False,True,level1_failed_low_activation_recoverability,False,False,activation-recoverable structural cue with activation stronger than text baseline,Do not pursue this variable under the current model/dataset until activation recoverability improves.
27,mirativity_stance_and_affect_marking,0.8324000000000001,0.7510866376755994,0.9045417465987196,1.0,0.9999999999999999,1.0,0.8518,0.7790580232558139,0.9186711052955665,length_punct,-0.019399999999999862,0.20120000000000016,0,final_token,False,1.0,0.9999999999999999,1.0,1.0,0.9999999999999999,1.0,0.9528,0.901354376978064,0.9903935185185185,char_tfidf,0.04720000000000002,0,final_token,False,3,1,2,6,2,3,True,True,True,True,0,0,0,0,strong_test_marker_and_domain_holdout,"[""sentence_final_affect"", ""surprise_adverbial"", ""unexpectedness_marker""]","[""mirative_reaction_construction"", ""speaker_attitude_particle""]","[""community_services"", ""education"", ""engineering"", ""healthcare"", ""logistics"", ""workplace_operations""]","[""legal"", ""public_administration"", ""scientific_research""]",0.7,16,layer_16,final_token,1.0,1.0,24,24,True,"[0, 1, 2, 3, 4, 5, 6, 7, 8, 9, 10, 11, 12, 13, 14, 15, 16, 17, 18, 19, 20, 21, 22, 23]",0.7,0,layer_0,final_token,1.0,1.0,24,24,True,"[0, 1, 2, 3, 4, 5, 6, 7, 8, 9, 10, 11, 12, 13, 14, 15, 16, 17, 18, 19, 20, 21, 22, 23]",True,0.65,B_activation_comparable_to_text,B_activation_comparable_to_text,False,True,True,True,0.65,True,True,True,False,not_run,False,True,False,levels1_3_4_passed_ready_for_learned_activation_direction_viability,True,False,activation-recoverable structural cue; surface-visible text cue also present,Run the learned activation direction viability check before treating the direction as stable enough for deeper interpretation.
28,negation_and_polarity_structure,0.8272,0.7448822373755843,0.9016209501576571,0.7568,0.6570215586234494,0.8498838401579016,0.8560000000000001,0.772909655448718,0.9202022463768116,word_tfidf,-0.028800000000000048,0.14639999999999997,4,mean_pooled,True,0.9604,0.9224136363636363,0.9867623444399839,0.7867999999999999,0.6980103773584907,0.8686322331661607,0.5,0.5,0.5,length_punct,0.46040000000000003,2,mean_pooled,True,3,1,3,6,2,3,True,True,True,True,0,0,0,0,strong_test_marker_and_domain_holdout,"[""denial_phrase"", ""never_negation"", ""simple_not_negation""]","[""failed_to_negative_predicate"", ""neither_nor_construction"", ""without_negative_construction""]","[""community_services"", ""education"", ""engineering"", ""healthcare"", ""logistics"", ""workplace_operations""]","[""legal"", ""public_administration"", ""scientific_research""]",0.7,4,layer_4,mean_pooled,0.7568,0.8272,24,24,True,"[0, 1, 2, 3, 4, 5, 6, 7, 8, 9, 10, 11, 12, 13, 14, 15, 16, 17, 18, 19, 20, 21, 22, 23]",0.7,2,layer_2,mean_pooled,0.7867999999999999,0.9604,24,24,True,"[0, 1, 2, 3, 4, 5, 6, 7, 8, 9, 10, 11, 12, 13, 14, 15, 16, 17, 18, 19, 20, 21, 22, 23]",True,0.65,B_activation_comparable_to_text,B_activation_comparable_to_text,False,True,True,True,0.65,True,True,True,False,not_run,False,True,True,overfit_risk_needs_rerun_or_more_data,False,False,activation-recoverable structural cue; surface-visible text cue also present,Rerun with stronger regularization or more examples; do not interpret before overfit risk is resolved.
29,quantifier_scope_and_distributivity,0.86,0.7910522417362746,0.9301496914867549,0.922,0.8606754428120721,0.9691066704871837,0.8535999999999999,0.7727418707346447,0.9165272537954818,char_tfidf,0.006400000000000072,0.31599999999999995,1,mean_pooled,False,0.9743999999999999,0.9482757575757577,0.9927971188475391,1.0,0.9999999999999999,1.0,0.6472,0.5376320378362104,0.7523490870162889,char_tfidf,0.32719999999999994,0,final_token,False,3,1,2,6,2,3,True,True,True,True,0,0,0,0,strong_test_marker_and_domain_holdout,"[""existential_quantifier"", ""negative_quantifier"", ""universal_quantifier""]","[""collective_distributive_paraphrase"", ""scope_reordering_quantifier""]","[""community_services"", ""education"", ""engineering"", ""healthcare"", ""logistics"", ""workplace_operations""]","[""legal"", ""public_administration"", ""scientific_research""]",0.7,1,layer_1,mean_pooled,0.922,0.86,24,24,True,"[0, 1, 2, 3, 4, 5, 6, 7, 8, 9, 10, 11, 12, 13, 14, 15, 16, 17, 18, 19, 20, 21, 22, 23]",0.7,16,layer_16,final_token,1.0,1.0,24,24,True,"[0, 1, 2, 3, 4, 5, 6, 7, 8, 9, 10, 11, 12, 13, 14, 15, 16, 17, 18, 19, 20, 21, 22, 23]",True,0.65,B_activation_comparable_to_text,B_activation_comparable_to_text,False,True,True,True,0.65,True,True,True,False,not_run,False,True,False,levels1_3_4_passed_ready_for_learned_activation_direction_viability,True,False,activation-recoverable structural cue; surface-visible text cue also present,Run the learned activation direction viability check before treating the direction as stable enough for deeper interpretation.
30,conditional_and_counterfactual_marking,0.7072,0.5993392487304947,0.8032901368845502,0.7192,0.6133232323232323,0.8185593202798359,0.5808,0.46437575030012007,0.6982801467855816,length_punct,0.12640000000000007,0.06840000000000002,15,final_token,True,0.9284,0.8767742330160917,0.9703994689388711,1.0,0.9999999999999999,1.0,0.5,0.5,0.5,length_punct,0.4284,0,final_token,False,3,1,2,6,2,3,True,True,True,True,0,0,0,0,strong_test_marker_and_domain_holdout,"[""counterfactual_if_had"", ""hypothetical_modal_conditional"", ""if_then_conditional""]","[""sufficient_condition_paraphrase"", ""unmarked_dependency_conditional""]","[""community_services"", ""education"", ""engineering"", ""healthcare"", ""logistics"", ""workplace_operations""]","[""legal"", ""public_administration"", ""scientific_research""]",0.7,15,layer_15,final_token,0.7192,0.7072,24,24,True,"[0, 1, 2, 3, 4, 5, 6, 7, 8, 9, 10, 11, 12, 13, 14, 15, 16, 17, 18, 19, 20, 21, 22, 23]",0.7,0,layer_0,final_token,1.0,0.9284,24,24,True,"[0, 1, 2, 3, 4, 5, 6, 7, 8, 9, 10, 11, 12, 13, 14, 15, 16, 17, 18, 19, 20, 21, 22, 23]",True,0.65,A_activation_stronger_than_text,A_activation_stronger_than_text,True,True,False,True,0.65,True,True,True,False,not_run,False,False,True,failed_null_label_control,False,False,activation-recoverable structural cue with activation stronger than text baseline,Inspect for leakage or train/eval bugs; activation result is too close to the best shuffled-label control.
31,subordination_and_embedding,0.5,0.36363636363636365,0.6415431266846362,1.0,0.9999999999999999,1.0,0.5,0.36363636363636365,0.6415431266846361,word_tfidf,0.0,0.014800000000000035,0,final_token,False,0.7468,0.6380675220908035,0.8352500364219114,1.0,0.9999999999999999,1.0,0.5,0.3928473964139726,0.6118617507609104,word_tfidf,0.24680000000000002,0,final_token,False,3,1,2,6,2,3,True,True,True,True,0,0,0,0,strong_test_marker_and_domain_holdout,"[""belief_embedding"", ""claim_embedding"", ""reason_clause""]","[""nonfinite_embedding"", ""recursive_embedding""]","[""community_services"", ""education"", ""engineering"", ""healthcare"", ""logistics"", ""workplace_operations""]","[""legal"", ""public_administration"", ""scientific_research""]",0.7,20,layer_20,final_token,1.0,0.5188,0,0,False,[],0.7,1,layer_1,final_token,1.0,0.75,13,5,True,"[0, 1, 2, 3, 4, 14, 15, 16, 18, 19, 20, 21, 22]",False,0.65,B_activation_comparable_to_text,B_activation_comparable_to_text,False,True,True,True,0.65,False,True,True,False,not_run,False,False,False,level1_failed_low_activation_recoverability,False,False,activation-recoverable structural cue; surface-visible text cue also present,Do not pursue this variable under the current model/dataset until activation recoverability improves.
32,quotation_and_reported_speech_structure,0.998,0.9923874385287034,1.0,0.9812,0.9511054750402577,0.9988091666666665,0.9421999999999999,0.9074671422327673,0.9694030612244897,word_tfidf,0.05580000000000007,0.37359999999999993,6,mean_pooled,False,1.0,0.9999999999999999,1.0,1.0,0.9999999999999999,1.0,0.5,0.38735288660918915,0.61459375,word_tfidf,0.5,0,final_token,False,3,1,2,6,2,3,True,True,True,True,0,0,0,0,strong_test_marker_and_domain_holdout,"[""english_direct_quote_punctuation"", ""english_indirect_report"", ""japanese_quotative_to""]","[""embedded_claim_report"", ""paraphrased_report""]","[""community_services"", ""education"", ""engineering"", ""healthcare"", ""logistics"", ""workplace_operations""]","[""legal"", ""public_administration"", ""scientific_research""]",0.7,6,layer_6,mean_pooled,0.9812,0.998,24,24,True,"[0, 1, 2, 3, 4, 5, 6, 7, 8, 9, 10, 11, 12, 13, 14, 15, 16, 17, 18, 19, 20, 21, 22, 23]",0.7,0,layer_0,final_token,1.0,1.0,24,24,True,"[0, 1, 2, 3, 4, 5, 6, 7, 8, 9, 10, 11, 12, 13, 14, 15, 16, 17, 18, 19, 20, 21, 22, 23]",True,0.65,A_activation_stronger_than_text,A_activation_stronger_than_text,True,True,False,True,0.65,True,True,True,False,not_run,False,True,False,levels1_3_4_passed_ready_for_learned_activation_direction_viability,True,False,activation-recoverable structural cue with activation stronger than text baseline,Run the learned activation direction viability check before treating the direction as stable enough for deeper interpretation.
33,discourse_relation_marking,0.4592,0.3504925582805952,0.5717239583333333,0.6624,0.5491084285581568,0.7640967143552537,0.046400000000000004,0.015619926948051952,0.08363643781758837,length_punct,0.4128,-0.04439999999999994,6,final_token,True,0.0864,0.039504590163934435,0.149671937318379,0.75,0.6464995941558442,0.8460563428342032,0.5,0.5,0.5,length_punct,-0.41359999999999997,5,final_token,True,3,1,2,6,2,3,True,True,True,True,0,0,0,0,strong_test_marker_and_domain_holdout,"[""causal_connective"", ""contrast_connective"", ""result_connective""]","[""concessive_relation_without_marker"", ""connective_absent_relation""]","[""community_services"", ""education"", ""engineering"", ""healthcare"", ""logistics"", ""workplace_operations""]","[""legal"", ""public_administration"", ""scientific_research""]",0.7,6,layer_6,final_token,0.6624,0.4592,0,0,False,[],0.7,5,layer_5,final_token,0.75,0.0864,0,0,False,[],False,0.65,A_activation_stronger_than_text,A_activation_stronger_than_text,True,True,False,False,0.65,False,True,True,False,not_run,False,False,True,level1_failed_low_activation_recoverability,False,False,activation-recoverable structural cue with activation stronger than text baseline,Do not pursue this variable under the current model/dataset until activation recoverability improves.
34,topic_comment_structure,0.8855999999999999,0.8120840097402598,0.9527286187202154,0.8872,0.8117103949217181,0.9468678775858169,0.7604,0.6650410628019323,0.8504028910024154,char_tfidf,0.12519999999999998,0.36719999999999997,7,mean_pooled,False,0.9995999999999999,0.9975843214756258,1.0,0.944,0.8989898989898991,0.9788281934965877,0.5784,0.46642234243275804,0.6841582487363768,char_tfidf,0.4211999999999999,12,mean_pooled,False,3,1,2,6,2,3,True,True,True,True,0,0,0,0,strong_test_marker_and_domain_holdout,"[""neutral_subject_marker"", ""topic_fronting"", ""wa_topic_marker""]","[""old_new_topic_comment"", ""topic_absent_discourse_context""]","[""community_services"", ""education"", ""engineering"", ""healthcare"", ""logistics"", ""workplace_operations""]","[""legal"", ""public_administration"", ""scientific_research""]",0.7,7,layer_7,mean_pooled,0.8872,0.8855999999999999,24,24,True,"[0, 1, 2, 3, 4, 5, 6, 7, 8, 9, 10, 11, 12, 13, 14, 15, 16, 17, 18, 19, 20, 21, 22, 23]",0.7,12,layer_12,mean_pooled,0.944,0.9995999999999999,24,24,True,"[0, 1, 2, 3, 4, 5, 6, 7, 8, 9, 10, 11, 12, 13, 14, 15, 16, 17, 18, 19, 20, 21, 22, 23]",True,0.65,A_activation_stronger_than_text,A_activation_stronger_than_text,True,True,False,True,0.65,True,True,True,False,not_run,False,True,False,levels1_3_4_passed_ready_for_learned_activation_direction_viability,True,False,activation-recoverable structural cue with activation stronger than text baseline,Run the learned activation direction viability check before treating the direction as stable enough for deeper interpretation.
35,focus_and_given_new_marking,0.8976,0.8226391693111232,0.961139375,0.6275999999999999,0.5095855989515721,0.7363123993558776,0.9914,0.9771591449079632,1.0,length_punct,-0.0938,0.3228,0,final_token,True,1.0,0.9999999999999999,1.0,1.0,0.9999999999999999,1.0,0.7238,0.6336084433773509,0.8064652899184148,word_tfidf,0.2762,0,final_token,False,3,1,2,6,2,3,True,True,True,True,0,0,0,0,strong_test_marker_and_domain_holdout,"[""english_cleft_focus"", ""english_contrastive_focus"", ""japanese_ga_focus""]","[""given_new_information_order"", ""plain_clause_focus_context""]","[""community_services"", ""education"", ""engineering"", ""healthcare"", ""logistics"", ""workplace_operations""]","[""legal"", ""public_administration"", ""scientific_research""]",0.7,0,layer_0,final_token,0.6275999999999999,0.8976,24,24,True,"[0, 1, 2, 3, 4, 5, 6, 7, 8, 9, 10, 11, 12, 13, 14, 15, 16, 17, 18, 19, 20, 21, 22, 23]",0.7,0,layer_0,final_token,1.0,1.0,24,24,True,"[0, 1, 2, 3, 4, 5, 6, 7, 8, 9, 10, 11, 12, 13, 14, 15, 16, 17, 18, 19, 20, 21, 22, 23]",True,0.65,C_text_stronger_than_activation,C_text_stronger_than_activation,False,True,True,True,0.65,True,True,True,False,not_run,False,True,True,overfit_risk_needs_rerun_or_more_data,False,False,activation-recoverable structural cue; surface-visible text cue also present,Rerun with stronger regularization or more examples; do not interpret before overfit risk is resolved.
36,genericity_and_kind_level_reference,0.8064,0.710939090872067,0.8856720027406169,0.8364,0.7559681471823587,0.9112965747397702,0.8615999999999999,0.7769220465524814,0.9361348697236082,char_tfidf,-0.055199999999999916,0.15680000000000005,12,final_token,True,0.9472,0.9012631411970614,0.9817535876623377,0.9556,0.9180717410962294,0.9826977382520861,0.8086,0.7165660225442834,0.8911612202712745,word_tfidf,0.13860000000000006,12,final_token,False,3,1,2,6,2,3,True,True,True,True,0,0,0,0,strong_test_marker_and_domain_holdout,"[""bare_plural_generic"", ""habitual_generalization"", ""specific_individual_reference""]","[""kind_level_statement"", ""statistical_generalization""]","[""community_services"", ""education"", ""engineering"", ""healthcare"", ""logistics"", ""workplace_operations""]","[""legal"", ""public_administration"", ""scientific_research""]",0.7,12,layer_12,final_token,0.8364,0.8064,24,24,True,"[0, 1, 2, 3, 4, 5, 6, 7, 8, 9, 10, 11, 12, 13, 14, 15, 16, 17, 18, 19, 20, 21, 22, 23]",0.7,12,layer_12,final_token,0.9556,0.9472,24,24,True,"[0, 1, 2, 3, 4, 5, 6, 7, 8, 9, 10, 11, 12, 13, 14, 15, 16, 17, 18, 19, 20, 21, 22, 23]",True,0.65,C_text_stronger_than_activation,C_text_stronger_than_activation,False,True,True,True,0.65,True,True,True,False,not_run,False,True,True,overfit_risk_needs_rerun_or_more_data,False,False,activation-recoverable structural cue; surface-visible text cue also present,Rerun with stronger regularization or more examples; do not interpret before overfit risk is resolved.
37,social_deixis_honorifics_status_encoding,0.5544,0.4407457126207126,0.6707167678643116,0.9456,0.898358693477391,0.9822866344605474,0.7276,0.6138245703741152,0.8349360909822867,char_tfidf,-0.17320000000000002,-0.0052000000000000934,3,mean_pooled,False,0.75,0.6412093246389465,0.8401506249999999,1.0,0.9999999999999999,1.0,0.5512,0.43448715423669465,0.6604078571428571,char_tfidf,0.19879999999999998,0,final_token,False,3,1,2,6,2,3,True,True,True,True,0,0,0,0,strong_test_marker_and_domain_holdout,"[""english_deference_phrase"", ""formal_request_level"", ""korean_honorific_speech_level""]","[""speaker_humility_marker"", ""status_asymmetry_context""]","[""community_services"", ""education"", ""engineering"", ""healthcare"", ""logistics"", ""workplace_operations""]","[""legal"", ""public_administration"", ""scientific_research""]",0.7,3,layer_3,mean_pooled,0.9456,0.5544,1,1,False,[0],0.7,0,layer_0,final_token,1.0,0.75,24,24,True,"[0, 1, 2, 3, 4, 5, 6, 7, 8, 9, 10, 11, 12, 13, 14, 15, 16, 17, 18, 19, 20, 21, 22, 23]",False,0.65,C_text_stronger_than_activation,C_text_stronger_than_activation,False,True,True,True,0.65,False,True,True,False,not_run,False,False,False,level1_failed_low_activation_recoverability,False,False,activation-recoverable structural cue; surface-visible text cue also present,Do not pursue this variable under the current model/dataset until activation recoverability improves.
38,speech_act_force_and_request_directness,0.7192,0.610578081091931,0.8169608126200133,0.8936,0.8161057692307693,0.9508140101467017,0.6040000000000001,0.4941278787878788,0.7123893419692536,length_punct,0.11519999999999986,0.13759999999999994,22,mean_pooled,False,0.58,0.46152336553945256,0.6858997584541063,1.0,0.9999999999999999,1.0,0.468,0.3529919642857143,0.5794406660875745,char_tfidf,0.11199999999999993,2,final_token,False,3,1,2,6,2,3,True,True,True,True,0,0,0,0,strong_test_marker_and_domain_holdout,"[""direct_request"", ""imperative_command"", ""interrogative_question""]","[""performative_speech_act"", ""warning_threat_contrast""]","[""community_services"", ""education"", ""engineering"", ""healthcare"", ""logistics"", ""workplace_operations""]","[""legal"", ""public_administration"", ""scientific_research""]",0.7,22,layer_22,mean_pooled,0.8936,0.7192,21,19,True,"[2, 3, 5, 6, 7, 8, 9, 10, 11, 12, 13, 14, 15, 16, 17, 18, 19, 20, 21, 22, 23]",0.7,2,layer_2,final_token,1.0,0.58,24,24,True,"[0, 1, 2, 3, 4, 5, 6, 7, 8, 9, 10, 11, 12, 13, 14, 15, 16, 17, 18, 19, 20, 21, 22, 23]",True,0.65,A_activation_stronger_than_text,A_activation_stronger_than_text,True,True,False,False,0.65,False,True,True,False,not_run,False,True,False,level3_failed_unstable_delta_direction,False,False,activation-recoverable structural cue with activation stronger than text baseline,Keep as recoverable but not directionally stable; do not move to SAE-style interpretation yet.
39,deixis_and_perspective_anchoring,0.5972000000000001,0.48727418271383793,0.698520034891669,0.62,0.5097985216118271,0.7246469900336864,0.491,0.38463067573356186,0.603242551566081,length_punct,0.10620000000000007,0.1508000000000001,0,final_token,True,0.8816,0.81159125,0.9399577001435937,0.81,0.7204050480769231,0.8919589995088945,0.49999999999999994,0.3860507246376812,0.616394816390506,word_tfidf,0.3816000000000001,14,mean_pooled,True,3,1,2,6,2,3,True,True,True,True,0,0,0,0,strong_test_marker_and_domain_holdout,"[""demonstrative_deixis"", ""spatial_deixis"", ""temporal_deixis""]","[""proximal_distal_context"", ""speaker_listener_anchor_shift""]","[""community_services"", ""education"", ""engineering"", ""healthcare"", ""logistics"", ""workplace_operations""]","[""legal"", ""public_administration"", ""scientific_research""]",0.7,15,layer_15,mean_pooled,0.62,0.6368,0,0,False,[],0.7,14,layer_14,mean_pooled,0.81,0.8816,23,19,True,"[0, 1, 2, 3, 5, 6, 7, 8, 9, 10, 11, 12, 13, 14, 15, 16, 17, 18, 19, 20, 21, 22, 23]",False,0.65,A_activation_stronger_than_text,A_activation_stronger_than_text,True,True,False,True,0.65,False,True,True,False,not_run,False,True,True,level1_failed_low_activation_recoverability,False,False,activation-recoverable structural cue with activation stronger than text baseline,Do not pursue this variable under the current model/dataset until activation recoverability improves.
40,orthographic_and_tokenization_interface,0.49,0.4666525423728814,0.5,0.731,0.6531505613197188,0.8009466893315936,0.49999999999999994,0.3920065625,0.6082195905258931,length_punct,-0.009999999999999953,-0.028800000000000048,0,final_token,True,0.518,0.40262001958580884,0.6397618165993447,0.8508,0.7687517171717172,0.9139562621286759,0.5,0.5,0.5,char_tfidf,0.018000000000000016,0,final_token,False,3,1,2,6,2,3,True,True,True,True,0,0,0,0,strong_test_marker_and_domain_holdout,"[""capitalization_variant"", ""punctuation_variant"", ""spacing_variant""]","[""mandarin_segmented_control"", ""mandarin_unsegmented_script""]","[""community_services"", ""education"", ""engineering"", ""healthcare"", ""logistics"", ""workplace_operations""]","[""legal"", ""public_administration"", ""scientific_research""]",0.7,0,layer_0,final_token,0.731,0.49,0,0,False,[],0.7,0,layer_0,final_token,0.8508,0.518,0,0,False,[],False,0.65,B_activation_comparable_to_text,B_activation_comparable_to_text,False,True,True,False,0.65,False,True,True,False,not_run,False,False,True,level1_failed_low_activation_recoverability,False,False,activation-recoverable structural cue; surface-visible text cue also present,Do not pursue this variable under the current model/dataset until activation recoverability improves.
