variable_id,variable,sae_tier,sae_feature_id,sae_train_effect,sae_validation_effect,sae_test_effect,sae_specificity_rank,sae_specificity_ratio,sae_marker_direction,sae_domain_direction,probe_l12_delta_val_auroc,probe_l12_delta_test_auroc,probe_l12_sentence_val_auroc,probe_l12_sentence_test_auroc,probe_best_sentence_test_auroc,probe_best_sentence_layer,probe_text_test_auroc,probe_activation_minus_text,probe_delta_direction_test_auroc,probe_split_control_strength,probe_seed_count,probe_level1_pass_count,probe_level3_pass_count,probe_level4_pass_count,probe_core_134_pass_count,probe_core_status,probe_learned_direction_viability_status,combined_category
1,Subject expression / pro-drop,D,8431,0.8691208362579346,0.10111186653375626,-0.24833622574806213,1,1.1489836902845056,0.0,0.3333333333333333,1.0,1.0,0.9683999999999999,0.9503999999999999,0.95,12,0.833,0.117,1.0,strong_test_marker_and_domain_holdout,3,3,3,3,3,robust_3of3,failed,probe_robust_SAE_weak_or_unstable
2,basic_constituent_order,C,9791,0.8227548599243164,0.8065271973609924,0.03335511311888695,1,1.7534949603427383,0.5,0.3333333333333333,0.9740000000000001,0.6220000000000001,0.8552,0.5684,0.593,8,0.618,-0.025,0.622,strong_test_marker_and_domain_holdout,3,0,0,0,0,no_core_pass_0of3,not_run,both_weak_or_unstable
3,nominal_modifier_order,D,4426,-0.5660698413848877,-0.07632822543382645,0.19893653690814972,1,1.6708524437274965,0.0,0.0,0.9788,0.456,0.8351999999999999,0.52,0.531,9,0.514,0.017,0.532,strong_test_marker_and_domain_holdout,3,0,0,0,0,no_core_pass_0of3,not_run,both_weak_or_unstable
4,case_marking,A,13269,0.5107520818710327,0.39033475518226624,0.584809422492981,1,1.7576373607045401,1.0,1.0,0.9995999999999999,0.9995999999999999,0.9828,0.9848,0.992,18,0.982,0.01,0.966,strong_test_marker_and_domain_holdout,3,3,3,3,3,robust_3of3,failed,convergent_probe_and_sparse_SAE
5,morphosyntactic_alignment,B1,7247,-0.6954706907272339,-0.6925016641616821,-0.6649801731109619,10,0.7713202343563562,1.0,1.0,0.9743999999999999,0.9108,0.8168,0.8032,0.821,8,0.876,-0.055,0.968,strong_test_marker_and_domain_holdout,3,3,3,3,3,robust_3of3,passed,convergent_probe_and_sparse_SAE
6,transitivity_valency,B2,5382,0.9389743804931641,0.8023737668991089,0.07523857802152634,1,1.2441249215974395,0.5,0.6666666666666666,0.986,1.0,0.8336,0.9299999999999999,0.964,14,0.996,-0.032,1.0,strong_test_marker_and_domain_holdout,3,3,3,3,3,robust_3of3,failed,convergent_probe_and_sparse_SAE
7,voice_and_agent_prominence,B2,8235,0.8548974990844727,0.9214052557945251,0.622924268245697,1,1.6570877042909269,0.5,1.0,1.0,1.0,1.0,0.9872,0.86,0,0.629,0.231,0.98,strong_test_marker_and_domain_holdout,3,3,3,3,3,robust_3of3,passed,convergent_probe_and_sparse_SAE
8,causativity_and_valency_change,B1,8182,0.8939546346664429,0.9339605569839478,0.7827286124229431,2,0.9926839704923122,1.0,1.0,1.0,1.0,0.992,0.9236000000000001,0.857,13,0.749,0.109,0.96,strong_test_marker_and_domain_holdout,3,3,3,3,3,robust_3of3,passed,convergent_probe_and_sparse_SAE
9,analytic_vs_synthetic_encoding,B2,6579,-0.5021765828132629,-0.5613006949424744,-0.4795279800891876,1,1.5500768587537568,0.5,1.0,1.0,1.0,0.9952,0.9812,0.995,7,0.978,0.017,1.0,strong_test_marker_and_domain_holdout,3,3,3,3,3,robust_3of3,failed,convergent_probe_and_sparse_SAE
10,morphological_segmentation_type,A,6125,-0.7077662348747253,-0.5309546589851379,-0.45586657524108887,1,5.114620424222409,1.0,1.0,0.966,0.9832,0.868,0.9144,0.956,1,0.861,0.095,0.977,strong_test_marker_and_domain_holdout,3,3,3,3,3,robust_3of3,passed,convergent_probe_and_sparse_SAE
11,agreement_indexing_density,B2,758,0.8260605335235596,0.8179236054420471,0.6730161905288696,1,1.6770809320356674,0.5,1.0,1.0,0.762,1.0,0.754,0.754,0,0.737,0.017,0.732,strong_test_marker_and_domain_holdout,3,3,3,3,3,robust_3of3,passed,convergent_probe_and_sparse_SAE
12,optionality_vs_obligatoriness_of_marking,B2,9607,0.4039496183395386,0.5193761587142944,0.5383659601211548,1,1.5264881043214513,0.5,1.0,1.0,0.724,0.9868000000000001,0.6275999999999999,0.628,12,0.499,0.128,0.664,strong_test_marker_and_domain_holdout,3,0,3,0,0,no_core_pass_0of3,not_run,SAE_strong_probe_not_robust
13,redundancy_cumulative_exponence,A,9749,-0.6812930107116699,-0.8364554643630981,-0.774949848651886,1,2.8895455769807104,1.0,1.0,1.0,0.7852,0.994,0.5840000000000001,0.621,23,0.54,0.081,0.878,strong_test_marker_and_domain_holdout,3,0,3,0,0,no_core_pass_0of3,not_run,SAE_strong_probe_not_robust
14,definiteness_and_specificity,B2,13819,-0.5076863169670105,-0.48264071345329285,-0.5278450846672058,1,1.3591204485359505,0.5,1.0,0.9904000000000001,0.9916,0.8912,0.8196,0.82,13,0.789,0.031,0.986,strong_test_marker_and_domain_holdout,3,3,3,3,3,robust_3of3,passed,convergent_probe_and_sparse_SAE
15,number_marking,D,8113,0.7615175843238831,0.2035120129585266,-0.04489539936184883,2,0.8609171628654039,0.5,0.3333333333333333,0.3376,0.48800000000000004,0.3096,0.42639999999999995,0.438,23,0.539,-0.102,0.438,strong_test_marker_and_domain_holdout,3,0,0,0,0,no_core_pass_0of3,not_run,both_weak_or_unstable
16,gender_noun_class,A,5205,0.8970929384231567,0.9079066514968872,0.9085553884506226,1,1.5784821980395667,1.0,1.0,1.0,1.0,0.9972000000000001,0.8023999999999999,0.867,0,0.901,-0.034,0.988,strong_test_marker_and_domain_holdout,3,3,3,3,3,robust_3of3,passed,convergent_probe_and_sparse_SAE
17,animacy_and_humanness,C,3104,0.4994560480117798,0.5734819173812866,0.03527933359146118,2,0.8648513024351094,0.5,0.3333333333333333,1.0,0.9948,0.6987999999999999,0.8311999999999999,0.793,12,0.543,0.25,0.925,strong_test_marker_and_domain_holdout,3,3,3,3,3,robust_3of3,not_run,probe_robust_SAE_weak_or_unstable
18,person_marking_and_person_hierarchy,B2,13235,0.37755656242370605,0.20801372826099396,0.26984357833862305,1,1.1536329153783713,0.5,0.6666666666666666,0.8979999999999999,0.8644000000000001,0.6776,0.6267999999999999,0.678,9,0.764,-0.087,0.821,strong_test_marker_and_domain_holdout,3,3,3,3,3,robust_3of3,not_run,convergent_probe_and_sparse_SAE
19,inclusive_exclusive_distinction,B2,6062,-0.8535889983177185,-0.4935387074947357,-0.023348644375801086,1,3.526197457348338,0.5,0.6666666666666666,0.9684,0.9159999999999999,0.8684,0.728,0.744,11,0.631,0.112,0.91,strong_test_marker_and_domain_holdout,3,3,3,3,3,robust_3of3,passed,convergent_probe_and_sparse_SAE
20,pronoun_richness_and_reduction,A,7551,-0.8233422636985779,-0.8004065752029419,-0.80997234582901,1,1.5176888756653228,1.0,1.0,1.0,1.0,0.992,0.922,0.922,12,0.832,0.09,1.0,strong_test_marker_and_domain_holdout,3,3,3,3,3,robust_3of3,passed,convergent_probe_and_sparse_SAE
21,possession_and_alienability,A,9576,0.4911506474018097,0.5159186720848083,0.5078165531158447,1,1.2205696096828624,1.0,1.0,0.9096,0.98,0.8268,0.7208,0.728,15,0.846,-0.119,0.874,strong_test_marker_and_domain_holdout,3,3,3,3,3,robust_3of3,not_run,convergent_probe_and_sparse_SAE
22,tense_prominence,D,1385,-0.39607158303260803,-0.13822416961193085,0.0,2,0.9411945546796855,0.0,0.0,0.6504,0.844,0.6424,0.6632,0.662,5,0.668,-0.006,0.925,strong_test_marker_and_domain_holdout,3,3,3,3,3,robust_3of3,not_run,probe_robust_SAE_weak_or_unstable
23,aspect_and_event_structure,D,6216,-0.7045249938964844,-0.259358674287796,0.29094454646110535,1,1.876893253709653,0.5,0.0,0.7692,0.404,0.668,0.4908,0.47,14,0.339,0.13,0.384,strong_test_marker_and_domain_holdout,3,0,0,0,0,no_core_pass_0of3,not_run,both_weak_or_unstable
24,modality_and_mood,C,3941,0.4833943247795105,0.20772254467010498,0.1414213478565216,1,2.194255023359247,0.5,0.3333333333333333,0.632,0.9199999999999999,0.6048,0.6688000000000002,0.638,21,0.535,0.103,0.744,strong_test_marker_and_domain_holdout,3,0,3,0,0,no_core_pass_0of3,not_run,both_weak_or_unstable
25,epistemic_modality,B2,15221,0.7695838212966919,0.5663724541664124,0.5904353857040405,1,2.197882324242896,1.0,0.6666666666666666,0.8679999999999999,0.9308,0.7468,0.7132,0.724,10,0.66,0.064,0.752,strong_test_marker_and_domain_holdout,3,3,3,3,3,robust_3of3,not_run,convergent_probe_and_sparse_SAE
26,evidentiality,D,11375,0.8759427070617676,0.02790474146604538,-0.7426843047142029,1,3.847660866349966,0.0,0.0,0.7051999999999999,0.1948,0.6528,0.2832,0.483,6,0.106,0.377,0.702,strong_test_marker_and_domain_holdout,3,0,3,0,0,no_core_pass_0of3,not_run,both_weak_or_unstable
27,mirativity_stance_and_affect_marking,A,1887,0.9746910333633423,0.8548627495765686,0.9517486095428467,1,1.3951621428089385,1.0,1.0,1.0,1.0,1.0,1.0,0.832,0,0.852,-0.019,1.0,strong_test_marker_and_domain_holdout,3,3,3,3,3,robust_3of3,passed,convergent_probe_and_sparse_SAE
28,negation_and_polarity_structure,B2,4382,0.6044781804084778,0.28164535760879517,0.3861485421657562,1,2.149028944139654,0.6666666666666666,1.0,0.7232,0.96,0.7188,0.8144,0.827,4,0.856,-0.029,0.96,strong_test_marker_and_domain_holdout,3,3,3,3,3,robust_3of3,not_run,convergent_probe_and_sparse_SAE
29,quantifier_scope_and_distributivity,B2,8551,0.7004773616790771,0.47481101751327515,0.3130183815956116,1,1.2730067829077398,0.5,1.0,1.0,1.0,0.9068,0.8116,0.86,1,0.854,0.006,0.974,strong_test_marker_and_domain_holdout,3,3,3,3,3,robust_3of3,passed,convergent_probe_and_sparse_SAE
30,conditional_and_counterfactual_marking,A,15951,0.7184366583824158,0.17895762622356415,0.30425888299942017,1,1.8750612238707176,1.0,1.0,0.1504,0.9356,0.49879999999999997,0.8735999999999999,0.707,15,0.581,0.126,0.928,strong_test_marker_and_domain_holdout,3,3,3,3,3,robust_3of3,not_run,convergent_probe_and_sparse_SAE
31,subordination_and_embedding,A,7643,0.9267303943634033,0.9114087820053101,0.6489808559417725,1,1.973788827737118,1.0,1.0,1.0,0.6731999999999999,1.0,0.5,0.5,0,0.5,0.0,0.747,strong_test_marker_and_domain_holdout,3,0,3,0,0,no_core_pass_0of3,not_run,SAE_strong_probe_not_robust
32,quotation_and_reported_speech_structure,A,1754,-0.8295131921768188,-0.8591980934143066,-0.9035183191299438,1,2.7008488887245767,1.0,1.0,0.9968,1.0,0.9672000000000001,1.0,0.998,6,0.942,0.056,1.0,strong_test_marker_and_domain_holdout,3,3,3,3,3,robust_3of3,passed,convergent_probe_and_sparse_SAE
33,discourse_relation_marking,D,9728,-0.8808950781822205,-0.11160959303379059,0.8860236406326294,3,0.9462949674398633,0.0,0.0,0.4804,0.2004,0.4548,0.3076,0.459,6,0.046,0.413,0.086,strong_test_marker_and_domain_holdout,3,0,0,0,0,no_core_pass_0of3,not_run,both_weak_or_unstable
34,topic_comment_structure,B2,10896,-0.6802915930747986,-0.2903422713279724,-0.6094537973403931,1,1.4702691833116046,1.0,0.6666666666666666,0.944,0.9995999999999999,0.8376,0.9380000000000001,0.886,7,0.76,0.125,1.0,strong_test_marker_and_domain_holdout,3,3,3,3,3,robust_3of3,failed,convergent_probe_and_sparse_SAE
35,focus_and_given_new_marking,B2,7136,0.6991597414016724,0.4188220798969269,0.10158746689558029,1,1.3446213958875517,0.5,0.6666666666666666,0.8144,0.9279999999999999,0.49560000000000004,0.8555999999999999,0.898,0,0.991,-0.094,1.0,strong_test_marker_and_domain_holdout,3,3,3,3,3,robust_3of3,not_run,convergent_probe_and_sparse_SAE
36,genericity_and_kind_level_reference,B2,5836,0.37232956290245056,0.23299765586853027,0.34488049149513245,2,0.6125380761530906,0.5,1.0,0.8824000000000001,0.9372,0.7484000000000001,0.8464,0.806,12,0.862,-0.055,0.947,strong_test_marker_and_domain_holdout,3,3,3,3,3,robust_3of3,not_run,convergent_probe_and_sparse_SAE
37,social_deixis_honorifics_status_encoding,B2,2081,0.8197708129882812,0.42160817980766296,0.3720954358577728,1,2.770873284695797,0.5,0.6666666666666666,1.0,0.75,0.9088,0.5524,0.554,3,0.728,-0.173,0.75,strong_test_marker_and_domain_holdout,3,0,3,0,0,no_core_pass_0of3,not_run,SAE_strong_probe_not_robust
38,speech_act_force_and_request_directness,A,3396,0.4395684003829956,0.05731476843357086,0.40028321743011475,1,1.5016185486613225,1.0,1.0,0.9783999999999999,0.9068,0.7676000000000001,0.776,0.719,22,0.604,0.115,0.58,strong_test_marker_and_domain_holdout,3,3,0,0,0,no_core_pass_0of3,not_run,SAE_strong_probe_not_robust
39,deixis_and_perspective_anchoring,B2,14441,-0.7022145986557007,-0.3162277638912201,-0.26969051361083984,1,2.0270274199657763,0.5,0.6666666666666666,0.38,0.7312000000000001,0.49,0.6308,0.597,0,0.491,0.106,0.882,strong_test_marker_and_domain_holdout,3,0,3,0,0,no_core_pass_0of3,not_run,SAE_strong_probe_not_robust
40,orthographic_and_tokenization_interface,D,3132,-0.41800636053085327,-0.1414213478565216,0.24604785442352295,3,0.8358437310495543,0.5,0.0,0.29200000000000004,0.4992,0.4928,0.5084,0.49,0,0.5,-0.01,0.518,strong_test_marker_and_domain_holdout,3,0,0,0,0,no_core_pass_0of3,not_run,both_weak_or_unstable
