variable_id,variable,inspection_grade,ablation_role,target_feature,intervention_side,baseline_downstream_score,intervention_downstream_score,mean_attenuation,attenuation_fraction,attenuation_ci_low,attenuation_ci_high,attenuation_bootstrap_p,mean_final_repr_cosine_to_baseline,target_train_basis_mean_activation,target_train_changed_mean_activation,target_train_basis_fire_rate,target_train_changed_fire_rate,matched_control_mean_attenuation,target_minus_control_attenuation,target_minus_control_ci_low,target_minus_control_ci_high,target_minus_control_bootstrap_p,target_vs_control_fdr_q,control_features,causal_screen_category,final_repr_distortion,abs_attenuation_fraction
4,case_marking,B,causal_worth_testing,13269,changed,0.836494505405426,0.8386960625648499,-0.0022015404701232,-0.0026318648310263,-0.003854236960411,-0.0006920799911022,0.0109945027486256,0.9999985597012424,0.0033104203175753,0.0096933469176292,0.1700000017881393,0.4724999964237213,-0.0021562541369348,-4.5286215099622494e-05,-0.0022107389310986,0.0022194478588808,0.992503748125937,0.992503748125937,"6618,4814,12995",null_or_reverse,1.440298757593439e-06,0.0026318648310263
22,tense_prominence,C,exploratory_causal,1385,basis,0.570666491985321,0.570666491985321,0.0,0.0,0.0,0.0,1.0,1.0,0.0148485247045755,0.0012724266853183,0.2675000131130218,0.0425000004470348,0.0002000739914365,-0.0002000740136281,-0.000624775473203,0.0002151641151467,0.3548225887056472,0.4055115299493111,"8551,3132,758",null_or_reverse,0.0,0.0
33,discourse_relation_marking,D,diagnostic_control,9728,basis,-0.1275073885917663,-0.125494435429573,-0.0020129356533288,-0.0157868157724851,-0.0033109506834298,-0.0007395731657743,0.000999500249875,0.9999879966566052,0.0320591256022453,0.0301084872335195,1.0,1.0,-0.0015139640308916,-0.00049897152232,-0.0034299424877972,0.0024982094228034,0.7276361819090454,0.7462935199067133,"8041,7247,6618",null_or_reverse,1.2003343394795252e-05,0.0157868157724851
28,negation_and_polarity_structure,D,diagnostic_control,4382,changed,0.2558494806289673,0.2562155425548553,-0.000366087257862,-0.0014308696541502,-0.0016862452235072,0.0009761176593601,0.623688155922039,0.9999994742137608,0.003207191126421,0.0055012716911733,0.2349999994039535,0.4350000023841858,0.0006720931269228,-0.0010381802805932,-0.0023882817490157,0.0003893929873956,0.1579210394802598,0.21056138597367974,"1385,6900,8685",null_or_reverse,5.257862392138435e-07,0.0014308696541502
12,optionality_vs_obligatoriness_of_marking,D,diagnostic_control,9607,changed,0.0548951439559459,0.0566098168492317,-0.0017146795615553,-0.0312355417617892,-0.0026175421103835,-0.0008765887282788,0.000999500249875,0.999999188033146,0.0052346549928188,0.0072913262993097,0.3975000083446502,0.4625000059604645,-0.0001689024793449,-0.0015457770818193,-0.0023779943773454,-0.0007655224890979,0.000999500249875,0.0016658337497916665,"12995,6216,8551",null_or_reverse,8.119668539752212e-07,0.0312355417617892
35,focus_and_given_new_marking,B,causal_worth_testing,7136,changed,0.832622230052948,0.8326433300971985,-2.1061971783638e-05,-2.5295951781516367e-05,-0.0002553881797939,0.0001913162767887,0.8745627186406797,0.9999999422021772,0.0009475254919379,0.0106537081301212,0.1324999928474426,0.5199999809265137,0.0016107585979625,-0.001631820527109,-0.0021724899362488,-0.0011152736142685,0.000999500249875,0.0016658337497916665,"1385,1887,932",null_or_reverse,5.7797822750060845e-08,2.5295951781516367e-05
18,person_marking_and_person_hierarchy,B,causal_worth_testing,13235,changed,0.374948114156723,0.3751407265663147,-0.0001925891637802,-0.0005136421720998,-0.0006500704586505,9.982883930206298e-05,0.2818590704647676,0.999999864554136,0.0010153746698051,0.00264867185615,0.1375000029802322,0.3125,0.0017180885188281,-0.0019106776925036,-0.0029741153966024,-0.0010402751472283,0.000999500249875,0.0016658337497916665,"12995,6944,6216",null_or_reverse,1.3544586396907476e-07,0.0005136421720998
13,redundancy_cumulative_exponence,B,causal_worth_testing,4814,changed,0.0493889525532722,0.0519610084593296,-0.0025720605254173,-0.0520776487949007,-0.0044413158483803,-0.0006953817717731,0.0079960019990005,0.9999885788677508,0.0809117034077644,0.1033772826194763,1.0,1.0,0.0048309722915291,-0.0074030328029766,-0.0094760173651447,-0.0053757325561309,0.000999500249875,0.0016658337497916665,"7247,8041,5205",null_or_reverse,1.142113224916752e-05,0.0520776487949007
5,morphosyntactic_alignment,D,diagnostic_control,7247,basis,1.038769245147705,1.04649555683136,-0.007726310417056,-0.0074379468328959,-0.0099710301272571,-0.0054076649546623,0.000999500249875,0.9999943750843432,0.0952483117580413,0.0763856768608093,1.0,1.0,7.74669460952282e-05,-0.007803777353838,-0.0119980668787611,-0.0036780916238203,0.000999500249875,0.0016658337497916665,"1302,8041,9728",null_or_reverse,5.624915656810003e-06,0.0074379468328959
8,causativity_and_valency_change,D,diagnostic_control,8182,changed,0.9448300004005432,0.9274959564208984,0.0173340912163257,0.0183462540446189,-0.0023987369053065,0.0367265976071357,0.0759620189905047,0.9987583731843676,1.5766894817352295,1.7148855924606323,1.0,1.0,0.0026158627588301,0.0147182281315326,-0.0060647447491064,0.0357004745504818,0.1659170414792603,0.21408650513452945,"164,7247,8041",positive_control_advantage,0.0012416268156324461,0.0183462540446189
26,evidentiality,B,causal_worth_testing,6900,changed,-0.3860616385936737,-0.3899653255939483,0.0039036351442337,0.0101114297666395,0.0026183811128139,0.0051182228475809,0.000999500249875,0.999998184435514,0.0034340214915573,0.0373503714799881,0.2275000065565109,0.8025000095367432,0.0027935409452766,0.0011100943479686,-0.0013936364129767,0.0036103924941853,0.3828085957021489,0.4253428841134988,"6618,1302,11461",positive_control_advantage,1.815564485974086e-06,0.0101114297666395
2,basic_constituent_order,C,exploratory_causal,932,changed,0.170770838856697,0.1694312691688537,0.0013395452499389,0.0078441100301852,-0.0001477085649967,0.003000638782978,0.0879560219890055,0.9999993111188188,0.0003339181712362,0.0165189746767282,0.0450000017881393,0.6549999713897705,0.0002539330453146,0.0010856121541291,-0.0007304345148149,0.003255276243457,0.2838580709645177,0.34407038904790027,"1887,1302,7136",positive_control_advantage,6.888811812100215e-07,0.0078441100301852
7,voice_and_agent_prominence,A,primary_causal,8235,changed,0.5840420722961426,0.5808610320091248,0.0031810307502746,0.0054465780825832,0.0013844080865383,0.0051133516132831,0.0019990004997501,0.9999961823990215,0.0032400363124907,0.0365388207137584,0.2524999976158142,0.9725000262260436,0.0026773670688271,0.0005036636913428,-0.0014980296372959,0.0026512631387886,0.6456771614192903,0.6796601699150425,"9728,8041,7247",positive_control_advantage,3.817600978450741e-06,0.0054465780825832
30,conditional_and_counterfactual_marking,B,causal_worth_testing,11810,changed,0.4710842072963714,0.4710514843463897,3.275096416473389e-05,6.952252624365605e-05,-0.0001324089318513,0.0001973215490579,0.6656671664167916,0.999999935913281,0.0008135774987749,0.0161435883492231,0.0949999988079071,0.5674999952316284,-0.0001690921344561,0.0002018430974567,-0.0002124256439128,0.0006153579252058,0.3478260869565217,0.4055115299493111,"6944,758,6216",positive_control_advantage,6.408671904267749e-08,6.952252624365605e-05
3,nominal_modifier_order,C,exploratory_causal,4426,basis,0.1125929802656173,0.1124719455838203,0.0001210322976112,0.0010749542051885,-6.112843751907349e-05,0.0004242253303527,0.7616191904047976,0.9999999588446664,0.0158238131552934,0.0010174124035984,0.3474999964237213,0.1049999967217445,2.0010294974781573e-05,0.0001010220158059,-0.0001880136733561,0.0004777691998497,0.5967016491754122,0.6450828639734187,"8685,1385,12995",positive_control_advantage,4.115533358550749e-08,0.0010749542051885
40,orthographic_and_tokenization_interface,B,causal_worth_testing,3132,basis,-0.0112925423309206,-0.0114044537767767,0.0001119163632392,0.0099106436761228,-0.0002183581665158,0.0004425298273563,0.4947526236881559,0.9999998367931212,0.0035974294878542,0.0008672132971696,0.2549999952316284,0.0524999983608722,0.0005111236241646,-0.0003992072682012,-0.0008721508434173,3.1831818094360485e-05,0.0739630184907546,0.10201795653897186,"15325,8235,14406",positive_nonspecific,1.6320687878934592e-07,0.0099106436761228
39,deixis_and_perspective_anchoring,A,primary_causal,14441,basis,0.1105561330914497,0.1097560003399849,0.0008001402020454,0.0072374112559054,0.0001187875866889,0.0016874790415167,0.031984007996002,0.9999997469673632,0.0158024281263351,0.000182851406862,0.6075000166893005,0.0149999996647238,0.0020444996189326,-0.0012443593790521,-0.003101059215769,0.000481475995286,0.1799100449775112,0.224887556221889,"5205,6216,6618",positive_nonspecific,2.530326368432867e-07,0.0072374112559054
25,epistemic_modality,A,primary_causal,15221,changed,0.255950927734375,0.2523397803306579,0.003611162006855,0.0141088060856832,0.0017412035651504,0.0056884021684527,0.000999500249875,0.9999994256939432,0.0171786993741989,0.0447753183543682,0.7174999713897705,1.0,0.0078122289851307,-0.0042010659608058,-0.0064851554388878,-0.0018036432863445,0.0019990004997501,0.003075385384230923,"8041,9728,7247",positive_nonspecific,5.743060568219605e-07,0.0141088060856832
34,topic_comment_structure,D,diagnostic_control,1302,changed,0.6247079968452454,0.6222013831138611,0.0025065901875495,0.004012418922453,0.0014765655994415,0.0035805232003331,0.000999500249875,0.99999519089152,0.0350817814469337,0.0400636717677116,1.0,1.0,0.0069398009218275,-0.0044332112267147,-0.0059334090166667,-0.0031118089957453,0.000999500249875,0.0016658337497916665,"1887,8041,7247",positive_nonspecific,4.8091084799972705e-06,0.004012418922453
31,subordination_and_embedding,B,causal_worth_testing,11461,changed,0.0248903725296258,0.0243262331932783,0.0005641150474548,0.0226639857150949,-0.0026792720556259,0.003674233585596,0.7216391804097951,0.9999846812744454,0.0011783890658989,0.0659747868776321,0.0399999991059303,1.0,0.0055876327678561,-0.0050235179456649,-0.0083892869714763,-0.0016413047419046,0.0039980009995002,0.005922964443704,"7247,8041,9728",positive_nonspecific,1.5318725554602786e-05,0.0226639857150949
15,number_marking,B,causal_worth_testing,8685,changed,0.1353029459714889,0.1345214396715164,0.0007814946025609,0.0057758875606867,0.0001141034122556,0.0015305887516587,0.0259870064967516,0.999999459726432,0.0010641143890097,0.023012263700366,0.0350000001490116,0.7574999928474426,0.0256258100271224,-0.0248443165584467,-0.0302106599230901,-0.0194084544071811,0.000999500249875,0.0016658337497916665,"5205,758,9728",positive_nonspecific,5.402735679949089e-07,0.0057758875606867
16,gender_noun_class,A,primary_causal,5205,changed,1.259529709815979,1.0418579578399658,0.2176717770099639,0.1728198829400907,0.1936021889448166,0.2431599680036306,0.000999500249875,0.9998855479626662,0.054385919123888,0.1780910640954971,0.625,0.915000021457672,-0.0104389116168022,0.2281106891483068,0.1992441735118627,0.2535874445824884,0.000999500249875,0.0016658337497916665,"7247,8041,9728",specific_positive,0.00011445203733384535,0.1728198829400907
17,animacy_and_humanness,D,diagnostic_control,6618,changed,0.7751635909080505,0.6413155198097229,0.1338481151312589,0.1726707971080854,0.1087561266347766,0.160479421261698,0.000999500249875,0.9999538745170636,0.0297708418220281,0.0509397126734256,0.7724999785423279,0.8274999856948853,-0.0050292476080358,0.1388773633027449,0.1115884150875499,0.1648137116092257,0.000999500249875,0.0016658337497916665,"5205,7247,8041",specific_positive,4.6125482936365536e-05,0.1726707971080854
6,transitivity_valency,C,exploratory_causal,164,changed,0.849962055683136,0.793653666973114,0.0563083413243293,0.0662480647786952,0.0474652159884572,0.0653691095933318,0.000999500249875,0.9997688628632292,0.4713744223117828,0.5872239470481873,1.0,1.0,-0.000525239680428,0.0568335809931159,0.047574302945286,0.0653876529335975,0.000999500249875,0.0016658337497916665,"7247,8041,9728",specific_positive,0.00023113713677080927,0.0662480647786952
21,possession_and_alienability,C,exploratory_causal,15325,changed,0.5295239090919495,0.4983448088169098,0.0311791571974754,0.0588814908300227,0.0182171157859265,0.0453781831152737,0.000999500249875,0.999981673274182,0.0364062786102294,0.0871239751577377,0.962499976158142,0.9725000262260436,-0.002640986116603,0.0338201429136097,0.0215303070336813,0.047962819026201,0.000999500249875,0.0016658337497916665,"4426,7247,8041",specific_positive,1.8326725818029743e-05,0.0588814908300227
11,agreement_indexing_density,C,exploratory_causal,758,changed,1.262274146080017,1.231370210647583,0.0309038568660616,0.0244826822778818,0.0207415181659162,0.041214439548552,0.000999500249875,0.9999659736997992,0.0120063731446862,0.0751966834068298,0.5425000190734863,0.9399999976158142,-0.0018447740003466,0.0327486310328822,0.0227391802537895,0.0424357099542976,0.000999500249875,0.0016658337497916665,"7247,5205,8041",specific_positive,3.402630020077346e-05,0.0244826822778818
23,aspect_and_event_structure,B,causal_worth_testing,6216,basis,-0.2285914421081543,-0.2306834012269973,0.0020919579267501,0.0091515146300201,0.0003006353899836,0.0042388375177979,0.0179910044977511,0.9999990838327172,0.0300694461911916,0.0081170285120606,0.675000011920929,0.4375,-0.0098385624587535,0.0119305198010988,0.0080310696839587,0.0166490312938694,0.000999500249875,0.0016658337497916665,"8685,6618,758",specific_positive,9.161672828161826e-07,0.0091515146300201
20,pronoun_richness_and_reduction,A,primary_causal,6944,basis,0.4315686523914337,0.4267222583293915,0.0048463994264602,0.0112297299620931,0.0028208420369774,0.0068843513019382,0.000999500249875,0.9999987618889086,0.0265700910240411,0.0028541511856019,0.9024999737739564,0.3700000047683716,-0.0068673132918775,0.0117137125704903,0.0088639908411423,0.0147384975159366,0.000999500249875,0.0016658337497916665,"8041,9728,6618",specific_positive,1.238111091428351e-06,0.0112297299620931
24,modality_and_mood,A,primary_causal,13197,changed,0.1664737910032272,0.1581401973962783,0.0083335989341139,0.0500595251894781,0.0051984977377578,0.0117609629472717,0.000999500249875,0.999996305497667,0.0049075125716626,0.0268363412469625,0.2824999988079071,0.5375000238418579,-0.002287991112098,0.0106215898586378,0.0071617422689014,0.0141810550968002,0.000999500249875,0.0016658337497916665,"15325,6618,5205",specific_positive,3.6945023329515436e-06,0.0500595251894781
27,mirativity_stance_and_affect_marking,C,exploratory_causal,1887,changed,0.7793334126472473,0.7751731276512146,0.0041602659225463,0.0053382363119973,0.0037020117938518,0.0046100559085607,0.000999500249875,0.9999996436787996,0.0008605422917753,0.0363717563450336,0.1000000014901161,1.0,-0.006421057973057,0.010581324819941,0.0094485472374944,0.0117166006787447,0.000999500249875,0.0016658337497916665,"8041,9728,7247",specific_positive,3.5632120043427307e-07,0.0053382363119973
32,quotation_and_reported_speech_structure,B,causal_worth_testing,1754,basis,1.1416685581207275,1.134130597114563,0.0075379133224487,0.0066025408765366,0.0046872870028018,0.0103548757284879,0.000999500249875,0.9999935192708496,0.0429769121110439,0.0005965440068393,0.7524999976158142,0.0724999979138374,-0.0014862535754218,0.0090241670992691,0.0062507666376768,0.0118020679246692,0.000999500249875,0.0016658337497916665,"6618,5205,11461",specific_positive,6.480729150437625e-06,0.0066025408765366
1,Subject expression / pro-drop,C,exploratory_causal,8041,changed,0.5156303644180298,0.5110974311828613,0.0045329070091247,0.0087910009222223,0.0024079536348581,0.0065885317623615,0.000999500249875,0.9999849360787584,0.037930179387331,0.0450269319117069,1.0,1.0,-0.0039578606374561,0.0084907678444869,0.0058582967476104,0.0110628130471159,0.000999500249875,0.0016658337497916665,"9728,7247,1302",specific_positive,1.506392124162037e-05,0.0087910009222223
29,quantifier_scope_and_distributivity,B,causal_worth_testing,8551,changed,0.3841851353645324,0.3783644437789917,0.0058206575363874,0.0151506578484993,0.0045339340474456,0.0071191341150552,0.000999500249875,0.9999970057717406,0.0277374740689992,0.0508326813578605,0.762499988079071,0.9075000286102296,-0.0024754086043685,0.008296066053881,0.0066725506294933,0.0100181229292065,0.000999500249875,0.0016658337497916665,"1858,7247,9728",specific_positive,2.9942282594452863e-06,0.0151506578484993
10,morphological_segmentation_type,B,causal_worth_testing,15843,changed,0.4737160205841064,0.4674606621265411,0.0062553932145237,0.0132049433473047,0.0041568467020988,0.0083380547156557,0.000999500249875,0.9999971629444054,0.0097396178171038,0.0349879302084445,0.4375,0.8100000023841858,-0.0001960279769264,0.0064514211974892,0.0046729594829866,0.0084479002766402,0.000999500249875,0.0016658337497916665,"8685,6618,5205",specific_positive,2.8370555945622655e-06,0.0132049433473047
37,social_deixis_honorifics_status_encoding,A,primary_causal,2081,changed,0.8211658000946045,0.8162838816642761,0.0048819093592464,0.0059450958121783,0.0039591482882387,0.0058031214238144,0.000999500249875,0.99999928361671,0.0030382585246115,0.0316213592886924,0.2025000005960464,0.8324999809265137,0.0001082803646568,0.0047736289992462,0.0037769309818686,0.0057724511676351,0.000999500249875,0.0016658337497916665,"8551,1302,5205",specific_positive,7.163832900225486e-07,0.0059450958121783
14,definiteness_and_specificity,C,exploratory_causal,12995,basis,0.5032537579536438,0.498972624540329,0.0042810952663421,0.0085068321869074,0.0017105078101158,0.0071465144455432,0.000999500249875,0.9999984955700107,0.0144474152475595,0.0037105912342667,0.3274999856948852,0.2074999958276748,0.0001006956008495,0.0041803996515227,0.0017801863072236,0.0070736850090179,0.000999500249875,0.0016658337497916665,"3132,13197,15325",specific_positive,1.504429989251932e-06,0.0085068321869074
19,inclusive_exclusive_distinction,C,exploratory_causal,6062,basis,0.1516138911247253,0.1505045443773269,0.0011093364655971,0.0073168524161454,0.0003029567599296,0.0019242124557495,0.0109945027486256,0.9999994298447058,0.0197402946650981,0.0119977183640003,0.9950000047683716,0.925000011920929,-0.0021235379390418,0.0032328743790276,0.0023195359884703,0.0041938227423524,0.000999500249875,0.0016658337497916665,"9728,8041,15325",specific_positive,5.701552941994592e-07,0.0073168524161454
36,genericity_and_kind_level_reference,D,diagnostic_control,1858,changed,0.6099789142608643,0.6078285574913025,0.0021504014730453,0.0035253701771823,0.0009809435009956,0.0035669219344854,0.000999500249875,0.9999992584667844,0.0017867949791252,0.0078487629070878,0.147499993443489,0.3224999904632568,-1.1595682735787705e-05,0.0021619971864856,0.001066247728886,0.0034768939062123,0.000999500249875,0.0016658337497916665,"6944,4426,14441",specific_positive,7.415332156091026e-07,0.0035253701771823
9,analytic_vs_synthetic_encoding,C,exploratory_causal,144,basis,0.7025106549263,0.7007964253425598,0.0017141475528478,0.0024400306825633,0.0006519353240728,0.0029181761238723,0.000999500249875,0.9999993032125812,0.0112659288570284,0.001104840543121,0.3125,0.0450000017881393,-0.000410808424931,0.0021249560196883,0.0003818635588104,0.0039799716440611,0.0139930034982508,0.019990004997501143,"758,6216,6900",specific_positive,6.967874187635559e-07,0.0024400306825633
38,speech_act_force_and_request_directness,C,exploratory_causal,14406,changed,0.3209699690341949,0.3203917741775512,0.0005782109498977,0.0018014487512262,8.582055568695068e-05,0.0013723527193069,0.032983508245877,0.9999999109189832,0.0012294435873627,0.0092317853122949,0.0549999997019767,0.2949999868869781,-0.0004271636425983,0.0010053745937329,0.0004418100093207,0.0017002176864043,0.0019990004997501,0.003075385384230923,"11810,758,4426",specific_positive,8.908101678528624e-08,0.0018014487512262
