variable_id,variable,inspection_grade,ablation_role,split,target_feature,intervention_side,control_features,target_mean_attenuation,matched_control_mean_attenuation,target_minus_control_attenuation,target_minus_control_ci_low,target_minus_control_ci_high,target_minus_control_bootstrap_p
1,Subject expression / pro-drop,C,exploratory_causal,val,8041,changed,"9728,7247,1302",0.003962586633861065,-0.00878026895225048,0.012742855725809932,0.010855290746316314,0.014751932719023898,0.0009995002498750624
1,Subject expression / pro-drop,C,exploratory_causal,test,8041,changed,"9728,7247,1302",0.004532907158136368,-0.003957860637456179,0.008490767844486982,0.005858296747610439,0.011062813047115922,0.0009995002498750624
2,basic_constituent_order,C,exploratory_causal,val,932,changed,"1887,1302,7136",0.002938305027782917,-0.0008917577797546983,0.003830062932938745,0.0018819779153027413,0.00579192276732283,0.0009995002498750624
2,basic_constituent_order,C,exploratory_causal,test,932,changed,"1887,1302,7136",0.001339545240625739,0.0002539330453146249,0.0010856121541291941,-0.0007304345148149878,0.0032552762434570454,0.28385807096451776
3,nominal_modifier_order,C,exploratory_causal,val,4426,basis,"8685,1385,12995",-8.323982183355838e-05,6.1677756093558855e-06,-8.940760186305852e-05,-0.0003262808459462576,0.00010574905235580442,0.46976511744127936
3,nominal_modifier_order,C,exploratory_causal,test,4426,basis,"8685,1385,12995",0.00012103229528293014,2.0010294974781573e-05,0.00010102201580593829,-0.00018801367335618123,0.00047776919984971735,0.5967016491754122
4,case_marking,B,causal_worth_testing,val,13269,changed,"6618,4814,12995",-0.00014863311662338674,-0.0021100579760968685,0.0019614249225560344,0.000628351836652655,0.0033737297958141414,0.0069965017491254375
4,case_marking,B,causal_worth_testing,test,13269,changed,"6618,4814,12995",-0.002201540395617485,-0.0021562541369348764,-4.5286215099622494e-05,-0.0022107389310986035,0.0022194478588808127,0.992503748125937
5,morphosyntactic_alignment,D,diagnostic_control,val,7247,basis,"1302,8041,9728",-0.008399927988648415,-0.001308045582845807,-0.007091881763190031,-0.010927511607995256,-0.003274371470441111,0.0009995002498750624
5,morphosyntactic_alignment,D,diagnostic_control,test,7247,basis,"1302,8041,9728",-0.007726310286670923,7.74669460952282e-05,-0.007803777353838086,-0.011998066878761164,-0.0036780916238203657,0.0009995002498750624
6,transitivity_valency,C,exploratory_causal,val,164,changed,"7247,8041,9728",0.06665775924921036,-0.0009796726517379284,0.06763743238523602,0.05771619297983124,0.07785006664181128,0.0009995002498750624
6,transitivity_valency,C,exploratory_causal,test,164,changed,"7247,8041,9728",0.05630834400653839,-0.0005252396804280579,0.056833580993115904,0.047574302945286036,0.06538765293359755,0.0009995002498750624
7,voice_and_agent_prominence,A,primary_causal,val,8235,changed,"9728,8041,7247",0.0014784288359805942,0.007064336910843849,-0.005585908299544826,-0.007016176255536266,-0.004091013984725579,0.0009995002498750624
7,voice_and_agent_prominence,A,primary_causal,test,8235,changed,"9728,8041,7247",0.0031810307409614325,0.0026773670688271523,0.0005036636913428083,-0.0014980296372959856,0.0026512631387886343,0.6456771614192903
8,causativity_and_valency_change,D,diagnostic_control,val,8182,changed,"164,7247,8041",0.00489459466189146,0.0028161387890577316,0.0020784559287130833,-0.02331251631677151,0.02555307405581697,0.881559220389805
8,causativity_and_valency_change,D,diagnostic_control,test,8182,changed,"164,7247,8041",0.017334090545773506,0.0026158627588301897,0.014718228131532668,-0.006064744749106467,0.035700474550481885,0.16591704147926037
9,analytic_vs_synthetic_encoding,C,exploratory_causal,val,144,basis,"758,6216,6900",0.0025025480426847935,0.0002914496581070125,0.002211098390398547,0.001039441777713364,0.003381349827221129,0.0009995002498750624
9,analytic_vs_synthetic_encoding,C,exploratory_causal,test,144,basis,"758,6216,6900",0.0017141476273536682,-0.00041080842493101954,0.0021249560196883975,0.00038186355881043713,0.003979971644061149,0.013993003498250875
10,morphological_segmentation_type,B,causal_worth_testing,val,15843,changed,"8685,6618,5205",0.0009987227385863662,-0.0029640027787536383,0.003962725490564481,0.0023528485207352785,0.005635685495377401,0.0009995002498750624
10,morphological_segmentation_type,B,causal_worth_testing,test,15843,changed,"8685,6618,5205",0.006255392916500568,-0.00019602797692641616,0.006451421197489253,0.004672959482986698,0.00844790027664021,0.0009995002498750624
11,agreement_indexing_density,C,exploratory_causal,val,758,changed,"7247,5205,8041",0.014635267667472363,-0.0027320466469973326,0.017367313683498652,0.01359283150138799,0.02122771904582623,0.0009995002498750624
11,agreement_indexing_density,C,exploratory_causal,test,758,changed,"7247,5205,8041",0.030903857201337814,-0.0018447740003466606,0.03274863103288226,0.02273918025378953,0.04243570995429763,0.0009995002498750624
12,optionality_vs_obligatoriness_of_marking,D,diagnostic_control,val,9607,changed,"12995,6216,8551",-0.0004270446370355785,-0.002595736412331462,0.002168691969127394,0.0012908813668764197,0.003029829100167262,0.0009995002498750624
12,optionality_vs_obligatoriness_of_marking,D,diagnostic_control,test,9607,changed,"12995,6216,8551",-0.0017146796453744173,-0.00016890247934497893,-0.001545777081819324,-0.0023779943773454305,-0.0007655224890979757,0.0009995002498750624
13,redundancy_cumulative_exponence,B,causal_worth_testing,val,4814,changed,"7247,8041,5205",-0.002741061383858323,0.008434963412582874,-0.011176024456508457,-0.013512543885852211,-0.00880976928211749,0.0009995002498750624
13,redundancy_cumulative_exponence,B,causal_worth_testing,test,4814,changed,"7247,8041,5205",-0.002572060329839587,0.004830972291529179,-0.007403032802976668,-0.009476017365144798,-0.005375732556130971,0.0009995002498750624
14,definiteness_and_specificity,C,exploratory_causal,val,12995,basis,"3132,13197,15325",0.0027083074674010277,0.0005540137062780559,0.0021542937716003507,0.0002372189786983654,0.0044887873493134976,0.02798600699650175
14,definiteness_and_specificity,C,exploratory_causal,test,12995,basis,"3132,13197,15325",0.00428109522908926,0.0001006956008495763,0.0041803996515227485,0.0017801863072236302,0.007073685009017934,0.0009995002498750624
15,number_marking,B,causal_worth_testing,val,8685,changed,"5205,758,9728",0.0008799819624982774,0.01705777831375599,-0.016177796563133597,-0.02007249843655154,-0.012091530019184574,0.0009995002498750624
15,number_marking,B,causal_worth_testing,test,8685,changed,"5205,758,9728",0.0007814946002326906,0.025625810027122498,-0.024844316558446735,-0.030210659923090133,-0.01940845440718113,0.0009995002498750624
16,gender_noun_class,A,primary_causal,val,5205,changed,"7247,8041,9728",0.20811334252357483,-0.007455246523022652,0.2155685816705227,0.183238747674739,0.24913663882389664,0.0009995002498750624
16,gender_noun_class,A,primary_causal,test,5205,changed,"7247,8041,9728",0.21767178177833557,-0.010438911616802216,0.22811068914830684,0.19924417351186277,0.2535874445824884,0.0009995002498750624
17,animacy_and_humanness,D,diagnostic_control,val,6618,changed,"5205,7247,8041",0.028135553002357483,-0.005364598706364632,0.03350015225820244,0.026003165553323927,0.04118553383246761,0.0009995002498750624
17,animacy_and_humanness,D,diagnostic_control,test,6618,changed,"5205,7247,8041",0.13384811580181122,-0.005029247608035803,0.13887736330274492,0.11158841508754994,0.1648137116092257,0.0009995002498750624
18,person_marking_and_person_hierarchy,B,causal_worth_testing,val,13235,changed,"12995,6944,6216",4.5326949475565925e-05,0.001610825303941965,-0.0015654983400600032,-0.0031232264831050995,-4.5488508854760156e-05,0.04097951024487756
18,person_marking_and_person_hierarchy,B,causal_worth_testing,test,13235,changed,"12995,6944,6216",-0.0001925891701830551,0.0017180885188281536,-0.0019106776925036683,-0.0029741153966024287,-0.0010402751472283855,0.0009995002498750624
19,inclusive_exclusive_distinction,C,exploratory_causal,val,6062,basis,"9728,8041,15325",0.0007069853600114584,-0.0017733335262164474,0.002480318814923521,0.0015060133004517412,0.0033867140798247417,0.0009995002498750624
19,inclusive_exclusive_distinction,C,exploratory_causal,test,6062,basis,"9728,8041,15325",0.0011093365028500557,-0.002123537939041853,0.003232874379027635,0.0023195359884703066,0.004193822742352492,0.0009995002498750624
20,pronoun_richness_and_reduction,A,primary_causal,val,6944,basis,"8041,9728,6618",0.003385658375918865,-0.0056502558290958405,0.009035913900006562,0.00728635431767907,0.010907176379172595,0.0009995002498750624
20,pronoun_richness_and_reduction,A,primary_causal,test,6944,basis,"8041,9728,6618",0.004846399649977684,-0.006867313291877508,0.011713712570490316,0.008863990841142368,0.014738497515936616,0.0009995002498750624
21,possession_and_alienability,C,exploratory_causal,val,15325,changed,"4426,7247,8041",0.033407844603061676,-0.004385469481348991,0.03779331292957067,0.025214328982401637,0.052378730296855795,0.0009995002498750624
21,possession_and_alienability,C,exploratory_causal,test,15325,changed,"4426,7247,8041",0.03117915615439415,-0.002640986116603017,0.03382014291360974,0.02153030703368131,0.04796281902620101,0.0009995002498750624
22,tense_prominence,C,exploratory_causal,val,1385,basis,"8551,3132,758",0.0003545355866663158,4.4703727326123044e-05,0.0003098318405682221,-0.00046044518468261233,0.0010866007449876628,0.4567716141929036
22,tense_prominence,C,exploratory_causal,test,1385,basis,"8551,3132,758",0.0,0.00020007399143651128,-0.000200074013628182,-0.0006247754732030444,0.00021516411514676252,0.3548225887056472
23,aspect_and_event_structure,B,causal_worth_testing,val,6216,basis,"8685,6618,758",0.0007846907246857882,-0.005168660078197718,0.005953351295611356,0.004441643910795392,0.007430564155292813,0.0009995002498750624
23,aspect_and_event_structure,B,causal_worth_testing,test,6216,basis,"8685,6618,758",0.0020919579546898603,-0.009838562458753586,0.011930519801098853,0.008031069683958777,0.016649031293869482,0.0009995002498750624
24,modality_and_mood,A,primary_causal,val,13197,changed,"15325,6618,5205",0.005151994060724974,-0.003950030077248812,0.009102024181156593,0.005764781309102546,0.01306037822051439,0.0009995002498750624
24,modality_and_mood,A,primary_causal,test,13197,changed,"15325,6618,5205",0.0083335991948843,-0.002287991112098098,0.01062158985863789,0.007161742268901435,0.01418105509680026,0.0009995002498750624
25,epistemic_modality,A,primary_causal,val,15221,changed,"8041,9728,7247",0.00811936054378748,0.006417254917323589,0.0017021051014307887,-0.0007606094600923825,0.0043902467355364915,0.19290354822588707
25,epistemic_modality,A,primary_causal,test,15221,changed,"8041,9728,7247",0.003611162072047591,0.007812228985130787,-0.004201065960805863,-0.006485155438887887,-0.0018036432863445962,0.001999000499750125
26,evidentiality,B,causal_worth_testing,val,6900,changed,"6618,1302,11461",0.006900719366967678,0.0012667583068832755,0.005633960913401097,0.003640477735491004,0.007635293989966154,0.0009995002498750624
26,evidentiality,B,causal_worth_testing,test,6900,changed,"6618,1302,11461",0.0039036350790411234,0.002793540945276618,0.0011100943479686975,-0.0013936364129767754,0.003610392494185361,0.3828085957021489
27,mirativity_stance_and_affect_marking,C,exploratory_causal,val,1887,changed,"8041,9728,7247",0.004241263493895531,-0.005135549698024988,0.00937681288458407,0.008142896622302942,0.010793946735793723,0.0009995002498750624
27,mirativity_stance_and_affect_marking,C,exploratory_causal,test,1887,changed,"8041,9728,7247",0.004160265903919935,-0.006421057973057032,0.010581324819941073,0.009448547237494494,0.011716600678744724,0.0009995002498750624
28,negation_and_polarity_structure,D,diagnostic_control,val,4382,changed,"1385,6900,8685",0.0012930402299389243,-7.983585237525403e-05,0.0013728759704827098,0.0003123556256505253,0.002512737611996272,0.01199400299850075
28,negation_and_polarity_structure,D,diagnostic_control,test,4382,changed,"1385,6900,8685",-0.0003660872462205589,0.0006720931269228458,-0.0010381802805932239,-0.002388281749015732,0.00038939298739569474,0.15792103948025987
29,quantifier_scope_and_distributivity,B,causal_worth_testing,val,8551,changed,"1858,7247,9728",0.010959718376398087,-0.004875532351434231,0.015835250497912057,0.013563167036656523,0.01817707763658836,0.0009995002498750624
29,quantifier_scope_and_distributivity,B,causal_worth_testing,test,8551,changed,"1858,7247,9728",0.005820657592266798,-0.0024754086043685675,0.008296066053881078,0.006672550629493344,0.01001812292920658,0.0009995002498750624
30,conditional_and_counterfactual_marking,B,causal_worth_testing,val,11810,changed,"6944,758,6216",-5.312025677994825e-05,-2.1200570699875243e-05,-3.191967814927921e-05,-0.0005761745928612072,0.0005085487442993325,0.8685657171414293
30,conditional_and_counterfactual_marking,B,causal_worth_testing,test,11810,changed,"6944,758,6216",3.275096241850406e-05,-0.00016909213445615023,0.0002018430974567309,-0.0002124256439128658,0.0006153579252058988,0.34782608695652173
31,subordination_and_embedding,B,causal_worth_testing,val,11461,changed,"7247,8041,9728",0.002174857771024108,0.0038442807272076607,-0.0016694230725988746,-0.003964833241188899,0.0007145195634802795,0.16991504247876063
31,subordination_and_embedding,B,causal_worth_testing,test,11461,changed,"7247,8041,9728",0.000564115063752979,0.005587632767856121,-0.005023517945664935,-0.008389286971476395,-0.001641304741904606,0.00399800099950025
32,quotation_and_reported_speech_structure,B,causal_worth_testing,val,1754,basis,"6618,5205,11461",0.001225906889885664,-0.002753952518105507,0.003979859363753348,0.0017565546080586499,0.0062655378244526215,0.0009995002498750624
32,quotation_and_reported_speech_structure,B,causal_worth_testing,test,1754,basis,"6618,5205,11461",0.007537913508713245,-0.0014862535754218698,0.009024167099269106,0.006250766637676861,0.011802067924669245,0.0009995002498750624
33,discourse_relation_marking,D,diagnostic_control,val,9728,basis,"8041,7247,6618",-0.001097349333576858,-0.0028034832794219255,0.0017061339947395027,-0.0006579502485692501,0.004110757227870632,0.1629185407296352
33,discourse_relation_marking,D,diagnostic_control,test,9728,basis,"8041,7247,6618",-0.0020129354670643806,-0.0015139640308916569,-0.000498971522320062,-0.003429942487797234,0.002498209422803483,0.7276361819090454
34,topic_comment_structure,D,diagnostic_control,val,1302,changed,"1887,8041,7247",0.002037827856838703,0.007948340848088264,-0.00591051269788295,-0.007205103030952159,-0.004624703155190219,0.0009995002498750624
34,topic_comment_structure,D,diagnostic_control,test,1302,changed,"1887,8041,7247",0.0025065902154892683,0.006939800921827555,-0.004433211226714775,-0.005933409016666701,-0.0031118089957453787,0.0009995002498750624
35,focus_and_given_new_marking,B,causal_worth_testing,val,7136,changed,"1385,1887,932",0.0007040174095891416,0.001638778718188405,-0.0009347613670979627,-0.001400456211900746,-0.0004949651576316687,0.0009995002498750624
35,focus_and_given_new_marking,B,causal_worth_testing,test,7136,changed,"1385,1887,932",-2.1061970983282663e-05,0.0016107585979625583,-0.0016318205271090847,-0.002172489936248894,-0.001115273614268517,0.0009995002498750624
36,genericity_and_kind_level_reference,D,diagnostic_control,val,1858,changed,"6944,4426,14441",0.000284744513919577,0.00013841886539012194,0.0001463256316492334,-0.0002538594126526732,0.0006517155511101002,0.511744127936032
36,genericity_and_kind_level_reference,D,diagnostic_control,test,1858,changed,"6944,4426,14441",0.002150401473045349,-1.1595682735787705e-05,0.002161997186485678,0.0010662477288860828,0.0034768939062123526,0.0009995002498750624
37,social_deixis_honorifics_status_encoding,A,primary_causal,val,2081,changed,"8551,1302,5205",0.000703390862327069,0.0014215686824172735,-0.000718177808157634,-0.0013277142765218742,-5.974777685332916e-05,0.028985507246376812
37,social_deixis_honorifics_status_encoding,A,primary_causal,test,2081,changed,"8551,1302,5205",0.00488190958276391,0.0001082803646568209,0.004773628999246284,0.003776930981868645,0.005772451167635153,0.0009995002498750624
38,speech_act_force_and_request_directness,C,exploratory_causal,val,14406,changed,"11810,758,4426",-0.00027579121524468064,0.00023933866759762168,-0.0005151298700366169,-0.00123610485446261,0.00015368907295487571,0.15092453773113443
38,speech_act_force_and_request_directness,C,exploratory_causal,test,14406,changed,"11810,758,4426",0.0005782109219580889,-0.0004271636425983161,0.001005374593732995,0.00044181000932076134,0.0017002176864043574,0.001999000499750125
39,deixis_and_perspective_anchoring,A,primary_causal,val,14441,basis,"5205,6216,6618",0.0004790782986674458,0.006312479265034199,-0.00583340105949901,-0.007457024142437149,-0.004323156155442123,0.0009995002498750624
39,deixis_and_perspective_anchoring,A,primary_causal,test,14441,basis,"5205,6216,6618",0.0008001402020454407,0.002044499618932605,-0.0012443593790521846,-0.003101059215769055,0.0004814759952860179,0.17991004497751126
40,orthographic_and_tokenization_interface,B,causal_worth_testing,val,3132,basis,"15325,8235,14406",0.00015666669060010463,0.00044664888991974294,-0.0002899821968185279,-0.000581902972795433,1.110695751049206e-05,0.054972513743128434
40,orthographic_and_tokenization_interface,B,causal_worth_testing,test,3132,basis,"15325,8235,14406",0.00011191636440344155,0.0005111236241646111,-0.00039920726820128036,-0.0008721508434173301,3.1831818094360485e-05,0.07396301849075462
