variable_id,variable,selection_slot,feature_id,selection_basis,original_candidate_rank,train_effect,val_effect,p_maxT,train_fwer_significant,val_same_direction,specificity_rank,specificity_ratio,specificity_margin,specificity_z
1,Subject expression / pro-drop,1,8431,original_trainval_selected,1,0.8691208362579346,0.1011118665337562,0.0004997501249375,True,True,1,1.1489836902845056,0.1126950979232788,3.4543895025960825
1,Subject expression / pro-drop,2,8041,train_fwer_plus_val_direction,2,0.863140881061554,0.962331771850586,0.0004997501249375,True,True,3,0.9209517185159736,-0.0740861892700195,1.5916623924931113
1,Subject expression / pro-drop,3,15659,train_fwer_plus_val_direction,6,0.8508999347686768,0.9474011659622192,0.0004997501249375,True,True,4,0.9204966984072904,-0.0734922289848327,1.7085046574330367
1,Subject expression / pro-drop,4,10169,train_fwer_plus_val_direction,3,0.8559886813163757,0.9625152349472046,0.0004997501249375,True,True,4,0.9038684159661964,-0.0910392999649047,1.421888501431757
1,Subject expression / pro-drop,5,1175,train_fwer_plus_val_direction,5,0.8547700047492981,0.9586631655693054,0.0004997501249375,True,True,4,0.8954494780594394,-0.0998008847236633,1.3931100891844372
2,basic_constituent_order,1,9791,original_trainval_selected,2,0.8227548599243164,0.8065271973609924,0.0004997501249375,True,True,1,1.7534949603427383,0.3535462915897369,4.426149249244496
2,basic_constituent_order,2,932,train_fwer_plus_val_direction,12,0.6950408816337585,0.7502098083496094,0.0004997501249375,True,True,1,1.7510863714379312,0.2981210649013519,5.2158114249798935
2,basic_constituent_order,3,7834,train_fwer_plus_val_direction,14,0.6794646978378296,0.6657874584197998,0.0004997501249375,True,True,1,1.5085774132220928,0.2290637493133545,4.51502668661551
2,basic_constituent_order,4,13096,train_fwer_plus_val_direction,15,0.6769956946372986,0.6330192685127258,0.0004997501249375,True,True,1,1.4994813977474315,0.2255091369152069,4.518689746466681
2,basic_constituent_order,5,9064,train_fwer_plus_val_direction,5,0.7684685587882996,0.7739357352256775,0.0004997501249375,True,True,1,1.3648438843114488,0.2054235339164734,4.1699604039783065
3,nominal_modifier_order,1,4426,original_trainval_selected,25,-0.5660698413848877,-0.0763282254338264,0.0004997501249375,True,True,1,1.6708524437274963,0.2272787988185882,5.27401448416063
3,nominal_modifier_order,2,10647,train_fwer_plus_val_direction,14,-0.5695620775222778,-0.1972762942314148,0.0004997501249375,True,True,1,1.2974003158891882,0.130559504032135,4.434640298749264
3,nominal_modifier_order,3,11666,train_fwer_plus_val_direction,20,0.5682220458984375,0.4314427673816681,0.0004997501249375,True,True,1,1.2500223237378632,0.1136525273323059,3.204666019716917
3,nominal_modifier_order,4,7775,train_fwer_plus_val_direction,19,-0.5686416029930115,-0.1414213478565216,0.0004997501249375,True,True,2,0.8691097554287571,-0.08563894033432,3.5171797284301585
3,nominal_modifier_order,5,8006,train_fwer_plus_val_direction,1,0.6698550581932068,0.2563788890838623,0.0004997501249375,True,True,3,0.7391450614957635,-0.2364014983177185,1.6722451708393289
4,case_marking,1,13269,original_trainval_selected,20,0.5107520818710327,0.3903347551822662,0.0004997501249375,True,True,1,1.75763736070454,0.2201619446277618,5.218464194372727
4,case_marking,2,9071,train_fwer_plus_val_direction,8,0.5862047672271729,0.7269218564033508,0.0004997501249375,True,True,1,1.7271141505088417,0.2467918992042541,5.166119736174016
4,case_marking,3,9920,train_fwer_plus_val_direction,23,-0.4803972542285919,-0.4313595294952392,0.0004997501249375,True,True,1,1.7001214805139686,0.1978308260440826,4.19899855606823
4,case_marking,4,3534,train_fwer_plus_val_direction,13,0.5401284694671631,0.6634310483932495,0.0004997501249375,True,True,1,1.2146621308888852,0.0954546332359314,4.376876119204188
4,case_marking,5,11875,train_fwer_plus_val_direction,10,0.5665741562843323,0.4357597529888153,0.0004997501249375,True,True,1,1.1749028720457204,0.0843435227870941,3.5686109180051333
5,morphosyntactic_alignment,1,7247,original_trainval_selected,1,-0.6954706907272339,-0.6925016641616821,0.0004997501249375,True,True,10,0.7713202343563562,-0.2061920166015625,0.9460878107483068
5,morphosyntactic_alignment,2,9810,train_fwer_plus_val_direction,7,-0.6921006441116333,-0.6740755438804626,0.0004997501249375,True,True,10,0.7315929416142496,-0.2539181113243103,0.8012552154314753
5,morphosyntactic_alignment,3,14174,train_fwer_plus_val_direction,11,-0.691173791885376,-0.6802931427955627,0.0004997501249375,True,True,10,0.7309222128843189,-0.2544450163841247,0.7752394954563379
5,morphosyntactic_alignment,4,1199,train_fwer_plus_val_direction,20,-0.6907192468643188,-0.6839175224304199,0.0004997501249375,True,True,10,0.7299576299585622,-0.2555264234542846,0.794532797647938
5,morphosyntactic_alignment,5,4605,train_fwer_plus_val_direction,9,-0.6916614174842834,-0.669039249420166,0.0004997501249375,True,True,10,0.7292424569113822,-0.2568042278289795,0.865985899082519
6,transitivity_valency,1,5382,original_trainval_selected,1,0.938974380493164,0.8023737668991089,0.0004997501249375,True,True,1,1.2441249215974397,0.184247612953186,3.5853468863816165
6,transitivity_valency,2,6102,train_fwer_plus_val_direction,3,-0.9179275035858154,-0.9451308846473694,0.0004997501249375,True,True,1,1.0599344655301202,0.0519046187400817,2.009991692480142
6,transitivity_valency,3,164,train_fwer_plus_val_direction,2,0.9193711876869202,0.8745303153991699,0.0004997501249375,True,True,2,0.9942569045130444,-0.0053105354309082,2.040776719676508
6,transitivity_valency,4,12059,train_fwer_plus_val_direction,23,-0.9111669659614564,-0.937703013420105,0.0004997501249375,True,True,2,0.9721848153074968,-0.0260694026947021,1.7096296514147706
6,transitivity_valency,5,4332,train_fwer_plus_val_direction,17,-0.9112589359283448,-0.937731385231018,0.0004997501249375,True,True,2,0.9619584291984978,-0.0360366106033325,1.6830063900075578
7,voice_and_agent_prominence,1,8235,original_trainval_selected,22,0.8548974990844727,0.9214052557945251,0.0004997501249375,True,True,1,1.6570877042909269,0.3389939069747925,5.155775273232984
7,voice_and_agent_prominence,2,10996,train_fwer_plus_val_direction,18,0.8707354664802551,0.9094770550727844,0.0004997501249375,True,True,1,1.6428689270234615,0.340726375579834,6.042995733385587
7,voice_and_agent_prominence,3,12096,train_fwer_plus_val_direction,16,0.9071592092514038,0.9608224034309388,0.0004997501249375,True,True,1,1.454132029816402,0.2833099365234375,4.913604032217903
7,voice_and_agent_prominence,4,2491,train_fwer_plus_val_direction,2,0.9547025561332704,0.9897872805595398,0.0004997501249375,True,True,1,1.4280876372184637,0.2861843705177307,5.750016379818967
7,voice_and_agent_prominence,5,10398,train_fwer_plus_val_direction,10,0.929797351360321,0.9603086709976196,0.0004997501249375,True,True,1,1.4186542065322034,0.2743893265724182,4.876829824664566
8,causativity_and_valency_change,1,8182,original_trainval_selected,2,0.8939546346664429,0.9339605569839478,0.0004997501249375,True,True,2,0.9926839704923122,-0.0065883994102478,1.793651285919563
8,causativity_and_valency_change,2,16378,train_fwer_plus_val_direction,4,-0.8733323812484741,-0.9259907603263856,0.0004997501249375,True,True,2,0.9705655789997126,-0.0264856219291687,2.0151028949559406
8,causativity_and_valency_change,3,4441,train_fwer_plus_val_direction,12,0.8628992438316345,0.8820226788520813,0.0004997501249375,True,True,2,0.9696497336737088,-0.0270089507102966,1.8620869936563724
8,causativity_and_valency_change,4,7247,train_fwer_plus_val_direction,5,-0.8697184920310974,-0.9399282336235046,0.0004997501249375,True,True,2,0.9645718792204074,-0.0319442152976989,1.6492142684221245
8,causativity_and_valency_change,5,164,train_fwer_plus_val_direction,1,0.9175019264221193,0.93803209066391,0.0004997501249375,True,True,3,0.9922353859536658,-0.0071797966957092,2.0327038880846096
9,analytic_vs_synthetic_encoding,1,6579,original_trainval_selected,24,-0.5021765828132629,-0.5613006949424744,0.0004997501249375,True,True,1,1.5500768587537568,0.1782077550888061,4.21903993426339
9,analytic_vs_synthetic_encoding,2,144,train_fwer_plus_val_direction,21,-0.5066977739334106,-0.7284011840820312,0.0004997501249375,True,True,1,1.52828136845627,0.1751503348350525,4.425133400651956
9,analytic_vs_synthetic_encoding,3,4222,train_fwer_plus_val_direction,1,-0.6539031863212585,-0.0279369615018367,0.0004997501249375,True,True,1,1.1334494126262422,0.0769888758659362,2.5379686896342877
9,analytic_vs_synthetic_encoding,4,6379,train_fwer_plus_val_direction,15,-0.5538341403007507,-0.1563293188810348,0.0004997501249375,True,True,1,1.091543161487459,0.04644775390625,3.3212308010232774
9,analytic_vs_synthetic_encoding,5,10578,train_fwer_plus_val_direction,22,-0.5058714747428894,-0.1414213627576828,0.0004997501249375,True,True,2,0.9449182579403732,-0.0294885635375976,2.496482923720836
10,morphological_segmentation_type,1,6125,original_trainval_selected,20,-0.7077662348747253,-0.5309546589851379,0.0004997501249375,True,True,1,5.114620424222409,0.5693852454423904,13.0551771328847
10,morphological_segmentation_type,2,15843,train_fwer_plus_val_direction,16,0.7314246892929077,0.3352487087249756,0.0004997501249375,True,True,1,2.1615142843781054,0.3930393755435943,8.19638266253921
10,morphological_segmentation_type,3,8119,train_fwer_plus_val_direction,15,-0.7315304279327393,-0.6426119208335876,0.0004997501249375,True,True,1,2.0640896443717307,0.377122163772583,7.270425039143945
10,morphological_segmentation_type,4,16361,train_fwer_plus_val_direction,5,-0.7973324060440063,-0.5562032461166382,0.0004997501249375,True,True,1,2.036529136051975,0.4058170616626739,8.434125891526397
10,morphological_segmentation_type,5,14319,train_fwer_plus_val_direction,18,-0.7168538570404053,-0.4545976817607879,0.0004997501249375,True,True,1,1.994389685990234,0.3574186563491821,7.479353178587803
11,agreement_indexing_density,1,758,original_trainval_selected,11,0.8260605335235596,0.8179236054420471,0.0004997501249375,True,True,1,1.6770809320356674,0.3335019946098327,5.9901955074744135
11,agreement_indexing_density,2,2258,train_fwer_plus_val_direction,2,0.9070153832435608,0.8764421939849854,0.0004997501249375,True,True,1,1.6588684016340145,0.3602478504180908,5.142395883936269
11,agreement_indexing_density,3,8911,train_fwer_plus_val_direction,9,0.834149181842804,0.790851354598999,0.0004997501249375,True,True,1,1.5901836925820068,0.3095876574516296,4.318480288833653
11,agreement_indexing_density,4,13837,train_fwer_plus_val_direction,1,0.9742085933685304,0.9890480041503906,0.0004997501249375,True,True,1,1.1659599359968955,0.1386665105819702,4.391898352541515
11,agreement_indexing_density,5,8113,train_fwer_plus_val_direction,3,0.8845422267913818,0.8835543990135193,0.0004997501249375,True,True,1,1.161551939180402,0.1230246424674987,3.5329223553836795
12,optionality_vs_obligatoriness_of_marking,1,9607,original_trainval_selected,22,0.4039496183395386,0.5193761587142944,0.0004997501249375,True,True,1,1.526488104321451,0.1393228471279144,5.650054789982076
12,optionality_vs_obligatoriness_of_marking,2,7165,train_fwer_plus_val_direction,24,-0.402793288230896,-0.2770830690860748,0.0004997501249375,True,True,1,1.4303779878739338,0.1211940944194793,3.82118549135033
12,optionality_vs_obligatoriness_of_marking,3,13817,train_fwer_plus_val_direction,16,-0.4175151586532593,-0.9398850202560424,0.0004997501249375,True,True,1,1.2447670986964294,0.0820988714694976,2.9284258788845587
12,optionality_vs_obligatoriness_of_marking,4,47,train_fwer_plus_val_direction,17,0.4119848310947418,0.8077634572982788,0.0004997501249375,True,True,2,0.9925108204719222,-0.0031087100505828,2.727996117613006
12,optionality_vs_obligatoriness_of_marking,5,10454,train_fwer_plus_val_direction,12,-0.4239047169685364,-0.96464604139328,0.0004997501249375,True,True,2,0.9659638221000963,-0.014936476945877,3.1927681193928157
13,redundancy_cumulative_exponence,1,9749,original_trainval_selected,13,-0.6812930107116699,-0.8364554643630981,0.0004997501249375,True,True,1,2.8895455769807104,0.4455144107341766,8.995451402065378
13,redundancy_cumulative_exponence,2,11745,train_fwer_plus_val_direction,25,0.6320487260818481,0.6974450945854187,0.0004997501249375,True,True,1,2.741567380677774,0.4015058875083923,7.725812788070378
13,redundancy_cumulative_exponence,3,4814,train_fwer_plus_val_direction,11,0.7049897313117981,0.9284691214561462,0.0004997501249375,True,True,1,2.6598125883281427,0.4399373233318329,7.721555703993019
13,redundancy_cumulative_exponence,4,790,train_fwer_plus_val_direction,14,-0.667447030544281,-0.5764360427856445,0.0004997501249375,True,True,1,2.2542812186832775,0.3713672757148742,8.98462105143722
13,redundancy_cumulative_exponence,5,10612,train_fwer_plus_val_direction,3,0.7677280902862549,0.7307533025741577,0.0004997501249375,True,True,1,2.253532905698261,0.4270505309104919,6.452959667390534
14,definiteness_and_specificity,1,13819,original_trainval_selected,11,-0.5076863169670105,-0.4826407134532928,0.0004997501249375,True,True,1,1.3591204485359505,0.134145975112915,5.477411029908889
14,definiteness_and_specificity,2,3973,train_fwer_plus_val_direction,4,-0.5475464463233948,-0.6267436742782593,0.0004997501249375,True,True,1,1.2709199011548786,0.1167195737361908,4.68916509444777
14,definiteness_and_specificity,3,15695,train_fwer_plus_val_direction,19,-0.4726139307022095,-0.3873670399188995,0.0004997501249375,True,True,1,1.114339702641628,0.0484937727451324,2.966295623990829
14,definiteness_and_specificity,4,12995,train_fwer_plus_val_direction,17,-0.4743513166904449,-0.4373157620429992,0.0004997501249375,True,True,1,1.0721435077936008,0.0319186449050903,3.678487299155897
14,definiteness_and_specificity,5,14259,train_fwer_plus_val_direction,10,-0.5091310739517212,-0.43616983294487,0.0004997501249375,True,True,1,1.0363447943972024,0.0178553164005279,2.4206010380257172
15,number_marking,1,8113,original_trainval_selected,6,0.7615175843238831,0.2035120129585266,0.0004997501249375,True,True,2,0.8609171628654039,-0.1230246424674987,2.6890136507977043
15,number_marking,2,13837,train_fwer_plus_val_direction,3,0.8355420827865601,0.0988276898860931,0.0004997501249375,True,True,2,0.8576624025636012,-0.1386665105819702,3.303856969435681
15,number_marking,3,8685,train_fwer_only,4,0.7831133604049683,-0.5596941709518433,0.0004997501249375,True,False,1,1.4553339080765977,0.2450146079063415,4.911587871615454
15,number_marking,4,8793,train_fwer_only,8,0.753474235534668,-0.4725283086299896,0.0004997501249375,True,False,1,1.057343300747556,0.0408634543418884,1.9953056048041593
15,number_marking,5,995,train_fwer_only,2,0.8418066501617432,-0.2112704515457153,0.0004997501249375,True,False,1,1.054704857624793,0.0436623692512512,3.997429879980624
16,gender_noun_class,1,5205,original_trainval_selected,8,0.8970929384231567,0.9079066514968872,0.0004997501249375,True,True,1,1.578482198039567,0.3287666440010071,5.153545120196147
16,gender_noun_class,2,12965,train_fwer_plus_val_direction,2,-0.9485368132591248,-0.9440931081771852,0.0004997501249375,True,True,1,1.0411196208221738,0.0374630093574523,2.1193289682748944
16,gender_noun_class,3,1671,train_fwer_plus_val_direction,1,-0.9497388005256652,-0.9565516114234924,0.0004997501249375,True,True,1,1.0223990074486906,0.020807147026062,1.8825579749484085
16,gender_noun_class,4,3570,train_fwer_plus_val_direction,4,-0.924728274345398,-0.915424942970276,0.0004997501249375,True,True,1,1.0064670175746118,0.0059418082237243,1.7943875436011691
16,gender_noun_class,5,5680,train_fwer_plus_val_direction,5,-0.918435513973236,-0.9326638579368592,0.0004997501249375,True,True,1,1.0060284176686554,0.0055035352706909,1.757839842384361
17,animacy_and_humanness,1,3104,original_trainval_selected,13,0.4994560480117798,0.5734819173812866,0.0004997501249375,True,True,2,0.8648513024351094,-0.0780490636825561,3.232717309459442
17,animacy_and_humanness,2,6618,train_fwer_plus_val_direction,12,0.4999631643295288,0.15873683989048,0.0004997501249375,True,True,2,0.8281194065097687,-0.1037700176239013,2.3138226276643774
17,animacy_and_humanness,3,10896,train_fwer_plus_val_direction,18,0.4626986682415008,0.3552525043487549,0.0004997501249375,True,True,2,0.6801475616510033,-0.2175929248332977,2.7281443492174735
17,animacy_and_humanness,4,3428,train_fwer_plus_val_direction,6,0.5337948203086853,0.1376341432332992,0.0004997501249375,True,True,3,0.92140468571525,-0.0455324053764343,2.506552410200978
17,animacy_and_humanness,5,2360,train_fwer_plus_val_direction,16,-0.4797607660293579,-0.8345274925231934,0.0004997501249375,True,True,3,0.882908171100376,-0.0636261701583862,1.8016889089645325
18,person_marking_and_person_hierarchy,1,13235,original_trainval_selected,23,0.377556562423706,0.2080137282609939,0.0004997501249375,True,True,1,1.153632915378371,0.0502803921699523,3.4956582847195405
18,person_marking_and_person_hierarchy,2,4828,train_fwer_plus_val_direction,10,0.4248586297035217,0.400773286819458,0.0004997501249375,True,True,1,1.1378117243878847,0.051458865404129,2.5545604838002407
18,person_marking_and_person_hierarchy,3,14768,train_fwer_plus_val_direction,14,0.4037604331970215,0.4155441522598266,0.0004997501249375,True,True,1,1.0867048870289746,0.0322148203849792,3.2545942322895915
18,person_marking_and_person_hierarchy,4,4252,train_fwer_plus_val_direction,17,-0.3898487091064453,-0.4653686285018921,0.0004997501249375,True,True,1,1.037777815152824,0.0141915082931518,2.5806469175179183
18,person_marking_and_person_hierarchy,5,8975,train_fwer_plus_val_direction,18,0.3877711594104767,0.1848892271518707,0.0004997501249375,True,True,2,0.7114291197627447,-0.1572882831096649,2.341339945621488
19,inclusive_exclusive_distinction,1,6062,original_trainval_selected,1,-0.8535889983177185,-0.4935387074947357,0.0004997501249375,True,True,1,3.526197457348338,0.6115183234214783,11.71828572258805
19,inclusive_exclusive_distinction,2,10819,train_fwer_plus_val_direction,13,0.7876148819923401,0.7157050371170044,0.0004997501249375,True,True,1,2.556132354958088,0.4794872999191284,8.245906218125032
19,inclusive_exclusive_distinction,3,4396,train_fwer_plus_val_direction,18,-0.7677212357521057,-0.1889871954917907,0.0004997501249375,True,True,1,2.4062624876396304,0.4486699104309082,8.64581852729474
19,inclusive_exclusive_distinction,4,6385,train_fwer_plus_val_direction,21,-0.7621657848358154,-0.4970814287662506,0.0004997501249375,True,True,1,1.8744305035492017,0.3555538654327392,7.113437057451197
19,inclusive_exclusive_distinction,5,5487,train_fwer_plus_val_direction,5,0.8319265246391296,0.6296933889389038,0.0004997501249375,True,True,1,1.7697635475581894,0.3618487417697906,7.577384820958769
20,pronoun_richness_and_reduction,1,7551,original_trainval_selected,24,-0.8233422636985779,-0.8004065752029419,0.0004997501249375,True,True,1,1.5176888756653228,0.2808448672294616,6.110168127317843
20,pronoun_richness_and_reduction,2,14161,train_fwer_plus_val_direction,22,-0.8281378149986267,-0.8113958835601807,0.0004997501249375,True,True,1,1.401244694973789,0.2371362447738647,3.1907818950814275
20,pronoun_richness_and_reduction,3,6944,train_fwer_plus_val_direction,19,-0.8313592672348022,-0.8597320914268494,0.0004997501249375,True,True,1,1.2609370258059214,0.1720406413078308,3.73726662782658
20,pronoun_richness_and_reduction,4,105,train_fwer_plus_val_direction,8,0.871849000453949,0.8883345127105713,0.0004997501249375,True,True,1,1.2330575127898369,0.1647862792015075,2.8911882625936234
20,pronoun_richness_and_reduction,5,11338,train_fwer_plus_val_direction,21,-0.8284989595413208,-0.7997105717658997,0.0004997501249375,True,True,1,1.178867162059965,0.1257064938545227,4.745583368432841
21,possession_and_alienability,1,9576,original_trainval_selected,21,0.4911506474018097,0.5159186720848083,0.0004997501249375,True,True,1,1.2205696096828624,0.0887560248374939,2.9969190786840447
21,possession_and_alienability,2,8666,train_fwer_plus_val_direction,1,-0.6268336772918701,-0.5676026344299316,0.0004997501249375,True,True,2,0.8753947341587127,-0.089224636554718,2.3502518936070897
21,possession_and_alienability,3,15325,train_fwer_plus_val_direction,4,0.5251805782318115,0.4831566214561462,0.0004997501249375,True,True,3,0.8457624709166407,-0.0957745909690857,2.4892759499270043
21,possession_and_alienability,4,7918,train_fwer_plus_val_direction,2,0.6047208905220032,0.5456935167312622,0.0004997501249375,True,True,10,0.6646253357590065,-0.3051464557647705,0.8724116080479829
21,possession_and_alienability,5,260,train_fwer_plus_val_direction,14,-0.4958487153053283,-0.5346781611442566,0.0004997501249375,True,True,11,0.5405637874757561,-0.4214319586753845,0.7382861301069671
22,tense_prominence,1,1385,original_trainval_selected,13,-0.396071583032608,-0.1382241696119308,0.0004997501249375,True,True,2,0.9411945546796856,-0.0247463881969451,2.400114759209979
22,tense_prominence,2,1760,train_fwer_plus_val_direction,6,0.4481317400932312,0.3517717123031616,0.0004997501249375,True,True,2,0.9268903564619614,-0.0353469550609588,2.4440281338010963
22,tense_prominence,3,11740,train_fwer_plus_val_direction,24,0.3782892823219299,0.0519947744905948,0.0004997501249375,True,True,2,0.9140558839897088,-0.0355686545372009,2.5954232137835125
22,tense_prominence,4,8134,train_fwer_plus_val_direction,12,0.4066634476184845,0.487965852022171,0.0004997501249375,True,True,3,0.7096276740086356,-0.1664024889469146,1.8939473838877423
22,tense_prominence,5,14496,train_fwer_plus_val_direction,3,0.4606241881847381,0.3742358386516571,0.0004997501249375,True,True,4,0.7126612319425296,-0.1857196390628814,1.8530228941368845
23,aspect_and_event_structure,1,6216,original_trainval_selected,2,-0.7045249938964844,-0.259358674287796,0.0004997501249375,True,True,1,1.876893253709653,0.3291573524475097,7.030289460880958
23,aspect_and_event_structure,2,4874,train_fwer_plus_val_direction,7,-0.6932970881462097,-0.2390174716711044,0.0004997501249375,True,True,1,1.474697072449425,0.2231686115264892,4.839501468309833
23,aspect_and_event_structure,3,701,train_fwer_plus_val_direction,1,-0.7055163979530334,-0.2785643339157104,0.0004997501249375,True,True,2,0.7714285230142345,-0.209041953086853,3.278083028772805
23,aspect_and_event_structure,4,13189,train_fwer_plus_val_direction,5,-0.6953719854354858,-0.0255343653261661,0.0004997501249375,True,True,2,0.7271305880091575,-0.2609513998031616,2.768751487189547
23,aspect_and_event_structure,5,10398,train_fwer_plus_val_direction,14,-0.6554080247879028,-0.2431407570838928,0.0004997501249375,True,True,2,0.7048934091165365,-0.2743893265724182,2.6326369642041283
24,modality_and_mood,1,3941,original_trainval_selected,10,0.4833943247795105,0.2077225446701049,0.0004997501249375,True,True,1,2.194255023359247,0.26309435069561,6.223531591349455
24,modality_and_mood,2,13197,train_fwer_plus_val_direction,1,0.6157345175743103,0.4226918220520019,0.0004997501249375,True,True,1,1.054724246410472,0.0319473147392272,3.6766449947997466
24,modality_and_mood,3,2105,train_fwer_plus_val_direction,6,-0.5242432951927185,-0.3806832432746887,0.0004997501249375,True,True,1,1.0097458777110533,0.0050598978996276,2.8002668055316597
24,modality_and_mood,4,6645,train_fwer_plus_val_direction,5,0.5250482559204102,0.5703625679016113,0.0004997501249375,True,True,3,0.8745465240668256,-0.0753180384635925,2.1157685166541835
24,modality_and_mood,5,4257,train_fwer_plus_val_direction,3,0.5676253437995911,0.528778612613678,0.0004997501249375,True,True,3,0.7789957983416681,-0.1610375642776489,1.7585718482872488
25,epistemic_modality,1,15221,original_trainval_selected,2,0.7695838212966919,0.5663724541664124,0.0004997501249375,True,True,1,2.197882324242896,0.4194359481334686,9.263055006494168
25,epistemic_modality,2,8920,train_fwer_plus_val_direction,13,0.6050129532814026,0.2914895713329315,0.0004997501249375,True,True,1,1.6203827148777274,0.2316363751888275,3.890492461745102
25,epistemic_modality,3,7096,train_fwer_plus_val_direction,18,0.5936572551727295,0.3937509953975677,0.0004997501249375,True,True,1,1.6093595712862625,0.2247793078422546,4.568045661900275
25,epistemic_modality,4,6029,train_fwer_plus_val_direction,15,-0.6030189394950867,-0.318779319524765,0.0004997501249375,True,True,1,1.4660250843397271,0.1916897296905517,5.071533109673848
25,epistemic_modality,5,6863,train_fwer_plus_val_direction,3,0.7317522168159485,0.3714672029018402,0.0004997501249375,True,True,1,1.4216977204574024,0.2170491218566894,4.314652252424744
26,evidentiality,1,11375,original_trainval_selected,10,0.8759427070617676,0.0279047414660453,0.0004997501249375,True,True,1,3.847660866349966,0.6482868045568466,12.843363147022057
26,evidentiality,2,9646,train_fwer_plus_val_direction,6,0.8776636123657227,0.0869390144944191,0.0004997501249375,True,True,1,3.535483223459389,0.6294192969799042,11.34631624412612
26,evidentiality,3,76,train_fwer_plus_val_direction,11,0.8719886541366577,0.0935607850551605,0.0004997501249375,True,True,1,3.0247040044261717,0.5836997330188751,9.291737958625289
26,evidentiality,4,6900,train_fwer_plus_val_direction,4,0.8795073628425598,0.760705828666687,0.0004997501249375,True,True,1,3.0171381028551987,0.5880035161972046,9.226918527698585
26,evidentiality,5,10641,train_fwer_plus_val_direction,8,0.876357913017273,0.7142457365989685,0.0004997501249375,True,True,1,2.576552113778845,0.5362297594547272,9.045357492400216
27,mirativity_stance_and_affect_marking,1,1887,original_trainval_selected,1,0.9746910333633424,0.8548627495765686,0.0004997501249375,True,True,1,1.3951621428089385,0.2760689854621887,6.082572253754622
27,mirativity_stance_and_affect_marking,2,6043,train_fwer_plus_val_direction,9,-0.9607529044151306,-0.9862663745880128,0.0004997501249375,True,True,1,1.057739432864959,0.0524451732635498,2.0083333640038217
27,mirativity_stance_and_affect_marking,3,8362,train_fwer_plus_val_direction,2,-0.9619462490081788,-0.9873464703559875,0.0004997501249375,True,True,1,1.0558685672690806,0.0508989095687866,1.9034117946679827
27,mirativity_stance_and_affect_marking,4,785,train_fwer_plus_val_direction,3,-0.9618512392044068,-0.9846693277359008,0.0004997501249375,True,True,1,1.0557590314214396,0.0507993698120117,1.8915454408198549
27,mirativity_stance_and_affect_marking,5,9535,train_fwer_plus_val_direction,4,-0.9617652297019958,-0.9866378307342528,0.0004997501249375,True,True,1,1.055671738433665,0.0507194995880126,1.8789446967397632
28,negation_and_polarity_structure,1,4382,original_trainval_selected,6,0.6044781804084778,0.2816453576087951,0.0004997501249375,True,True,1,2.149028944139654,0.3231984972953796,6.549802555459721
28,negation_and_polarity_structure,2,13008,train_fwer_plus_val_direction,4,0.6143609881401062,0.3488309681415558,0.0004997501249375,True,True,1,1.6973538548588438,0.2524087727069855,5.291940539212862
28,negation_and_polarity_structure,3,12169,train_fwer_plus_val_direction,10,-0.5663538575172424,-0.1516840457916259,0.0004997501249375,True,True,1,1.6554052971068425,0.2242298722267151,4.142522601135025
28,negation_and_polarity_structure,4,16131,train_fwer_plus_val_direction,11,0.5630006790161133,0.4096569418907165,0.0004997501249375,True,True,1,1.6505945049348327,0.2219110429286956,6.6256952809917635
28,negation_and_polarity_structure,5,3522,train_fwer_plus_val_direction,9,-0.5680692791938782,-0.3765927851200104,0.0004997501249375,True,True,1,1.5135722694783502,0.1927523612976074,4.137144793793854
29,quantifier_scope_and_distributivity,1,8551,original_trainval_selected,3,0.7004773616790771,0.4748110175132751,0.0004997501249375,True,True,1,1.2730067829077398,0.1502231359481811,4.381217975254093
29,quantifier_scope_and_distributivity,2,3720,train_fwer_plus_val_direction,9,0.6501227617263794,0.0784577950835228,0.0004997501249375,True,True,7,0.7136042219383224,-0.2609183192253113,0.9807202150926614
29,quantifier_scope_and_distributivity,3,12588,train_fwer_plus_val_direction,1,0.7267351150512695,0.2791279852390289,0.0004997501249375,True,True,8,0.7735318770763234,-0.2127673625946045,1.005963398467545
29,quantifier_scope_and_distributivity,4,14198,train_fwer_plus_val_direction,2,0.7042573094367981,0.5189616680145264,0.0004997501249375,True,True,9,0.7415926155295338,-0.2453979253768921,0.931160831726581
29,quantifier_scope_and_distributivity,5,14976,train_fwer_plus_val_direction,5,0.679252564907074,0.2803349196910858,0.0004997501249375,True,True,9,0.7400429324851086,-0.2386030554771423,0.9413995743858844
30,conditional_and_counterfactual_marking,1,15951,original_trainval_selected,17,0.7184366583824158,0.1789576262235641,0.0004997501249375,True,True,1,1.8750612238707176,0.335282951593399,6.88752941568957
30,conditional_and_counterfactual_marking,2,6546,train_fwer_plus_val_direction,2,0.8258181214332581,0.1002021208405494,0.0004997501249375,True,True,1,1.8642621799815429,0.3828449547290802,7.32751156496179
30,conditional_and_counterfactual_marking,3,10407,train_fwer_plus_val_direction,3,0.7863895297050476,0.1414213478565216,0.0004997501249375,True,True,1,1.7886208191002742,0.3467270135879516,6.67950030722432
30,conditional_and_counterfactual_marking,4,15938,train_fwer_plus_val_direction,1,0.8586918115615845,0.4985992014408111,0.0004997501249375,True,True,1,1.700768473576357,0.3538072109222412,5.393826219946942
30,conditional_and_counterfactual_marking,5,11810,train_fwer_plus_val_direction,18,0.7173345685005188,0.1414213478565216,0.0004997501249375,True,True,1,1.6875083911809223,0.2922495305538177,6.04119541653817
31,subordination_and_embedding,1,7643,original_trainval_selected,10,0.9267303943634032,0.91140878200531,0.0004997501249375,True,True,1,1.973788827737118,0.4572118818759918,5.136812013518638
31,subordination_and_embedding,2,11461,train_fwer_plus_val_direction,14,0.9137725234031676,0.9631659388542176,0.0004997501249375,True,True,1,1.4730190321916428,0.2934325933456421,5.785884752296816
31,subordination_and_embedding,3,2726,train_fwer_plus_val_direction,7,0.9437970519065856,0.9816505908966064,0.0004997501249375,True,True,1,1.4151908158158155,0.276892602443695,3.5016183299015204
31,subordination_and_embedding,4,13999,train_fwer_plus_val_direction,12,0.9166191816329956,0.8648797869682312,0.0004997501249375,True,True,1,1.4112190604786354,0.2670962214469909,5.832652319199314
31,subordination_and_embedding,5,3830,train_fwer_plus_val_direction,4,0.954775094985962,0.9880829453468324,0.0004997501249375,True,True,1,1.361009846938871,0.2532554864883423,5.099055985111691
32,quotation_and_reported_speech_structure,1,1754,original_trainval_selected,4,-0.8295131921768188,-0.8591980934143066,0.0004997501249375,True,True,1,2.7008488887245767,0.5223826467990875,10.187565801107908
32,quotation_and_reported_speech_structure,2,5496,train_fwer_plus_val_direction,15,-0.806846559047699,-0.7858017683029175,0.0004997501249375,True,True,1,2.5197638838048313,0.4866393506526947,8.329702676841238
32,quotation_and_reported_speech_structure,3,2323,train_fwer_plus_val_direction,2,-0.8311352133750916,-0.875400185585022,0.0004997501249375,True,True,1,2.452835399433711,0.4922885000705719,7.438290025978979
32,quotation_and_reported_speech_structure,4,15531,train_fwer_plus_val_direction,10,-0.816766083240509,-0.8443830013275146,0.0004997501249375,True,True,1,2.3367689806425735,0.4672381281852722,8.425564338728082
32,quotation_and_reported_speech_structure,5,11822,train_fwer_plus_val_direction,8,-0.8189233541488647,-0.8653619289398193,0.0004997501249375,True,True,1,1.74373718143974,0.3492864370346069,5.68515400715684
33,discourse_relation_marking,1,9728,original_trainval_selected,12,-0.8808950781822205,-0.1116095930337905,0.0004997501249375,True,True,3,0.9462949674398632,-0.0499933958053588,1.6148316345143643
33,discourse_relation_marking,2,9675,train_fwer_only,13,-0.8808785080909729,0.068820796906948,0.0004997501249375,True,False,3,0.9410267716575544,-0.0552037954330444,1.5928289248053835
33,discourse_relation_marking,3,4016,train_fwer_only,7,-0.881783127784729,0.170199766755104,0.0004997501249375,True,False,3,0.9345856751621404,-0.0617185235023498,1.5217942913422349
33,discourse_relation_marking,4,7036,train_fwer_only,2,-0.8826311826705933,0.0727877914905548,0.0004997501249375,True,False,3,0.921929824452178,-0.074742317199707,1.5137383456924194
33,discourse_relation_marking,5,2668,train_fwer_only,21,-0.8789948225021362,0.1647526770830154,0.0004997501249375,True,False,3,0.9214073538962114,-0.0749750137329101,1.5119813832399212
34,topic_comment_structure,1,10896,original_trainval_selected,22,-0.6802915930747986,-0.2903422713279724,0.0004997501249375,True,True,1,1.4702691833116046,0.2175929248332977,5.611407761895409
34,topic_comment_structure,2,6760,train_fwer_plus_val_direction,20,-0.6856691241264343,-0.4045546054840088,0.0004997501249375,True,True,1,1.2527807338941992,0.1383513808250427,5.1603499368571075
34,topic_comment_structure,3,2509,train_fwer_plus_val_direction,1,-0.8676437735557556,-0.5782672762870789,0.0004997501249375,True,True,1,1.2272102988009603,0.1606388092041015,4.387661712852083
34,topic_comment_structure,4,1302,train_fwer_plus_val_direction,4,0.7794960737228394,0.5337711572647095,0.0004997501249375,True,True,1,1.094299028610833,0.0671715140342712,3.1895626269563717
34,topic_comment_structure,5,11611,train_fwer_plus_val_direction,3,-0.7946255803108215,-0.5738545060157776,0.0004997501249375,True,True,1,1.0908503484409509,0.0661795735359191,2.7227642591312784
35,focus_and_given_new_marking,1,7136,original_trainval_selected,17,0.6991597414016724,0.4188220798969269,0.0004997501249375,True,True,1,1.3446213958875517,0.1791920065879821,4.566524154777627
35,focus_and_given_new_marking,2,15357,train_fwer_plus_val_direction,7,-0.7042022347450256,-0.1850019842386245,0.0004997501249375,True,True,1,1.313247719458777,0.1679726839065551,4.961007358525131
35,focus_and_given_new_marking,3,209,train_fwer_plus_val_direction,15,0.6999995708465576,0.1616352051496505,0.0004997501249375,True,True,1,1.2971052373188945,0.1603366732597351,4.605848707742998
35,focus_and_given_new_marking,4,8334,train_fwer_plus_val_direction,12,0.7021234035491943,0.3807081580162048,0.0004997501249375,True,True,1,1.1379464775627104,0.0851142406463623,4.22145975457123
35,focus_and_given_new_marking,5,3848,train_fwer_plus_val_direction,18,0.6990575790405273,0.680551290512085,0.0004997501249375,True,True,2,0.9818896635790686,-0.0128936767578125,3.52874890899298
36,genericity_and_kind_level_reference,1,5836,original_trainval_selected,5,0.3723295629024505,0.2329976558685302,0.0004997501249375,True,True,2,0.6125380761530906,-0.2355176508426666,2.1276478379800685
36,genericity_and_kind_level_reference,2,1858,train_fwer_plus_val_direction,7,0.3655546903610229,0.3438003659248352,0.0004997501249375,True,True,3,0.9010122631450784,-0.0401608645915985,2.808965484368138
36,genericity_and_kind_level_reference,3,13521,train_fwer_plus_val_direction,1,0.3883495926856994,0.303230732679367,0.0004997501249375,True,True,3,0.6500871498975244,-0.2090312242507934,1.6061115420255696
36,genericity_and_kind_level_reference,4,142,train_fwer_plus_val_direction,20,0.3381481468677521,0.3360438942909241,0.0004997501249375,True,True,4,0.6934358039954318,-0.1494934558868408,1.8217799546714817
36,genericity_and_kind_level_reference,5,2022,train_fwer_plus_val_direction,13,0.3484724462032318,0.3540540933609009,0.0004997501249375,True,True,5,0.6295904967805409,-0.2050181925296783,1.4977498487815428
37,social_deixis_honorifics_status_encoding,1,2081,original_trainval_selected,12,0.8197708129882812,0.4216081798076629,0.0004997501249375,True,True,1,2.770873284695797,0.523917943239212,10.901721731816718
37,social_deixis_honorifics_status_encoding,2,6025,train_fwer_plus_val_direction,17,0.7618224620819092,0.0650571286678314,0.0004997501249375,True,True,1,2.6226364357247074,0.4713428318500519,8.803439853344106
37,social_deixis_honorifics_status_encoding,3,2373,train_fwer_plus_val_direction,6,0.8767595887184143,0.8749803304672241,0.0004997501249375,True,True,1,1.6613776292522755,0.3490291237831116,5.604344603258463
37,social_deixis_honorifics_status_encoding,4,9261,train_fwer_plus_val_direction,8,0.8623298406600952,0.6055989265441895,0.0004997501249375,True,True,1,1.5419130344701235,0.3030701279640198,4.521449968715015
37,social_deixis_honorifics_status_encoding,5,3341,train_fwer_plus_val_direction,10,0.8244761228561401,0.740835428237915,0.0004997501249375,True,True,1,1.5107343902187027,0.2787308692932129,4.727332518110353
38,speech_act_force_and_request_directness,1,3396,original_trainval_selected,12,0.4395684003829956,0.0573147684335708,0.0004997501249375,True,True,1,1.5016185486613225,0.1468386650085449,3.8777542600909873
38,speech_act_force_and_request_directness,2,5707,train_fwer_plus_val_direction,8,0.4508524239063263,0.7154470086097717,0.0004997501249375,True,True,1,1.1261040911602511,0.0504876375198364,3.174357156183408
38,speech_act_force_and_request_directness,3,13976,train_fwer_plus_val_direction,15,0.4376081526279449,0.2388948202133178,0.0004997501249375,True,True,2,0.8736750907905675,-0.0632738769054412,2.0738055588160464
38,speech_act_force_and_request_directness,4,14406,train_fwer_plus_val_direction,20,0.4279492497444153,0.613838791847229,0.0004997501249375,True,True,3,0.8740642348246046,-0.0616592168807983,2.3948724665011945
38,speech_act_force_and_request_directness,5,2145,train_fwer_plus_val_direction,23,0.4255480766296386,0.0907284989953041,0.0004997501249375,True,True,3,0.7331987674435442,-0.1548512578010559,1.7093718082363538
39,deixis_and_perspective_anchoring,1,14441,original_trainval_selected,2,-0.7022145986557007,-0.3162277638912201,0.0004997501249375,True,True,1,2.0270274199657763,0.3557887971401214,6.014338246178006
39,deixis_and_perspective_anchoring,2,9622,train_fwer_plus_val_direction,1,-0.7627482414245605,-0.4721175134181976,0.0004997501249375,True,True,7,0.8834003091019393,-0.1006748676300048,1.482505154055611
39,deixis_and_perspective_anchoring,3,11602,train_fwer_only,7,-0.6252319812774658,0.0,0.0004997501249375,True,False,1,1.764503471763139,0.2708932161331177,6.351766978755706
39,deixis_and_perspective_anchoring,4,6132,train_fwer_only,8,-0.6227716207504272,0.0,0.0004997501249375,True,False,1,1.498058422043783,0.2070524394512176,5.240397742174966
39,deixis_and_perspective_anchoring,5,4923,train_fwer_only,3,0.6888219714164734,-0.4088878333568573,0.0004997501249375,True,False,3,0.8252463131928697,-0.1458645462989807,1.8167853247158432
40,orthographic_and_tokenization_interface,1,3132,original_trainval_selected,24,-0.4180063605308532,-0.1414213478565216,0.0004997501249375,True,True,3,0.8358437310495543,-0.0820947289466857,1.9909692010579765
40,orthographic_and_tokenization_interface,2,16180,train_fwer_plus_val_direction,21,-0.4308347105979919,-0.3856420516967773,0.0004997501249375,True,True,4,0.6228265780097676,-0.2609063386917114,1.4363905568572748
40,orthographic_and_tokenization_interface,3,9673,train_fwer_plus_val_direction,17,-0.4552224576473236,-0.1980896294116974,0.0004997501249375,True,True,5,0.7467144474557976,-0.1544114649295807,1.5045247190029127
40,orthographic_and_tokenization_interface,4,2602,train_fwer_plus_val_direction,14,-0.4717598557472229,-0.399207592010498,0.0004997501249375,True,True,6,0.7476976473194443,-0.1591901779174804,1.353334826098766
40,orthographic_and_tokenization_interface,5,12291,train_fwer_plus_val_direction,12,-0.486632764339447,-0.2040924131870269,0.0004997501249375,True,True,6,0.6461559294583124,-0.2664869427680969,1.1824749425288177
